{"organizations": [], "uuid": "d5a0101fe0b21954f794570199f723b55c468b7a", "thread": {"social": {"gplus": {"shares": 0}, "pinterest": {"shares": 0}, "vk": {"shares": 0}, "linkedin": {"shares": 0}, "facebook": {"likes": 0, "shares": 0, "comments": 0}, "stumbledupon": {"shares": 0}}, "site_full": "www.tripadvisor.com", "main_image": "https://media-cdn.tripadvisor.com/media/photo-s/0e/74/a0/82/king-executive-room.jpg", "site_section": "https://www.tripadvisor.com/Hotel_Review-g186338-d275581-Reviews-or10-Doubletree_by_Hilton_London_Westminster-London_England.html", "section_title": "Doubletree by Hilton London - Westminster - UPDATED 2017 Hotel Reviews &amp; Price Comparison (England) - TripAdvisor", "url": "https://www.tripadvisor.com/ShowUserReviews-g186338-d275581-r468882833-Doubletree_by_Hilton_London_Westminster-London_England.html", "country": "US", "domain_rank": 189, "title": "Thoroughly Average however awful bar!", "performance_score": 0, "site": "tripadvisor.com", "participants_count": 1, "title_full": "Thoroughly Average however awful bar! - Review of Doubletree by Hilton London - Westminster, London, England - TripAdvisor", "spam_score": 0.001, "site_type": "discussions", "published": "2017-03-20T02:00:00.000+02:00", "replies_count": 0, "uuid": "d5a0101fe0b21954f794570199f723b55c468b7a"}, "author": "Medic2015", "url": "https://www.tripadvisor.com/ShowUserReviews-g186338-d275581-r468882833-Doubletree_by_Hilton_London_Westminster-London_England.html", "ord_in_thread": 0, "title": "Thoroughly Average however awful bar!", "locations": [], "entities": {"persons": [], "locations": [], "organizations": []}, "highlightText": "", "language": "english", "persons": [], "text": "I stayed here on the 18th March by myself for business. This was my first time in the Doubletree Westminster, and I was looking forward to the stay. I had a queen room with lounge access. On check in, it took about 5 minutes to get to chat to the receptionist. On check in the receptions ( Bernadette) was absolutely lovely and excellent at her job, and advised me that the lounge was open. I checked in , and went to my room, which was a double with small bathroom, but very adequate, and the bed seemed comfortable. I went to the lounge on the first floor. On arrival it is a windowless room, which feels quite cramped. There is no spirits available, but free wine and beer is available from 6-7:30. The canapes were adequate, nothing special, but edible. The white wine ( Pinot Grigio) not so much, but the bottles of London pride were very drinkable.\nOn the closure of the lounge I decided with my friend who was also staying in the hotel to go to the bar where they had an offer of £6.95 fat frog cocktails. I ordered two of them at the bar and we watched them being made. They each comprised 1/3 of a small bottle of a cheaper version of blue WKD and a 1/3 of a small bottle of Smirnoff ice, with a dash of pineapple juice, and 8 ice cubes. This was completely a rip off! I made a comment to the barkeep who was unpleasant and less than helpful. We had our drink ( due to the small volume could it be defined as this...haha) and left.\nOn the nights sleep, it was quiet with a comfortable bed and an adequate bedroom. I would have rated it 3-4/5 however due to the awful bar service I could not do this. I had expected good things from this hotel, but there are multiple better Hilton and doubletree hotels in London at a similar price with better rooms, facilities and bar!", "external_links": [], "published": "2017-03-20T02:00:00.000+02:00", "crawled": "2017-03-31T22:05:53.297+03:00", "highlightTitle": ""}