{"organizations": [], "uuid": "e6dfd486e556727ca09a2d6930cdbda4b131d852", "thread": {"social": {"gplus": {"shares": 0}, "pinterest": {"shares": 0}, "vk": {"shares": 0}, "linkedin": {"shares": 0}, "facebook": {"likes": 0, "shares": 0, "comments": 0}, "stumbledupon": {"shares": 0}}, "site_full": "www.tripadvisor.com", "main_image": "https://media-cdn.tripadvisor.com/media/photo-s/07/07/de/35/hudson-hotel-new-york.jpg", "site_section": "https://www.tripadvisor.com/Hotel_Review-g60763-d223023-Reviews-or10-Hudson_Hotel_New_York-New_York_City_New_York.html", "section_title": "Hudson Hotel New York - UPDATED 2017 Reviews &amp; Price Comparison (New York City) - TripAdvisor", "url": "https://www.tripadvisor.com/ShowUserReviews-g60763-d223023-r469957466-Hudson_Hotel_New_York-New_York_City_New_York.html", "country": "US", "domain_rank": 189, "title": "Awful hotel, rude staff and a waste of money", "performance_score": 0, "site": "tripadvisor.com", "participants_count": 2, "title_full": "Awful hotel, rude staff and a waste of money - Review of Hudson Hotel New York, New York City, NY - TripAdvisor", "spam_score": 0.0, "site_type": "discussions", "published": "2017-03-24T03:00:00.000+03:00", "replies_count": 1, "uuid": "e6dfd486e556727ca09a2d6930cdbda4b131d852"}, "author": "Sun_shine7997", "url": "https://www.tripadvisor.com/ShowUserReviews-g60763-d223023-r469957466-Hudson_Hotel_New_York-New_York_City_New_York.html", "ord_in_thread": 0, "title": "Awful hotel, rude staff and a waste of money", "locations": [], "entities": {"persons": [], "locations": [], "organizations": []}, "highlightText": "", "language": "english", "persons": [], "text": "I've travelled all day from the uk and the second thing I'm doing is posting this. The first was having to pay an extra £100 a night to have a room that would actually fit two people.\nReception weren't overly helpful and the so called manager I woke to on the phone was even worse, If she's in charge it's no wonder things are bad. Especially when the bell boy knows not to give out her name.\nWe're here for 4 days for my daughters birthday and I'll be contacting BA in the morning in the hopes of escaping this place.\nSee the pics for the prison style room but even the stupidly expensive studio has a half bath that's ridiculously old and worn and chipped furnishings.\nNot the best start to what should be a celebratory trip but outside this nightmare building will make up for it and I'm hoping we won't be staying.\nPics below of the bathroom, so small it doesn't have a door, just like the wardrobe, the tv is mounted on the mirror at a 90 degree angle and the width of the room is pretty much the bed.\nThis really isn't the place to stay.", "external_links": ["https://static.tacdn.com/img2/x.gif"], "published": "2017-03-24T03:00:00.000+03:00", "crawled": "2017-03-29T16:02:33.249+03:00", "highlightTitle": ""}