{"organizations": [], "uuid": "c9c28d432cc36ae811ecb786cbd88d9f51e47f33", "thread": {"social": {"gplus": {"shares": 0}, "pinterest": {"shares": 0}, "vk": {"shares": 0}, "linkedin": {"shares": 0}, "facebook": {"likes": 0, "shares": 0, "comments": 0}, "stumbledupon": {"shares": 0}}, "site_full": "www.tripadvisor.com", "main_image": "https://media-cdn.tripadvisor.com/media/photo-s/07/07/e2/5e/broadway-at-times-square.jpg", "site_section": "https://www.tripadvisor.com/Hotel_Review-g60763-d112021-Reviews-or10-Broadway_at_Times_Square_Hotel-New_York_City_New_York.html", "section_title": "Broadway at Times Square Hotel - UPDATED 2017 Reviews &amp; Price Comparison (New York City) - TripAdvisor", "url": "https://www.tripadvisor.com/ShowUserReviews-g60763-d112021-r467537390-Broadway_at_Times_Square_Hotel-New_York_City_New_York.html", "country": "US", "domain_rank": 189, "title": "Watch the rates!!! They changed mine!", "performance_score": 0, "site": "tripadvisor.com", "participants_count": 2, "title_full": "Watch the rates!!! They changed mine! - Review of Broadway at Times Square Hotel, New York City, NY - TripAdvisor", "spam_score": 0.0, "site_type": "discussions", "published": "2017-03-15T02:00:00.000+02:00", "replies_count": 1, "uuid": "c9c28d432cc36ae811ecb786cbd88d9f51e47f33"}, "author": "Julie B", "url": "https://www.tripadvisor.com/ShowUserReviews-g60763-d112021-r467537390-Broadway_at_Times_Square_Hotel-New_York_City_New_York.html", "ord_in_thread": 0, "title": "Watch the rates!!! They changed mine!", "locations": [], "entities": {"persons": [], "locations": [], "organizations": []}, "highlightText": "", "language": "english", "persons": [], "text": "Hotel clean and well located. Typical size for NYC. A bit smaller than your \"normal\" room. Staff in housekeeping were wonderful . That said we were here during a blizzard and were met prior to the weather by a desk clerk who said he wasn't coming to work during the weather!? Made me feel very welcome....NOT! Then we we checked out 4 days later my rate had been increased from $159 to $210 for the last two nights. This wasn't what I was Quote: d. I could have stayed at a nicer hotel for those rates!!! Very disappointed.", "external_links": [], "published": "2017-03-15T02:00:00.000+02:00", "crawled": "2017-03-30T19:18:06.642+03:00", "highlightTitle": ""}