{"organizations": [], "uuid": "5965227c5db11e27bfcbd5b89a30e908c0c587e5", "thread": {"social": {"gplus": {"shares": 0}, "pinterest": {"shares": 0}, "vk": {"shares": 0}, "linkedin": {"shares": 0}, "facebook": {"likes": 0, "shares": 0, "comments": 0}, "stumbledupon": {"shares": 0}}, "site_full": "www.tripadvisor.com", "main_image": "https://media-cdn.tripadvisor.com/media/photo-s/0e/82/39/01/exterior.jpg", "site_section": "https://www.tripadvisor.com/Hotel_Review-g187147-d197424-Reviews-Novotel_Paris_Les_Halles-Paris_Ile_de_France.html", "section_title": "Novotel Paris Les Halles - UPDATED 2017 Hotel Reviews &amp; Price Comparison (France) - TripAdvisor", "url": "https://www.tripadvisor.com/ShowUserReviews-g187147-d197424-r466372206-Novotel_Paris_Les_Halles-Paris_Ile_de_France.html", "country": "US", "domain_rank": 189, "title": "Paris stay 10 March 2017", "performance_score": 0, "site": "tripadvisor.com", "participants_count": 1, "title_full": "Paris stay 10 March 2017 - Review of Novotel Paris Les Halles, Paris, France - TripAdvisor", "spam_score": 0.0, "site_type": "discussions", "published": "2017-03-11T02:00:00.000+02:00", "replies_count": 0, "uuid": "5965227c5db11e27bfcbd5b89a30e908c0c587e5"}, "author": "Ashish C", "url": "https://www.tripadvisor.com/ShowUserReviews-g187147-d197424-r466372206-Novotel_Paris_Les_Halles-Paris_Ile_de_France.html", "ord_in_thread": 0, "title": "Paris stay 10 March 2017", "locations": [], "entities": {"persons": [], "locations": [], "organizations": []}, "highlightText": "", "language": "english", "persons": [], "text": "Really disappointed and terrible experience. We were allocated standard room 138 with 4 bed configuration. Water kettle lid was broken, my wife got burnt due to that luckily no major injures but still burning and pain. Hotel didn't even bother to apologise for that. They offered to call the doctor (advised cost will be 18-20 euros)and didn't even reimburse with a execute as it is late and manager will have to look into this. Doctor costed us 130 euro when we were told 18-20 euro from Audrey (staff member responsible at that time). First advised that manager will not be available on the weekend and all kind of excuses as we can't reimburse.\nThe hotel staff member had smug smile on his face when we asked for reimbursement. It was so annoying as wife was still in pain and he said your room was upgraded (The reason for the room upgrade was AC wasn't working in the room do room was boiling even after turning the temperature to 5degrees for 5 hours still no change in room temperature and upgrade given was for 30 euro difference which can't compensate for the hotel negligence and the amount which we have to pay for hotel mistake)\nThe other hotel staff me advised that manager would be there at 7:00-7:30AM and we will have to talk to him.\nThis is our first Paris Novotel experience and it is so bad with the rudeness and smugness of the staff behaviour whereas Australian Novotel staff is really polite n comparison.", "external_links": [], "published": "2017-03-11T02:00:00.000+02:00", "crawled": "2017-03-27T04:42:46.182+03:00", "highlightTitle": ""}