{"organizations": [], "uuid": "7b9335a106ea8ba1882ede682e8299e43f29db0c", "thread": {"social": {"gplus": {"shares": 0}, "pinterest": {"shares": 0}, "vk": {"shares": 0}, "linkedin": {"shares": 0}, "facebook": {"likes": 0, "shares": 0, "comments": 0}, "stumbledupon": {"shares": 0}}, "site_full": "www.tripadvisor.com", "main_image": "https://media-cdn.tripadvisor.com/media/photo-s/07/44/f2/de/st-pancras-renaissance.jpg", "site_section": "https://www.tripadvisor.com/Hotel_Review-g186338-d1866705-Reviews-St_Pancras_Renaissance_Hotel_London-London_England.html", "section_title": "St. Pancras Renaissance Hotel London - UPDATED 2017 Reviews &amp; Price Comparison (England) - TripAdvisor", "url": "https://www.tripadvisor.com/ShowUserReviews-g186338-d1866705-r470871245-St_Pancras_Renaissance_Hotel_London-London_England.html", "country": "US", "domain_rank": 189, "title": "Mother's Day afternoon tea-terrible", "performance_score": 0, "site": "tripadvisor.com", "participants_count": 1, "title_full": "Mother's Day afternoon tea-terrible - Review of St. Pancras Renaissance Hotel London, London, England - TripAdvisor", "spam_score": 0.0, "site_type": "discussions", "published": "2017-03-28T03:00:00.000+03:00", "replies_count": 0, "uuid": "7b9335a106ea8ba1882ede682e8299e43f29db0c"}, "author": "Ninachesterton", "url": "https://www.tripadvisor.com/ShowUserReviews-g186338-d1866705-r470871245-St_Pancras_Renaissance_Hotel_London-London_England.html", "ord_in_thread": 0, "title": "Mother's Day afternoon tea-terrible", "locations": [], "entities": {"persons": [], "locations": [], "organizations": []}, "highlightText": "", "language": "english", "persons": [], "text": "I have just returned from afternoon tea at your hotel. I booked online the Hansom Lounge and were instead put in the utterly depressing 'royal suite'. It's obviously a multi purpose venue which was dressed for a wedding, but had no decorations anywhere, not even a tulip insight. There was no atmosphere, service was poor and we were served cold tea! Cakes were nice, but overall, terrible, 6/10. It was £38 pp and I wouldn't pay more than £7 out of choice.", "external_links": [], "published": "2017-03-28T03:00:00.000+03:00", "crawled": "2017-03-31T17:45:38.557+03:00", "highlightTitle": ""}