{"organizations": [], "uuid": "77b4b97a7567bbbd62a40d1c4dd7a532235f63d3", "thread": {"social": {"gplus": {"shares": 0}, "pinterest": {"shares": 0}, "vk": {"shares": 0}, "linkedin": {"shares": 0}, "facebook": {"likes": 0, "shares": 0, "comments": 0}, "stumbledupon": {"shares": 0}}, "site_full": "www.tripadvisor.com", "main_image": "https://media-cdn.tripadvisor.com/media/photo-s/0e/33/91/a8/exterior.jpg", "site_section": "https://www.tripadvisor.com/Hotel_Review-g60763-d1218792-Reviews-Hilton_Garden_Inn_New_York_West_35th_Street-New_York_City_New_York.html", "section_title": "Hilton Garden Inn New York/West 35th Street - UPDATED 2017 Hotel Reviews &amp; Price Comparison (New York City) - TripAdvisor", "url": "https://www.tripadvisor.com/ShowUserReviews-g60763-d1218792-r467979698-Hilton_Garden_Inn_New_York_West_35th_Street-New_York_City_New_York.html", "country": "US", "domain_rank": 189, "title": "Poor services", "performance_score": 0, "site": "tripadvisor.com", "participants_count": 2, "title_full": "Poor services - Review of Hilton Garden Inn New York/West 35th Street, New York City, NY - TripAdvisor", "spam_score": 0.0, "site_type": "discussions", "published": "2017-03-16T02:00:00.000+02:00", "replies_count": 1, "uuid": "77b4b97a7567bbbd62a40d1c4dd7a532235f63d3"}, "author": "petersB1904VO", "url": "https://www.tripadvisor.com/ShowUserReviews-g60763-d1218792-r467979698-Hilton_Garden_Inn_New_York_West_35th_Street-New_York_City_New_York.html", "ord_in_thread": 0, "title": "Poor services", "locations": [], "entities": {"persons": [], "locations": [], "organizations": []}, "highlightText": "", "language": "english", "persons": [], "text": "HH members don't look to be recognized when checking in or a smile from someone helping. Beware of parking cost as if you have a small SUV they will hit you with a higher price and you need to park the car. Disappointing and not what I expect from Hilton or have experience in the past.", "external_links": [], "published": "2017-03-16T02:00:00.000+02:00", "crawled": "2017-03-29T04:28:41.568+03:00", "highlightTitle": ""}