{"organizations": [], "uuid": "779bf4b8f55f95c14554a6bd61d82d7aa919055e", "thread": {"social": {"gplus": {"shares": 0}, "pinterest": {"shares": 0}, "vk": {"shares": 0}, "linkedin": {"shares": 0}, "facebook": {"likes": 0, "shares": 0, "comments": 0}, "stumbledupon": {"shares": 0}}, "site_full": "www.tripadvisor.com", "main_image": "https://media-cdn.tripadvisor.com/media/photo-s/0b/68/7d/42/exterior.jpg", "site_section": "https://www.tripadvisor.com/Hotel_Review-g187147-d578345-Reviews-Adagio_Access_Paris_Tour_Eiffel_Saint_Charles-Paris_Ile_de_France.html", "section_title": "Adagio Access Paris Tour Eiffel Saint Charles - UPDATED 2017 Hotel Reviews &amp; Price Comparison (France) - TripAdvisor", "url": "https://www.tripadvisor.com/ShowUserReviews-g187147-d578345-r452319538-Adagio_Access_Paris_Tour_Eiffel_Saint_Charles-Paris_Ile_de_France.html", "country": "US", "domain_rank": 189, "title": "mold smell throughout the hotel", "performance_score": 0, "site": "tripadvisor.com", "participants_count": 1, "title_full": "mold smell throughout the hotel - Review of Adagio Access Paris Tour Eiffel Saint Charles, Paris, France - TripAdvisor", "spam_score": 0.0, "site_type": "discussions", "published": "2017-03-01T02:00:00.000+02:00", "replies_count": 0, "uuid": "779bf4b8f55f95c14554a6bd61d82d7aa919055e"}, "author": "AnaD8011", "url": "https://www.tripadvisor.com/ShowUserReviews-g187147-d578345-r452319538-Adagio_Access_Paris_Tour_Eiffel_Saint_Charles-Paris_Ile_de_France.html", "ord_in_thread": 0, "title": "mold smell throughout the hotel", "locations": [], "entities": {"persons": [], "locations": [], "organizations": []}, "highlightText": "", "language": "english", "persons": [], "text": "The location is very good and the staff is friendly but everything else is a mess...\nIt is close to Eiffel Tour. It located 5 minutes walk from metro line.\nOld and Dirty Room, Uncleaned bathroom, Poor breakfast and a mold smell throughout the hotel.\nIn the first room that was allocated to us the bathroom was very small (if you want to open/close the bathroom door you should be in the bathtub). In the second room the bathroom was of normal size.\nVery slow WIFI\nOfficially the rooms were non-smoking but you can you could easily feel the smell of cigarettes coming from the rooms.", "external_links": [], "published": "2017-03-01T02:00:00.000+02:00", "crawled": "2017-03-27T07:53:20.477+03:00", "highlightTitle": ""}