{"organizations": [], "uuid": "b6de75fee8209a4017f4f73784bedc56bd20b001", "thread": {"social": {"gplus": {"shares": 0}, "pinterest": {"shares": 0}, "vk": {"shares": 0}, "linkedin": {"shares": 0}, "facebook": {"likes": 0, "shares": 0, "comments": 0}, "stumbledupon": {"shares": 0}}, "site_full": "www.tripadvisor.com", "main_image": "https://media-cdn.tripadvisor.com/media/photo-s/09/4b/34/1a/hotel-le-burgundy.jpg", "site_section": "https://www.tripadvisor.com/Hotel_Review-g187147-d198177-Reviews-Hotel_Le_Burgundy-Paris_Ile_de_France.html", "section_title": "Hotel Le Burgundy - UPDATED 2017 Reviews &amp; Price Comparison (Paris, France) - TripAdvisor", "url": "https://www.tripadvisor.com/ShowUserReviews-g187147-d198177-r463264050-Hotel_Le_Burgundy-Paris_Ile_de_France.html", "country": "US", "domain_rank": 189, "title": "Dangerous", "performance_score": 0, "site": "tripadvisor.com", "participants_count": 2, "title_full": "Dangerous - Review of Hotel Le Burgundy, Paris, France - TripAdvisor", "spam_score": 0.0, "site_type": "discussions", "published": "2017-02-27T02:00:00.000+02:00", "replies_count": 1, "uuid": "b6de75fee8209a4017f4f73784bedc56bd20b001"}, "author": "Vodochka", "url": "https://www.tripadvisor.com/ShowUserReviews-g187147-d198177-r463264050-Hotel_Le_Burgundy-Paris_Ile_de_France.html", "ord_in_thread": 0, "title": "Dangerous", "locations": [], "entities": {"persons": [], "locations": [], "organizations": []}, "highlightText": "", "language": "english", "persons": [], "text": "Terrible and dangerous. My husband lived 6 nights. The first morning he fail in the bathroom on the metallic (sharp) chair. Take OUT this chair from the bathroom ! Not a good hotel, did not like. . . .", "external_links": ["https://static.tacdn.com/img2/x.gif"], "published": "2017-02-27T02:00:00.000+02:00", "crawled": "2017-03-28T11:57:56.310+03:00", "highlightTitle": ""}