{"organizations": [], "uuid": "de499551c804363bcfe79811fe81698fb72ab0e3", "thread": {"social": {"gplus": {"shares": 0}, "pinterest": {"shares": 0}, "vk": {"shares": 0}, "linkedin": {"shares": 0}, "facebook": {"likes": 0, "shares": 0, "comments": 0}, "stumbledupon": {"shares": 0}}, "site_full": "www.tripadvisor.com", "main_image": "https://media-cdn.tripadvisor.com/media/photo-s/07/07/de/35/hudson-hotel-new-york.jpg", "site_section": "https://www.tripadvisor.com/Hotel_Review-g60763-d223023-Reviews-or10-Hudson_Hotel_New_York-New_York_City_New_York.html", "section_title": "Hudson Hotel New York - UPDATED 2017 Reviews &amp; Price Comparison (New York City) - TripAdvisor", "url": "https://www.tripadvisor.com/ShowUserReviews-g60763-d223023-r469923060-Hudson_Hotel_New_York-New_York_City_New_York.html", "country": "US", "domain_rank": 189, "title": "Bitter staff, small filthy rooms and no mini bar", "performance_score": 0, "site": "tripadvisor.com", "participants_count": 2, "title_full": "Bitter staff, small filthy rooms and no mini bar - Review of Hudson Hotel New York, New York City, NY - TripAdvisor", "spam_score": 0.0, "site_type": "discussions", "published": "2017-03-24T03:00:00.000+03:00", "replies_count": 1, "uuid": "de499551c804363bcfe79811fe81698fb72ab0e3"}, "author": "Eirik K", "url": "https://www.tripadvisor.com/ShowUserReviews-g60763-d223023-r469923060-Hudson_Hotel_New_York-New_York_City_New_York.html", "ord_in_thread": 0, "title": "Bitter staff, small filthy rooms and no mini bar", "locations": [], "entities": {"persons": [], "locations": [], "organizations": []}, "highlightText": "", "language": "english", "persons": [], "text": "Probably the worst hotel per dollar in upper Manhattan, small and dark rooms without any information about hotel services. Decent location and lobby, thats about it. Reconsider all other options before booking.", "external_links": [], "published": "2017-03-24T03:00:00.000+03:00", "crawled": "2017-03-29T16:03:11.834+03:00", "highlightTitle": ""}