{"organizations": [], "uuid": "344893d00f82c4428345c3c087ca08ac20deac23", "thread": {"social": {"gplus": {"shares": 0}, "pinterest": {"shares": 0}, "vk": {"shares": 0}, "linkedin": {"shares": 0}, "facebook": {"likes": 0, "shares": 0, "comments": 0}, "stumbledupon": {"shares": 0}}, "site_full": "www.tripadvisor.com", "main_image": "https://media-cdn.tripadvisor.com/media/photo-s/05/73/39/4d/row-nyc-exterior.jpg", "site_section": "https://www.tripadvisor.com/Hotel_Review-g60763-d1938661-Reviews-or10-Row_NYC_Hotel-New_York_City_New_York.html", "section_title": "Row NYC Hotel - UPDATED 2017 Reviews &amp; Price Comparison (New York City) - TripAdvisor", "url": "https://www.tripadvisor.com/ShowUserReviews-g60763-d1938661-r470669754-Row_NYC_Hotel-New_York_City_New_York.html", "country": "US", "domain_rank": 189, "title": "Poor Customer Service not expected from such a nice hotel in Times Square!", "performance_score": 0, "site": "tripadvisor.com", "participants_count": 1, "title_full": "Poor Customer Service not expected from such a nice hotel in Times Square! - Review of Row NYC Hotel, New York City, NY - TripAdvisor", "spam_score": 0.029, "site_type": "discussions", "published": "2017-03-27T03:00:00.000+03:00", "replies_count": 0, "uuid": "344893d00f82c4428345c3c087ca08ac20deac23"}, "author": "sleepdeprived415", "url": "https://www.tripadvisor.com/ShowUserReviews-g60763-d1938661-r470669754-Row_NYC_Hotel-New_York_City_New_York.html", "ord_in_thread": 0, "title": "Poor Customer Service not expected from such a nice hotel in Times Square!", "locations": [], "entities": {"persons": [], "locations": [], "organizations": []}, "highlightText": "", "language": "english", "persons": [], "text": "As stated earlier in review, Broken equipment in room kept my 13 daughter and I up all night.. The loud people coming home at night were more quiet than the Clanking heater! Told GM in morning who offered me to breakfast vouchers which we had already as did MANY guests. Not looking for a free night but being in sales myself, I know that to keep a customer and their recommendations a little added value goes a long way...", "external_links": [], "published": "2017-03-27T03:00:00.000+03:00", "crawled": "2017-03-29T07:05:19.945+03:00", "highlightTitle": ""}