{"organizations": [], "uuid": "ad67a75af1d8a96066089d776bd722d5fa1fb703", "thread": {"social": {"gplus": {"shares": 0}, "pinterest": {"shares": 0}, "vk": {"shares": 0}, "linkedin": {"shares": 0}, "facebook": {"likes": 0, "shares": 0, "comments": 0}, "stumbledupon": {"shares": 0}}, "site_full": "www.tripadvisor.com", "main_image": "https://media-cdn.tripadvisor.com/media/photo-s/05/73/0b/52/the-tuscany-a-st-giles.jpg", "site_section": "https://www.tripadvisor.com/Hotel_Review-g60763-d93431-Reviews-The_Tuscany_A_St_Giles_Signature_Hotel-New_York_City_New_York.html", "section_title": "The Tuscany - A St Giles Signature Hotel - UPDATED 2017 Reviews &amp; Price Comparison (New York City) - TripAdvisor", "url": "https://www.tripadvisor.com/ShowUserReviews-g60763-d93431-r470710749-The_Tuscany_A_St_Giles_Signature_Hotel-New_York_City_New_York.html", "country": "US", "domain_rank": 189, "title": "Got yelled at on a post-snowstorm morning.", "performance_score": 0, "site": "tripadvisor.com", "participants_count": 2, "title_full": "Got yelled at on a post-snowstorm morning. - Review of The Tuscany - A St Giles Signature Hotel, New York City, NY - TripAdvisor", "spam_score": 0.0, "site_type": "discussions", "published": "2017-03-27T03:00:00.000+03:00", "replies_count": 1, "uuid": "ad67a75af1d8a96066089d776bd722d5fa1fb703"}, "author": "nuyuix", "url": "https://www.tripadvisor.com/ShowUserReviews-g60763-d93431-r470710749-The_Tuscany_A_St_Giles_Signature_Hotel-New_York_City_New_York.html", "ord_in_thread": 0, "title": "Got yelled at on a post-snowstorm morning.", "locations": [], "entities": {"persons": [], "locations": [], "organizations": []}, "highlightText": "", "language": "english", "persons": [], "text": "We wanted to deposit our luggage at the hotel but were not aware that the hotel wasn't able to store luggage for more than 1 day due to security reasons. While we were disappointed (imagine hearing that after lugging the luggage for 15 mins on the snowy/icy roads), we can understand the rationale and did NOT dispute.\nWhat we didn't understand or appreciate was the lady raising her voice the whole time. It was humilating as there were other guests at the lobby then. We left the hotel and went back because I thought I had left my gloves there (it was under 0°c) but guess what was the response from the same lady who yelled? \"No, it can't be here.\" That's very helpful.\nNeedless to say, I cancelled my booking because I'm on a holiday and simply don't deserve such a treatment.", "external_links": [], "published": "2017-03-27T03:00:00.000+03:00", "crawled": "2017-03-31T07:59:08.952+03:00", "highlightTitle": ""}