{"organizations": [], "uuid": "f73a5ca5921a488dfebfc3de9492066b3765ec6a", "thread": {"social": {"gplus": {"shares": 0}, "pinterest": {"shares": 0}, "vk": {"shares": 0}, "linkedin": {"shares": 0}, "facebook": {"likes": 0, "shares": 0, "comments": 0}, "stumbledupon": {"shares": 0}}, "site_full": "www.tripadvisor.com", "main_image": "https://media-cdn.tripadvisor.com/media/photo-s/05/00/0b/66/nylo-new-york-city.jpg", "site_section": "https://www.tripadvisor.com/Hotel_Review-g60763-d99288-Reviews-or20-NYLO_New_York_City-New_York_City_New_York.html", "section_title": "NYLO New York City - UPDATED 2017 Hotel Reviews &amp; Price Comparison - TripAdvisor", "url": "https://www.tripadvisor.com/ShowUserReviews-g60763-d99288-r469909516-NYLO_New_York_City-New_York_City_New_York.html", "country": "US", "domain_rank": 189, "title": "Reservation Error", "performance_score": 0, "site": "tripadvisor.com", "participants_count": 2, "title_full": "Reservation Error - Review of NYLO New York City, New York City, NY - TripAdvisor", "spam_score": 0.0, "site_type": "discussions", "published": "2017-03-24T03:00:00.000+03:00", "replies_count": 1, "uuid": "f73a5ca5921a488dfebfc3de9492066b3765ec6a"}, "author": "robertbC2583LN", "url": "https://www.tripadvisor.com/ShowUserReviews-g60763-d99288-r469909516-NYLO_New_York_City-New_York_City_New_York.html", "ord_in_thread": 0, "title": "Reservation Error", "locations": [], "entities": {"persons": [], "locations": [], "organizations": []}, "highlightText": "", "language": "english", "persons": [], "text": "Staff communication skills and ability to quickly and effectively resolve major issues were poor. I've never experienced a situation like this where I was made to feel responsible for communicating the issue to SEVERAL staff members who continued to send me to other staff members- I didn't have the time or energy- ESPECIALLY to resolve an issue caused by staff negligence", "external_links": [], "published": "2017-03-24T03:00:00.000+03:00", "crawled": "2017-03-30T02:20:31.651+03:00", "highlightTitle": ""}