{"organizations": [], "uuid": "e8c709694daeaa9238933b47cdb6a8f37f75f4f4", "thread": {"social": {"gplus": {"shares": 0}, "pinterest": {"shares": 0}, "vk": {"shares": 0}, "linkedin": {"shares": 0}, "facebook": {"likes": 0, "shares": 0, "comments": 0}, "stumbledupon": {"shares": 0}}, "site_full": "www.tripadvisor.com", "main_image": "https://media-cdn.tripadvisor.com/media/photo-s/0e/82/25/a9/double-room-guest-room.jpg", "site_section": "https://www.tripadvisor.com/Hotel_Review-g186338-d569244-Reviews-Holiday_Inn_Express_Earls_Court-London_England.html", "section_title": "Holiday Inn Express Earls Court - UPDATED 2017 Hotel Reviews &amp; Price Comparison (London, England) - TripAdvisor", "url": "https://www.tripadvisor.com/ShowUserReviews-g186338-d569244-r469565087-Holiday_Inn_Express_Earls_Court-London_England.html", "country": "US", "domain_rank": 189, "title": "Not as advertised", "performance_score": 0, "site": "tripadvisor.com", "participants_count": 2, "title_full": "Not as advertised - Review of Holiday Inn Express Earls Court, London, England - TripAdvisor", "spam_score": 0.0, "site_type": "discussions", "published": "2017-03-23T02:00:00.000+02:00", "replies_count": 1, "uuid": "e8c709694daeaa9238933b47cdb6a8f37f75f4f4"}, "author": "Ruth N", "url": "https://www.tripadvisor.com/ShowUserReviews-g186338-d569244-r469565087-Holiday_Inn_Express_Earls_Court-London_England.html", "ord_in_thread": 0, "title": "Not as advertised", "locations": [], "entities": {"persons": [], "locations": [], "organizations": []}, "highlightText": "", "language": "english", "persons": [], "text": "Stay at Earls court Holiday inn\nArrived on the 22 March was told close to Earls court not true we had a 30.minute walk from the tube with our luggage. Missing towel phoned for towel none brought to us A 20.minute bus ride just to catch a tour bus. Smoke alarm went off early this morning no one came to check it out. So disappointed in this hotel and location. Would not recommend or stay here again.", "external_links": [], "published": "2017-03-23T02:00:00.000+02:00", "crawled": "2017-03-31T21:46:02.266+03:00", "highlightTitle": ""}