{"organizations": [], "uuid": "ee41f48f956926a1e981289b5a6858e65c6e09d6", "thread": {"social": {"gplus": {"shares": 0}, "pinterest": {"shares": 0}, "vk": {"shares": 0}, "linkedin": {"shares": 0}, "facebook": {"likes": 0, "shares": 0, "comments": 0}, "stumbledupon": {"shares": 0}}, "site_full": "www.tripadvisor.com", "main_image": "https://media-cdn.tripadvisor.com/media/photo-s/0e/81/d4/15/hotel-exterior.jpg", "site_section": "https://www.tripadvisor.com/Hotel_Review-g60763-d208453-Reviews-or20-Hilton_Times_Square-New_York_City_New_York.html", "section_title": "Hilton Times Square - UPDATED 2017 Hotel Reviews &amp; Price Comparison (New York City) - TripAdvisor", "url": "https://www.tripadvisor.com/ShowUserReviews-g60763-d208453-r468284829-Hilton_Times_Square-New_York_City_New_York.html", "country": "US", "domain_rank": 189, "title": "Big surprise at this Hilton -", "performance_score": 0, "site": "tripadvisor.com", "participants_count": 2, "title_full": "Big surprise at this Hilton - Review of Hilton Times Square, New York City, NY - TripAdvisor", "spam_score": 0.019, "site_type": "discussions", "published": "2017-03-18T02:00:00.000+02:00", "replies_count": 1, "uuid": "ee41f48f956926a1e981289b5a6858e65c6e09d6"}, "author": "McGuireTrips", "url": "https://www.tripadvisor.com/ShowUserReviews-g60763-d208453-r468284829-Hilton_Times_Square-New_York_City_New_York.html", "ord_in_thread": 0, "title": "Big surprise at this Hilton -", "locations": [], "entities": {"persons": [], "locations": [], "organizations": []}, "highlightText": "", "language": "english", "persons": [], "text": "So you check into a Hilton expecting a high quality, no-surprises comfortable stay, but at this particular one there is no room service. I was not warned of this in my reservation, nor at the front desk when I checked in. So when I got comfortable, took a shower and went to order something, I was very disappointed mostly because nobody told me about this beforehand. I love room service, so now I'm going to be very careful with this brand.", "external_links": [], "published": "2017-03-18T02:00:00.000+02:00", "crawled": "2017-03-29T04:47:11.490+03:00", "highlightTitle": ""}