{"organizations": [], "uuid": "7fbd6157c421e9a4a57d72e64ea7e52e96dc2ca0", "thread": {"social": {"gplus": {"shares": 0}, "pinterest": {"shares": 0}, "vk": {"shares": 0}, "linkedin": {"shares": 0}, "facebook": {"likes": 0, "shares": 0, "comments": 0}, "stumbledupon": {"shares": 0}}, "site_full": "www.tripadvisor.com", "main_image": "https://media-cdn.tripadvisor.com/media/photo-s/07/93/fb/ab/reception.jpg", "site_section": "https://www.tripadvisor.com/Hotel_Review-g187147-d228784-Reviews-Ibis_Styles_Paris_Voltaire_Republique-Paris_Ile_de_France.html", "section_title": "Ibis Styles Paris Voltaire Republique - UPDATED 2017 Hotel Reviews &amp; Price Comparison (France) - TripAdvisor", "url": "https://www.tripadvisor.com/ShowUserReviews-g187147-d228784-r470218933-Ibis_Styles_Paris_Voltaire_Republique-Paris_Ile_de_France.html", "country": "US", "domain_rank": 189, "title": "Very small room", "performance_score": 0, "site": "tripadvisor.com", "participants_count": 1, "title_full": "Very small room - Review of Ibis Styles Paris Voltaire Republique, Paris, France - TripAdvisor", "spam_score": 0.029, "site_type": "discussions", "published": "2017-03-26T03:00:00.000+03:00", "replies_count": 0, "uuid": "7fbd6157c421e9a4a57d72e64ea7e52e96dc2ca0"}, "author": "R3812WMbenjaminp", "url": "https://www.tripadvisor.com/ShowUserReviews-g187147-d228784-r470218933-Ibis_Styles_Paris_Voltaire_Republique-Paris_Ile_de_France.html", "ord_in_thread": 0, "title": "Very small room", "locations": [], "entities": {"persons": [], "locations": [], "organizations": []}, "highlightText": "", "language": "english", "persons": [], "text": "The overall quality of the hotel was good. However, the bedroom and shower room was tiny.\nThe receptionist was not very helpful and actually forgot to do a few things that I asked him during our stay.\nI would not stay here again.", "external_links": [], "published": "2017-03-26T03:00:00.000+03:00", "crawled": "2017-03-28T07:19:14.533+03:00", "highlightTitle": ""}