{"organizations": [], "uuid": "4e2c5d1abda99161b727997c4ff56f82843ef4c8", "thread": {"social": {"gplus": {"shares": 0}, "pinterest": {"shares": 0}, "vk": {"shares": 0}, "linkedin": {"shares": 0}, "facebook": {"likes": 0, "shares": 0, "comments": 0}, "stumbledupon": {"shares": 0}}, "site_full": "www.tripadvisor.com", "main_image": "https://media-cdn.tripadvisor.com/media/photo-s/05/ff/a2/1a/paramount-hotel-times.jpg", "site_section": "https://www.tripadvisor.com/Hotel_Review-g60763-d93517-Reviews-Paramount_Hotel_Times_Square_New_York-New_York_City_New_York.html", "section_title": "Paramount Hotel Times Square New York - UPDATED 2017 Reviews &amp; Price Comparison (New York City) - TripAdvisor", "url": "https://www.tripadvisor.com/ShowUserReviews-g60763-d93517-r471202635-Paramount_Hotel_Times_Square_New_York-New_York_City_New_York.html", "country": "US", "domain_rank": 189, "title": "Pictures are Deceiving", "performance_score": 0, "site": "tripadvisor.com", "participants_count": 1, "title_full": "Pictures are Deceiving - Review of Paramount Hotel Times Square New York, New York City, NY - TripAdvisor", "spam_score": 0.0, "site_type": "discussions", "published": "2017-03-29T03:00:00.000+03:00", "replies_count": 0, "uuid": "4e2c5d1abda99161b727997c4ff56f82843ef4c8"}, "author": "Taylor E", "url": "https://www.tripadvisor.com/ShowUserReviews-g60763-d93517-r471202635-Paramount_Hotel_Times_Square_New_York-New_York_City_New_York.html", "ord_in_thread": 0, "title": "Pictures are Deceiving", "locations": [], "entities": {"persons": [], "locations": [], "organizations": []}, "highlightText": "", "language": "english", "persons": [], "text": "My fiancé booked this hotel for our engagement-moon. After showing me the hotel online, we were extremely excited. When we entered our room our first thought was that the online pictures (specifically the rooms) were *extremely* deceiving. Our room was MUCH smaller than we expected (you could practically touch all the walls from the bed) and was not nearly as fresh or stylish as it appeared online. Our toilet leaked and had to be fixed. The desk and radiator were dirty and would have benefited greatly from a wipe down. Our room was HOT and despite us turning on the AC (which will not go below 65 or it will freeze the unit) it remained a balmy 76 (sometimes 77) degrees for our entire stay. There wasn't a mini bar or even a single bottled water in our room. Twice our phone rang - once very late at night and once very early with no one on the other line. A girlfriend attempted to send champagne to our room and was unable to make contact with anyone to accommodate her request. Will not be returning to Paramount Hotel Times Square.", "external_links": [], "published": "2017-03-29T03:00:00.000+03:00", "crawled": "2017-03-30T19:02:29.140+03:00", "highlightTitle": ""}