{"organizations": [], "uuid": "a702c320952f81fe534bb22004e10207f157c694", "thread": {"social": {"gplus": {"shares": 0}, "pinterest": {"shares": 0}, "vk": {"shares": 0}, "linkedin": {"shares": 0}, "facebook": {"likes": 0, "shares": 0, "comments": 0}, "stumbledupon": {"shares": 0}}, "site_full": "www.tripadvisor.com", "main_image": "https://media-cdn.tripadvisor.com/media/photo-s/08/4a/2e/71/pullman-paris-centre.jpg", "site_section": "https://www.tripadvisor.com/Hotel_Review-g187147-d207838-Reviews-Pullman_Paris_Centre_Bercy-Paris_Ile_de_France.html", "section_title": "Pullman Paris Centre - Bercy - UPDATED 2017 Hotel Reviews &amp; Price Comparison (France) - TripAdvisor", "url": "https://www.tripadvisor.com/ShowUserReviews-g187147-d207838-r470639772-Pullman_Paris_Centre_Bercy-Paris_Ile_de_France.html", "country": "US", "domain_rank": 189, "title": "stayed for a business trip in March, 2017", "performance_score": 0, "site": "tripadvisor.com", "participants_count": 1, "title_full": "stayed for a business trip in March, 2017 - Review of Pullman Paris Centre - Bercy, Paris, France - TripAdvisor", "spam_score": 0.0, "site_type": "discussions", "published": "2017-03-27T03:00:00.000+03:00", "replies_count": 0, "uuid": "a702c320952f81fe534bb22004e10207f157c694"}, "author": "Galyna2017", "url": "https://www.tripadvisor.com/ShowUserReviews-g187147-d207838-r470639772-Pullman_Paris_Centre_Bercy-Paris_Ile_de_France.html", "ord_in_thread": 0, "title": "stayed for a business trip in March, 2017", "locations": [], "entities": {"persons": [], "locations": [], "organizations": []}, "highlightText": "", "language": "english", "persons": [], "text": "very noisy, the window didnot closed properly, something was broken. air conditioner was not working. after asking at Reception to fix or change the room. pretty girl said they would do something but nothing happened. After second request to another receptionist two men spent the whole day in the room trying to fix, I had to spend time outside, After coming back in the evening it still was not working, at Reception I heard again the same from the very begininng: we'll try to do something.\nAnother man came and fixed living room dirty.\nThe whole day the room could not be used, I had to go up and down several times to ask for help.\nI saw the first time such type of service despitet travelling a lot.", "external_links": [], "published": "2017-03-27T03:00:00.000+03:00", "crawled": "2017-03-29T20:14:28.542+03:00", "highlightTitle": ""}