{"organizations": [], "uuid": "d4eea1e2d5c320ac36d78572be7ac3cebb6cb021", "thread": {"social": {"gplus": {"shares": 0}, "pinterest": {"shares": 0}, "vk": {"shares": 0}, "linkedin": {"shares": 0}, "facebook": {"likes": 0, "shares": 0, "comments": 0}, "stumbledupon": {"shares": 0}}, "site_full": "www.tripadvisor.com", "main_image": "https://media-cdn.tripadvisor.com/media/photo-s/02/8f/ac/63/filename-cy-monel-8232.jpg", "site_section": "https://www.tripadvisor.com/Hotel_Review-g187147-d232541-Reviews-Hotel_Aiglon_Esprit_de_France-Paris_Ile_de_France.html", "section_title": "Hotel Aiglon - Esprit de France - UPDATED 2017 Reviews &amp; Price Comparison (Paris) - TripAdvisor", "url": "https://www.tripadvisor.com/ShowUserReviews-g187147-d232541-r465445634-Hotel_Aiglon_Esprit_de_France-Paris_Ile_de_France.html", "country": "US", "domain_rank": 189, "title": "Poor", "performance_score": 0, "site": "tripadvisor.com", "participants_count": 1, "title_full": "Poor - Review of Hotel Aiglon - Esprit de France, Paris, France - TripAdvisor", "spam_score": 0.008, "site_type": "discussions", "published": "2017-03-07T02:00:00.000+02:00", "replies_count": 0, "uuid": "d4eea1e2d5c320ac36d78572be7ac3cebb6cb021"}, "author": "amirh0ssein", "url": "https://www.tripadvisor.com/ShowUserReviews-g187147-d232541-r465445634-Hotel_Aiglon_Esprit_de_France-Paris_Ile_de_France.html", "ord_in_thread": 0, "title": "Poor", "locations": [], "entities": {"persons": [], "locations": [], "organizations": []}, "highlightText": "", "language": "english", "persons": [], "text": "Clean but very small room for 3 persons, we could not even move on the room. Breakfast was good,\nWe just booked this hotel for one night and was not enjoyable at all\nThere is some good restaurants outside", "external_links": [], "published": "2017-03-07T02:00:00.000+02:00", "crawled": "2017-03-27T04:31:10.354+03:00", "highlightTitle": ""}