{"organizations": [], "uuid": "c07621de7e951704b5df1fbff515e0e9a752486d", "thread": {"social": {"gplus": {"shares": 0}, "pinterest": {"shares": 0}, "vk": {"shares": 0}, "linkedin": {"shares": 0}, "facebook": {"likes": 0, "shares": 0, "comments": 0}, "stumbledupon": {"shares": 0}}, "site_full": "www.tripadvisor.com", "main_image": "https://media-cdn.tripadvisor.com/media/photo-s/04/87/98/3f/exterior.jpg", "site_section": "https://www.tripadvisor.com/Hotel_Review-g60763-d224223-Reviews-Nyma_the_New_York_Manhattan_Hotel-New_York_City_New_York.html", "section_title": "nyma, the New York Manhattan Hotel - UPDATED 2017 Reviews &amp; Price Comparison (New York City) - TripAdvisor", "url": "https://www.tripadvisor.com/ShowUserReviews-g60763-d224223-r467428090-Nyma_the_New_York_Manhattan_Hotel-New_York_City_New_York.html", "country": "US", "domain_rank": 189, "title": "Over Rated Hotel", "performance_score": 0, "site": "tripadvisor.com", "participants_count": 2, "title_full": "Over Rated Hotel - Review of nyma, the New York Manhattan Hotel, New York City, NY - TripAdvisor", "spam_score": 0.0, "site_type": "discussions", "published": "2017-03-14T02:00:00.000+02:00", "replies_count": 1, "uuid": "c07621de7e951704b5df1fbff515e0e9a752486d"}, "author": "r12bam", "url": "https://www.tripadvisor.com/ShowUserReviews-g60763-d224223-r467428090-Nyma_the_New_York_Manhattan_Hotel-New_York_City_New_York.html", "ord_in_thread": 0, "title": "Over Rated Hotel", "locations": [], "entities": {"persons": [], "locations": [], "organizations": []}, "highlightText": "", "language": "english", "persons": [], "text": "Great location 5 minutes away to Time Square Garden right behind empire state building. 17th floor deck bar such a cool place to hang out.\ncheck in process was very disappointing after a 18 hours flight exhausted booking was no where to be found. Front desk staff that morning were not accomodating at all. And rude i checked in march 11 2017\nRooms are spacious however hallway stinks\nroom is booked with complimentary breakfast not bad at all but dining area is the worst ever. Will not recommended at all. I know new yorks hotels are pricey but this hotel does not worth it at all", "external_links": [], "published": "2017-03-14T02:00:00.000+02:00", "crawled": "2017-03-30T19:37:08.992+03:00", "highlightTitle": ""}