{"organizations": [], "uuid": "a30bda9f9b3e562f95bef93c5f70943691d833c3", "thread": {"social": {"gplus": {"shares": 0}, "pinterest": {"shares": 0}, "vk": {"shares": 0}, "linkedin": {"shares": 0}, "facebook": {"likes": 0, "shares": 0, "comments": 0}, "stumbledupon": {"shares": 0}}, "site_full": "www.tripadvisor.com", "main_image": "https://media-cdn.tripadvisor.com/media/photo-s/02/ef/be/81/the-ampersand-hotel.jpg", "site_section": "https://www.tripadvisor.com/Hotel_Review-g186338-d2554997-Reviews-or20-The_Ampersand_Hotel-London_England.html", "section_title": "The Ampersand Hotel - UPDATED 2017 Reviews &amp; Price Comparison (London, England) - TripAdvisor", "url": "https://www.tripadvisor.com/ShowUserReviews-g186338-d2554997-r465810473-The_Ampersand_Hotel-London_England.html", "country": "US", "domain_rank": 189, "title": "Bit of a disappointment", "performance_score": 0, "site": "tripadvisor.com", "participants_count": 2, "title_full": "Bit of a disappointment - Review of The Ampersand Hotel, London, England - TripAdvisor", "spam_score": 0.045, "site_type": "discussions", "published": "2017-03-09T02:00:00.000+02:00", "replies_count": 1, "uuid": "a30bda9f9b3e562f95bef93c5f70943691d833c3"}, "author": "MayHol", "url": "https://www.tripadvisor.com/ShowUserReviews-g186338-d2554997-r465810473-The_Ampersand_Hotel-London_England.html", "ord_in_thread": 0, "title": "Bit of a disappointment", "locations": [], "entities": {"persons": [], "locations": [], "organizations": []}, "highlightText": "", "language": "english", "persons": [], "text": "Nice hotel, rooms are nice but had to ask multiple times for an iron ( a pretty simple request) and over priced for what it is.\nI would expect better service from a hotel of this level, in terms of pricing, when you are above 200 per night I would expect more attention to detail.", "external_links": [], "published": "2017-03-09T02:00:00.000+02:00", "crawled": "2017-03-31T16:28:01.708+03:00", "highlightTitle": ""}