{"organizations": [], "uuid": "01191b8e56e64fa4c219df93e15ae50ae45f223f", "thread": {"social": {"gplus": {"shares": 0}, "pinterest": {"shares": 0}, "vk": {"shares": 0}, "linkedin": {"shares": 0}, "facebook": {"likes": 0, "shares": 0, "comments": 0}, "stumbledupon": {"shares": 0}}, "site_full": "www.tripadvisor.com", "main_image": "https://media-cdn.tripadvisor.com/media/photo-s/05/73/39/4d/row-nyc-exterior.jpg", "site_section": "https://www.tripadvisor.com/Hotel_Review-g60763-d1938661-Reviews-Row_NYC_Hotel-New_York_City_New_York.html", "section_title": "Row NYC Hotel - UPDATED 2017 Reviews &amp; Price Comparison (New York City) - TripAdvisor", "url": "https://www.tripadvisor.com/ShowUserReviews-g60763-d1938661-r470856491-Row_NYC_Hotel-New_York_City_New_York.html", "country": "US", "domain_rank": 189, "title": "Could of done better", "performance_score": 0, "site": "tripadvisor.com", "participants_count": 1, "title_full": "Could of done better - Review of Row NYC Hotel, New York City, NY - TripAdvisor", "spam_score": 0.121, "site_type": "discussions", "published": "2017-03-28T03:00:00.000+03:00", "replies_count": 0, "uuid": "01191b8e56e64fa4c219df93e15ae50ae45f223f"}, "author": "litiashat", "url": "https://www.tripadvisor.com/ShowUserReviews-g60763-d1938661-r470856491-Row_NYC_Hotel-New_York_City_New_York.html", "ord_in_thread": 0, "title": "Could of done better", "locations": [], "entities": {"persons": [], "locations": [], "organizations": []}, "highlightText": "", "language": "english", "persons": [], "text": "This was my first time in New York. What I thought would be the best vacation ever since I had done my research turnt out to be not so great I was hit with extra hotel fees I wasn't told about 35 dollars a day for Internet which came out to 119 which took away from shopping my shower head came off while taking a shower and the tv was going in and out for 4 days I wouldn't recommend this hotel to anyone .... the staff was very nice and polite great location but it wasn't worth the money .... sorry", "external_links": [], "published": "2017-03-28T03:00:00.000+03:00", "crawled": "2017-03-29T07:01:47.791+03:00", "highlightTitle": ""}