{"organizations": [], "uuid": "497b7be22fef462da50e5b5c5dde608ece20187a", "thread": {"social": {"gplus": {"shares": 0}, "pinterest": {"shares": 0}, "vk": {"shares": 0}, "linkedin": {"shares": 0}, "facebook": {"likes": 0, "shares": 0, "comments": 0}, "stumbledupon": {"shares": 0}}, "site_full": "www.tripadvisor.com", "main_image": "https://media-cdn.tripadvisor.com/media/photo-s/0b/48/8c/57/chambre-class-vue-tour.jpg", "site_section": "https://www.tripadvisor.com/Hotel_Review-g187147-d290385-Reviews-Hotel_Le_Walt-Paris_Ile_de_France.html", "section_title": "Hotel Le Walt - UPDATED 2017 Reviews &amp; Price Comparison (Paris, France) - TripAdvisor", "url": "https://www.tripadvisor.com/ShowUserReviews-g187147-d290385-r458214364-Hotel_Le_Walt-Paris_Ile_de_France.html", "country": "US", "domain_rank": 189, "title": "Loud!!!", "performance_score": 0, "site": "tripadvisor.com", "participants_count": 1, "title_full": "Loud!!! - Review of Hotel Le Walt, Paris, France - TripAdvisor", "spam_score": 0.001, "site_type": "discussions", "published": "2017-03-06T02:00:00.000+02:00", "replies_count": 0, "uuid": "497b7be22fef462da50e5b5c5dde608ece20187a"}, "author": "JC0471", "url": "https://www.tripadvisor.com/ShowUserReviews-g187147-d290385-r458214364-Hotel_Le_Walt-Paris_Ile_de_France.html", "ord_in_thread": 0, "title": "Loud!!!", "locations": [], "entities": {"persons": [], "locations": [], "organizations": []}, "highlightText": "", "language": "english", "persons": [], "text": "Noise in the room was unbearable. When I mentioned the problem to the hotel staff in the morning they only said I should have called down to reception. Otherwise this a nice hotel with a good location, comfortable bed, and high end bath products. If it wasn't for the noise issues I'd give it four stars.", "external_links": [], "published": "2017-03-06T02:00:00.000+02:00", "crawled": "2017-03-27T05:46:56.093+03:00", "highlightTitle": ""}