{"organizations": [], "uuid": "523201547445083ba49ca0840352e78eb1d781b9", "thread": {"social": {"gplus": {"shares": 0}, "pinterest": {"shares": 0}, "vk": {"shares": 0}, "linkedin": {"shares": 0}, "facebook": {"likes": 0, "shares": 0, "comments": 0}, "stumbledupon": {"shares": 0}}, "site_full": "www.tripadvisor.com", "main_image": "https://media-cdn.tripadvisor.com/media/photo-s/01/18/c9/00/room.jpg", "site_section": "https://www.tripadvisor.com/Hotel_Review-g187147-d242711-Reviews-Kyriad_Paris_10_Gare_Du_Nord-Paris_Ile_de_France.html", "section_title": "Kyriad Paris 10 - Gare Du Nord - UPDATED 2017 Hotel Reviews &amp; Price Comparison (France) - TripAdvisor", "url": "https://www.tripadvisor.com/ShowUserReviews-g187147-d242711-r445156749-Kyriad_Paris_10_Gare_Du_Nord-Paris_Ile_de_France.html", "country": "US", "domain_rank": 189, "title": "Close to the train station, that's all!", "performance_score": 0, "site": "tripadvisor.com", "participants_count": 2, "title_full": "Close to the train station, that's all! - Review of Kyriad Paris 10 - Gare Du Nord, Paris, France - TripAdvisor", "spam_score": 0.002, "site_type": "discussions", "published": "2017-03-09T02:00:00.000+02:00", "replies_count": 1, "uuid": "523201547445083ba49ca0840352e78eb1d781b9"}, "author": "RoyalNavy1964", "url": "https://www.tripadvisor.com/ShowUserReviews-g187147-d242711-r445156749-Kyriad_Paris_10_Gare_Du_Nord-Paris_Ile_de_France.html", "ord_in_thread": 0, "title": "Close to the train station, that's all!", "locations": [], "entities": {"persons": [], "locations": [], "organizations": []}, "highlightText": "", "language": "english", "persons": [], "text": "Stayed here for three nights, wish it had been one, or better still none! We arrived at 1.57pm to be told check in was at 2pm. Ok, I said , that's only three minutes. The receptionist laughed! We eventually got our key at 2.15pm, due to a person being late in checking out. (Not my problem!) The room was ok, with everything you needed, except ear plugs. More on that later!\nThe first morning we thought we would try the hotel breakfast. For €9.50 I wasn't expecting much. I wasn't disappointed. There was a small selection of bread, some cheese, some ham, and tea and coffee. That was the only hot thing available. There was also fruit juice and cereal. It was all overseen by a black version of Basil Fawlty, who watched everybody's every move, from behind a curtain. Not to make sure the food didn't run out, more as a food monitor and general nosey woman. Quite off putting. Also, the dining room was designed for dwarves, slim dwarves at that! Suffice to say, we ate out after that.\nThe walls are paper thin, we heard all sorts through them, toilet goings, squeaky door hinges, even nail clippers pinging off someone's talons. The worst though were the doors banging at all hours. We were woken up several times though the night because of it. Finally, the corridor outside our room was full of laundry bags, ready to be removed. They were there for hours. Not good.\nOn the plus side, the train station is two minutes away on foot.\nWouldn't stay here again I'm afraid.", "external_links": [], "published": "2017-03-09T02:00:00.000+02:00", "crawled": "2017-03-27T12:41:29.990+03:00", "highlightTitle": ""}