{"organizations": [], "uuid": "ce560b64ba09d744519626d2abe717478a6facb7", "thread": {"social": {"gplus": {"shares": 0}, "pinterest": {"shares": 0}, "vk": {"shares": 0}, "linkedin": {"shares": 0}, "facebook": {"likes": 0, "shares": 0, "comments": 0}, "stumbledupon": {"shares": 0}}, "site_full": "www.tripadvisor.com", "main_image": "https://media-cdn.tripadvisor.com/media/photo-s/01/f1/40/48/empire-hotel-lobby.jpg", "site_section": "https://www.tripadvisor.com/Hotel_Review-g60763-d671150-Reviews-Empire_Hotel-New_York_City_New_York.html", "section_title": "Empire Hotel - UPDATED 2017 Reviews &amp; Price Comparison (New York City) - TripAdvisor", "url": "https://www.tripadvisor.com/ShowUserReviews-g60763-d671150-r470523342-Empire_Hotel-New_York_City_New_York.html", "country": "US", "domain_rank": 189, "title": "Never changes", "performance_score": 0, "site": "tripadvisor.com", "participants_count": 2, "title_full": "Never changes - Review of Empire Hotel, New York City, NY - TripAdvisor", "spam_score": 0.0, "site_type": "discussions", "published": "2017-03-27T03:00:00.000+03:00", "replies_count": 1, "uuid": "ce560b64ba09d744519626d2abe717478a6facb7"}, "author": "Dewayne M", "url": "https://www.tripadvisor.com/ShowUserReviews-g60763-d671150-r470523342-Empire_Hotel-New_York_City_New_York.html", "ord_in_thread": 0, "title": "Never changes", "locations": [], "entities": {"persons": [], "locations": [], "organizations": []}, "highlightText": "", "language": "english", "persons": [], "text": "Location is the only reason to stay here for us. The rooms are overpriced, furniture beat up, draft in window, could not read the warm/cold on dial it was so old and worn out, no hot water one morning, no wash cltohes or coffee. All of this reported to front desk and never heard a peep from management over the course of four day staff. Seem very disinterested", "external_links": [], "published": "2017-03-27T03:00:00.000+03:00", "crawled": "2017-03-29T06:51:03.382+03:00", "highlightTitle": ""}