{"organizations": [], "uuid": "1ce34207283eccbfd63f262c29c50f572fa187b0", "thread": {"social": {"gplus": {"shares": 0}, "pinterest": {"shares": 0}, "vk": {"shares": 0}, "linkedin": {"shares": 0}, "facebook": {"likes": 0, "shares": 0, "comments": 0}, "stumbledupon": {"shares": 0}}, "site_full": "www.tripadvisor.com", "main_image": "https://media-cdn.tripadvisor.com/media/photo-s/08/79/b2/66/the-hotel--v7658743.jpg", "site_section": "https://www.tripadvisor.com/Hotel_Review-g32124-d80940-Reviews-Embassy_Suites_by_Hilton_Hotel_San_Francisco_Airport_SFO_Waterfront-Burlingame_California.html", "section_title": "Embassy Suites by Hilton Hotel San Francisco Airport (SFO) - Waterfront - UPDATED 2017 Reviews &amp; Price Comparison (Burlingame, CA) - TripAdvisor", "url": "https://www.tripadvisor.com/ShowUserReviews-g32124-d80940-r469980514-Embassy_Suites_by_Hilton_Hotel_San_Francisco_Airport_SFO_Waterfront-Burlingame_Cali.html", "country": "ZA", "domain_rank": 189, "title": "Avoid at all cost.", "performance_score": 0, "site": "tripadvisor.com", "participants_count": 1, "title_full": "Avoid at all cost. - Review of Embassy Suites by Hilton Hotel San Francisco Airport (SFO) - Waterfront, Burlingame, CA - TripAdvisor", "spam_score": 0.009, "site_type": "discussions", "published": "2017-03-24T03:00:00.000+03:00", "replies_count": 0, "uuid": "1ce34207283eccbfd63f262c29c50f572fa187b0"}, "author": "davidcb2017", "url": "https://www.tripadvisor.com/ShowUserReviews-g32124-d80940-r469980514-Embassy_Suites_by_Hilton_Hotel_San_Francisco_Airport_SFO_Waterfront-Burlingame_Cali.html", "ord_in_thread": 0, "title": "Avoid at all cost.", "locations": [], "entities": {"persons": [], "locations": [], "organizations": []}, "highlightText": "", "language": "english", "persons": [], "text": "No room temperature control. Room was 82 degrees. Fan rattled and did nothing. They know it's a mess and do nothing to fix it. When they decide it's cool enough outside, the central air is turned off and you have NO heat or A/C in any room. Old, dirty, dusty common areas that smell like a steamy locker room. Overpriced SELF-parking. Awful. Completely awful.", "external_links": [], "published": "2017-03-24T03:00:00.000+03:00", "crawled": "2017-03-26T19:44:23.558+03:00", "highlightTitle": ""}