{"organizations": [], "uuid": "1b0e3f9d879b451bba4a73c53073e6274772e82c", "thread": {"social": {"gplus": {"shares": 0}, "pinterest": {"shares": 0}, "vk": {"shares": 0}, "linkedin": {"shares": 0}, "facebook": {"likes": 0, "shares": 0, "comments": 0}, "stumbledupon": {"shares": 0}}, "site_full": "www.tripadvisor.com", "main_image": "https://media-cdn.tripadvisor.com/media/photo-s/07/07/de/35/hudson-hotel-new-york.jpg", "site_section": "https://www.tripadvisor.com/Hotel_Review-g60763-d223023-Reviews-or30-Hudson_Hotel_New_York-New_York_City_New_York.html", "section_title": "Hudson Hotel New York - UPDATED 2017 Reviews &amp; Price Comparison (New York City) - TripAdvisor", "url": "https://www.tripadvisor.com/ShowUserReviews-g60763-d223023-r468970757-Hudson_Hotel_New_York-New_York_City_New_York.html", "country": "US", "domain_rank": 189, "title": "Less than impressed", "performance_score": 0, "site": "tripadvisor.com", "participants_count": 2, "title_full": "Less than impressed - Review of Hudson Hotel New York, New York City, NY - TripAdvisor", "spam_score": 0.0, "site_type": "discussions", "published": "2017-03-20T02:00:00.000+02:00", "replies_count": 1, "uuid": "1b0e3f9d879b451bba4a73c53073e6274772e82c"}, "author": "916kaylag", "url": "https://www.tripadvisor.com/ShowUserReviews-g60763-d223023-r468970757-Hudson_Hotel_New_York-New_York_City_New_York.html", "ord_in_thread": 0, "title": "Less than impressed", "locations": [], "entities": {"persons": [], "locations": [], "organizations": []}, "highlightText": "", "language": "english", "persons": [], "text": "Pros:\nNice central location\nNice looking lobby\nGood atmosphere in bar\nCons:\nTiny rooms and bathrooms (your knees actually hit the wall when on toilet- almost laughable)\nStaff at check-in very rude\nNo one at garage/valet seemed to know what to do to get our car parked- very unorganized\nStaff still came into our room to clean even with Privacy sign on the doorknob\nOverall, less than impressed with our experience. If it wasn't for its central location I'd have given it one star, and that'd have been pushing it", "external_links": [], "published": "2017-03-20T02:00:00.000+02:00", "crawled": "2017-03-30T01:50:49.417+03:00", "highlightTitle": ""}