{"organizations": [], "uuid": "c4f805fad03e0be7911ef5f4281c018886886928", "thread": {"social": {"gplus": {"shares": 0}, "pinterest": {"shares": 0}, "vk": {"shares": 0}, "linkedin": {"shares": 0}, "facebook": {"likes": 0, "shares": 0, "comments": 0}, "stumbledupon": {"shares": 0}}, "site_full": "www.tripadvisor.com", "main_image": "https://media-cdn.tripadvisor.com/media/photo-s/05/ef/e1/33/novotel-london-west.jpg", "site_section": "https://www.tripadvisor.com/Hotel_Review-g186338-d193672-Reviews-or10-Novotel_London_West-London_England.html", "section_title": "Novotel London West - UPDATED 2017 Hotel Reviews &amp; Price Comparison (England) - TripAdvisor", "url": "https://www.tripadvisor.com/ShowUserReviews-g186338-d193672-r469534979-Novotel_London_West-London_England.html", "country": "US", "domain_rank": 189, "title": "Room was too suffocated, roughest bed sheets", "performance_score": 0, "site": "tripadvisor.com", "participants_count": 2, "title_full": "Room was too suffocated, roughest bed sheets - Review of Novotel London West, London, England - TripAdvisor", "spam_score": 0.002, "site_type": "discussions", "published": "2017-03-22T02:00:00.000+02:00", "replies_count": 1, "uuid": "c4f805fad03e0be7911ef5f4281c018886886928"}, "author": "ccalcf", "url": "https://www.tripadvisor.com/ShowUserReviews-g186338-d193672-r469534979-Novotel_London_West-London_England.html", "ord_in_thread": 0, "title": "Room was too suffocated, roughest bed sheets", "locations": [], "entities": {"persons": [], "locations": [], "organizations": []}, "highlightText": "", "language": "english", "persons": [], "text": "I was given Room 7020 and it was extremely suffocating. I set the cool to the lowest with highest fan setting. There was little if any feel of cool air. Trying to Change room and was informed there were no vacant room available.\nOpening the room windows did not help.\nTrying to sleep became another nightmare , there were new cream colored sheets and towels being used at the hotel now however the towels do not absorb water and the bed sheets were so rough it was impossible to sleep well.\nThere was no privacy door knob holders when I asked the housekeepers she said there was no stock .\nWhen I was having my breakfast someone came into my room.\nAfter having some hot frothed milk with my coffee, i was unwell the whole day.\nThe next day I had black coffee and I was fine", "external_links": [], "published": "2017-03-22T02:00:00.000+02:00", "crawled": "2017-03-31T23:00:09.316+03:00", "highlightTitle": ""}