{"organizations": [], "uuid": "7c21e4427cf7b7675f66bb11c4c4586beb8d48f3", "thread": {"social": {"gplus": {"shares": 0}, "pinterest": {"shares": 0}, "vk": {"shares": 0}, "linkedin": {"shares": 0}, "facebook": {"likes": 0, "shares": 0, "comments": 0}, "stumbledupon": {"shares": 0}}, "site_full": "www.tripadvisor.com", "main_image": "https://media-cdn.tripadvisor.com/media/photo-s/0e/82/42/87/exterior.jpg", "site_section": "https://www.tripadvisor.com/Hotel_Review-g187147-d259320-Reviews-Villa_Royale_Montsouris-Paris_Ile_de_France.html", "section_title": "Villa Royale Montsouris - UPDATED 2017 Hotel Reviews &amp; Price Comparison (Paris, France) - TripAdvisor", "url": "https://www.tripadvisor.com/ShowUserReviews-g187147-d259320-r469667584-Villa_Royale_Montsouris-Paris_Ile_de_France.html", "country": "US", "domain_rank": 189, "title": "This Hotel Feels really old", "performance_score": 0, "site": "tripadvisor.com", "participants_count": 1, "title_full": "This Hotel Feels really old - Review of Villa Royale Montsouris, Paris, France - TripAdvisor", "spam_score": 0.0, "site_type": "discussions", "published": "2017-03-23T02:00:00.000+02:00", "replies_count": 0, "uuid": "7c21e4427cf7b7675f66bb11c4c4586beb8d48f3"}, "author": "Ahmad A", "url": "https://www.tripadvisor.com/ShowUserReviews-g187147-d259320-r469667584-Villa_Royale_Montsouris-Paris_Ile_de_France.html", "ord_in_thread": 0, "title": "This Hotel Feels really old", "locations": [], "entities": {"persons": [], "locations": [], "organizations": []}, "highlightText": "", "language": "english", "persons": [], "text": "Hotel is good in location with a short walk to metro station , but the hotel itself is really old in design and sometimes its really dim and i cant see in side the closet i had to open my mobile flash. i did not like the bathroom at all, it is really small and i got a shower placed in the opposite side of the wall so my bathroom was wet everytime i got a bath.\nThe Breakfast was very limited with options , sometimes i didnt find expect bread and cheese.\nwhat is good was the 4G mobile phone that you could use for free, but it was really slow and lagging that at the end i didnt use it at all. and the hotel staff were friendly\noverall, this hotel is average compared to value you Pay, but i stayed for 3 nights in a hotel in champs elese and it was cheaper and way modern than this one .", "external_links": [], "published": "2017-03-23T02:00:00.000+02:00", "crawled": "2017-03-27T04:27:31.204+03:00", "highlightTitle": ""}