{"organizations": [], "uuid": "c373187c263857d25533675ca811aa9602662b4f", "thread": {"social": {"gplus": {"shares": 0}, "pinterest": {"shares": 0}, "vk": {"shares": 0}, "linkedin": {"shares": 0}, "facebook": {"likes": 0, "shares": 0, "comments": 0}, "stumbledupon": {"shares": 0}}, "site_full": "www.tripadvisor.com", "main_image": "https://media-cdn.tripadvisor.com/media/photo-s/0c/8d/d5/4b/lobby.jpg", "site_section": "https://www.tripadvisor.com/Hotel_Review-g60763-d249712-Reviews-or10-The_Westin_New_York_at_Times_Square-New_York_City_New_York.html", "section_title": "The Westin New York at Times Square - UPDATED 2017 Hotel Reviews &amp; Price Comparison (New York City) - TripAdvisor", "url": "https://www.tripadvisor.com/ShowUserReviews-g60763-d249712-r469811270-The_Westin_New_York_at_Times_Square-New_York_City_New_York.html", "country": "US", "domain_rank": 189, "title": "Pet friendly?? Dog heavenly pillow", "performance_score": 0, "site": "tripadvisor.com", "participants_count": 2, "title_full": "Pet friendly?? Dog heavenly pillow - Review of The Westin New York at Times Square, New York City, NY - TripAdvisor", "spam_score": 0.028, "site_type": "discussions", "published": "2017-03-24T03:00:00.000+03:00", "replies_count": 1, "uuid": "c373187c263857d25533675ca811aa9602662b4f"}, "author": "Alina T", "url": "https://www.tripadvisor.com/ShowUserReviews-g60763-d249712-r469811270-The_Westin_New_York_at_Times_Square-New_York_City_New_York.html", "ord_in_thread": 0, "title": "Pet friendly?? Dog heavenly pillow", "locations": [], "entities": {"persons": [], "locations": [], "organizations": []}, "highlightText": "", "language": "english", "persons": [], "text": "Although The hotel was \"good\" ... My expectation as a pet friendly person was not met. There was no one who could help, Please don't sell what you can't offer.\nReality vs. Advertisement\n@heavenlydogpillow @westinhotels @ilovemydog .", "external_links": ["https://static.tacdn.com/img2/x.gif"], "published": "2017-03-24T03:00:00.000+03:00", "crawled": "2017-03-30T21:39:29.785+03:00", "highlightTitle": ""}