{"organizations": [], "uuid": "db67bdc580ffd7b2ac53b28a0116ed086265bc69", "thread": {"social": {"gplus": {"shares": 0}, "pinterest": {"shares": 0}, "vk": {"shares": 0}, "linkedin": {"shares": 0}, "facebook": {"likes": 0, "shares": 0, "comments": 0}, "stumbledupon": {"shares": 0}}, "site_full": "www.tripadvisor.com", "main_image": "https://media-cdn.tripadvisor.com/media/photo-s/08/8a/f0/71/lobby-main.jpg", "site_section": "https://www.tripadvisor.com/Hotel_Review-g60763-d99766-Reviews-or80-The_Roosevelt_Hotel-New_York_City_New_York.html", "section_title": "The Roosevelt Hotel - UPDATED 2017 Reviews &amp; Price Comparison (New York City) - TripAdvisor", "url": "https://www.tripadvisor.com/ShowUserReviews-g60763-d99766-r465690098-The_Roosevelt_Hotel-New_York_City_New_York.html", "country": "US", "domain_rank": 189, "title": "Service", "performance_score": 0, "site": "tripadvisor.com", "participants_count": 1, "title_full": "Service - Review of The Roosevelt Hotel, New York City, NY - TripAdvisor", "spam_score": 0.014, "site_type": "discussions", "published": "2017-03-08T02:00:00.000+02:00", "replies_count": 0, "uuid": "db67bdc580ffd7b2ac53b28a0116ed086265bc69"}, "author": "Gatooma58", "url": "https://www.tripadvisor.com/ShowUserReviews-g60763-d99766-r465690098-The_Roosevelt_Hotel-New_York_City_New_York.html", "ord_in_thread": 0, "title": "Service", "locations": [], "entities": {"persons": [], "locations": [], "organizations": []}, "highlightText": "", "language": "english", "persons": [], "text": "Room what you expect in New York small and compact however the knowledge of staff is questionable. Staff on night shift when asked if I needed my voucher said yes and was told I could use computer close by for a fee to try and retrieve my voucher after several failed attempts I went back to front desk which was now day shift and person shift said no issue. He was very helpful Victor I think unlike night shift staff If your stuck for a hotel in central location and can get a good deal then ok otherwise look around", "external_links": [], "published": "2017-03-08T02:00:00.000+02:00", "crawled": "2017-03-31T21:31:06.574+03:00", "highlightTitle": ""}