{"organizations": [], "uuid": "7166388587f278e88e154ee29f3670ea8a4516c8", "thread": {"social": {"gplus": {"shares": 0}, "pinterest": {"shares": 0}, "vk": {"shares": 0}, "linkedin": {"shares": 0}, "facebook": {"likes": 0, "shares": 0, "comments": 0}, "stumbledupon": {"shares": 0}}, "site_full": "www.tripadvisor.com", "main_image": "https://media-cdn.tripadvisor.com/media/photo-s/0a/bf/fe/01/exterior.jpg", "site_section": "https://www.tripadvisor.com/Hotel_Review-g60763-d607712-Reviews-Club_Quarters_Hotel_opposite_Rockefeller_Center-New_York_City_New_York.html", "section_title": "Club Quarters Hotel, opposite Rockefeller Center - UPDATED 2017 Reviews &amp; Price Comparison (New York City) - TripAdvisor", "url": "https://www.tripadvisor.com/ShowUserReviews-g60763-d607712-r467595662-Club_Quarters_Hotel_opposite_Rockefeller_Center-New_York_City_New_York.html", "country": "US", "domain_rank": 189, "title": "Not recommended for those seeking comfort", "performance_score": 0, "site": "tripadvisor.com", "participants_count": 1, "title_full": "Not recommended for those seeking comfort - Review of Club Quarters Hotel, opposite Rockefeller Center, New York City, NY - TripAdvisor", "spam_score": 0.337, "site_type": "discussions", "published": "2017-03-15T02:00:00.000+02:00", "replies_count": 0, "uuid": "7166388587f278e88e154ee29f3670ea8a4516c8"}, "author": "Quyen D", "url": "https://www.tripadvisor.com/ShowUserReviews-g60763-d607712-r467595662-Club_Quarters_Hotel_opposite_Rockefeller_Center-New_York_City_New_York.html", "ord_in_thread": 0, "title": "Not recommended for those seeking comfort", "locations": [], "entities": {"persons": [], "locations": [], "organizations": []}, "highlightText": "", "language": "english", "persons": [], "text": "This may be okay for travelers on a budget, but I hope to avoid this hotel in the future. No bathtub, just a shower. The rooms are small and so are the beds. They forgot to service my room one day. Not a great experience here.", "external_links": [], "published": "2017-03-15T02:00:00.000+02:00", "crawled": "2017-03-30T02:34:55.249+03:00", "highlightTitle": ""}