{"organizations": [], "uuid": "540507db3984bb3c3c72c951ca1ba72002e1df0e", "thread": {"social": {"gplus": {"shares": 0}, "pinterest": {"shares": 0}, "vk": {"shares": 0}, "linkedin": {"shares": 0}, "facebook": {"likes": 0, "shares": 0, "comments": 0}, "stumbledupon": {"shares": 0}}, "site_full": "www.tripadvisor.com", "main_image": "https://media-cdn.tripadvisor.com/media/photo-s/0e/82/25/a9/double-room-guest-room.jpg", "site_section": "https://www.tripadvisor.com/Hotel_Review-g186338-d569244-Reviews-Holiday_Inn_Express_Earls_Court-London_England.html", "section_title": "Holiday Inn Express Earls Court - UPDATED 2017 Hotel Reviews &amp; Price Comparison (London, England) - TripAdvisor", "url": "https://www.tripadvisor.com/ShowUserReviews-g186338-d569244-r470117402-Holiday_Inn_Express_Earls_Court-London_England.html", "country": "US", "domain_rank": 189, "title": "First London visit", "performance_score": 0, "site": "tripadvisor.com", "participants_count": 2, "title_full": "First London visit - Review of Holiday Inn Express Earls Court, London, England - TripAdvisor", "spam_score": 0.0, "site_type": "discussions", "published": "2017-03-25T03:00:00.000+03:00", "replies_count": 1, "uuid": "540507db3984bb3c3c72c951ca1ba72002e1df0e"}, "author": "Threetravellers08", "url": "https://www.tripadvisor.com/ShowUserReviews-g186338-d569244-r470117402-Holiday_Inn_Express_Earls_Court-London_England.html", "ord_in_thread": 0, "title": "First London visit", "locations": [], "entities": {"persons": [], "locations": [], "organizations": []}, "highlightText": "", "language": "english", "persons": [], "text": "This Hotel is not in a convienient location a long way to walk with luggage .at least 25 minutes .if you use West Kensington you have 30 steps to go up and a 20 minute walk.The room is ok we are in the building across the lane. Breakfast is a total disaster. Dirty tables and dishes everywhere. One person working not able to keep up. There was never enough food This Needs improvement ! Can't say that I would come back or stay here again.", "external_links": [], "published": "2017-03-25T03:00:00.000+03:00", "crawled": "2017-03-31T21:46:21.154+03:00", "highlightTitle": ""}