{"organizations": [], "uuid": "323946720a7a4f2aa7325dd3eaf0b51fbaf97ea7", "thread": {"social": {"gplus": {"shares": 0}, "pinterest": {"shares": 0}, "vk": {"shares": 0}, "linkedin": {"shares": 0}, "facebook": {"likes": 0, "shares": 0, "comments": 0}, "stumbledupon": {"shares": 0}}, "site_full": "www.tripadvisor.com", "main_image": "https://media-cdn.tripadvisor.com/media/photo-s/0b/ce/3b/10/exterior.jpg", "site_section": "https://www.tripadvisor.com/Hotel_Review-g187147-d197664-Reviews-Adagio_Paris_Tour_Eiffel-Paris_Ile_de_France.html", "section_title": "Adagio Paris Tour Eiffel - UPDATED 2017 Hotel Reviews &amp; Price Comparison (France) - TripAdvisor", "url": "https://www.tripadvisor.com/ShowUserReviews-g187147-d197664-r467021400-Adagio_Paris_Tour_Eiffel-Paris_Ile_de_France.html", "country": "US", "domain_rank": 189, "title": "Worst hotel", "performance_score": 0, "site": "tripadvisor.com", "participants_count": 1, "title_full": "Worst hotel - Review of Adagio Paris Tour Eiffel, Paris, France - TripAdvisor", "spam_score": 0.0, "site_type": "discussions", "published": "2017-03-13T02:00:00.000+02:00", "replies_count": 0, "uuid": "323946720a7a4f2aa7325dd3eaf0b51fbaf97ea7"}, "author": "Mustafa C", "url": "https://www.tripadvisor.com/ShowUserReviews-g187147-d197664-r467021400-Adagio_Paris_Tour_Eiffel-Paris_Ile_de_France.html", "ord_in_thread": 0, "title": "Worst hotel", "locations": [], "entities": {"persons": [], "locations": [], "organizations": []}, "highlightText": "", "language": "english", "persons": [], "text": "Stayed at the adagio apart hotel luckily 1 night it was our worst hotel experience I've looked at the pictures on trip advisor and red the reviews I taught it was a good place from entrance to rooms it's old dirty walls are very dirty tables chairs etc from last century I would not stay there for free it was a very disappointing first room we were given I had to complain and they gave another room it wasn't any better u can't open the windows coz building is tall fair enough but windows should be at least little bit clean so you can look outside not that anything to look anyway", "external_links": [], "published": "2017-03-13T02:00:00.000+02:00", "crawled": "2017-03-27T04:41:10.303+03:00", "highlightTitle": ""}