{"organizations": [], "uuid": "1a93b8301aa4cf6e097b6405ff4e159b7835443e", "thread": {"social": {"gplus": {"shares": 0}, "pinterest": {"shares": 0}, "vk": {"shares": 0}, "linkedin": {"shares": 0}, "facebook": {"likes": 0, "shares": 0, "comments": 0}, "stumbledupon": {"shares": 0}}, "site_full": "www.tripadvisor.com", "main_image": "https://media-cdn.tripadvisor.com/media/photo-s/06/2a/5f/4a/welcome-to-days-hotel.jpg", "site_section": "https://www.tripadvisor.com/Hotel_Review-g60763-d142114-Reviews-Days_Inn_Hotel_New_York_City_Broadway-New_York_City_New_York.html", "section_title": "Days Inn Hotel New York City-Broadway - UPDATED 2017 Reviews &amp; Price Comparison - TripAdvisor", "url": "https://www.tripadvisor.com/ShowUserReviews-g60763-d142114-r468138173-Days_Inn_Hotel_New_York_City_Broadway-New_York_City_New_York.html", "country": "US", "domain_rank": 189, "title": "DO NOT ALLOW HOUSEKEEPING TO CLEAN YOUR ROOM!!", "performance_score": 0, "site": "tripadvisor.com", "participants_count": 1, "title_full": "DO NOT ALLOW HOUSEKEEPING TO CLEAN YOUR ROOM!! - Review of Days Inn Hotel New York City-Broadway, New York City, NY - TripAdvisor", "spam_score": 0.0, "site_type": "discussions", "published": "2017-03-17T02:00:00.000+02:00", "replies_count": 0, "uuid": "1a93b8301aa4cf6e097b6405ff4e159b7835443e"}, "author": "newyorkavi", "url": "https://www.tripadvisor.com/ShowUserReviews-g60763-d142114-r468138173-Days_Inn_Hotel_New_York_City_Broadway-New_York_City_New_York.html", "ord_in_thread": 0, "title": "DO NOT ALLOW HOUSEKEEPING TO CLEAN YOUR ROOM!!", "locations": [], "entities": {"persons": [], "locations": [], "organizations": []}, "highlightText": "", "language": "english", "persons": [], "text": "My wife and I spent last Friday and Saturday night at the Days Hotel on the upper west side of manhattan. We could have enjoyed our stay had housekeeping not taken or thrown out a bag with parts for a coffee maker and a new bag of Zabar's coffee. When we phoned the hotel manager and house keeping and lost and found to report this we got no where fast...we left a phone number12 times...left messages 12 times and no one bothered to return our call or to investigate with the person who cleaned the room... why he or she took a bag with parts of a coffee maker and a pound bag of unopened Zabar's coffee it was either thrown out or taken for personal use.", "external_links": [], "published": "2017-03-17T02:00:00.000+02:00", "crawled": "2017-03-29T07:38:17.769+03:00", "highlightTitle": ""}