{"organizations": [], "uuid": "861712640a620dd00709102368288734cfdcd3d3", "thread": {"social": {"gplus": {"shares": 0}, "pinterest": {"shares": 0}, "vk": {"shares": 0}, "linkedin": {"shares": 0}, "facebook": {"likes": 0, "shares": 0, "comments": 0}, "stumbledupon": {"shares": 0}}, "site_full": "www.tripadvisor.com", "main_image": "https://media-cdn.tripadvisor.com/media/photo-s/08/8a/f0/71/lobby-main.jpg", "site_section": "https://www.tripadvisor.com/Hotel_Review-g60763-d99766-Reviews-or70-The_Roosevelt_Hotel-New_York_City_New_York.html", "section_title": "The Roosevelt Hotel - UPDATED 2017 Reviews &amp; Price Comparison (New York City) - TripAdvisor", "url": "https://www.tripadvisor.com/ShowUserReviews-g60763-d99766-r467130298-The_Roosevelt_Hotel-New_York_City_New_York.html", "country": "US", "domain_rank": 189, "title": "Old Hotel in need of major upgrades", "performance_score": 0, "site": "tripadvisor.com", "participants_count": 1, "title_full": "Old Hotel in need of major upgrades - Review of The Roosevelt Hotel, New York City, NY - TripAdvisor", "spam_score": 0.022, "site_type": "discussions", "published": "2017-03-13T02:00:00.000+02:00", "replies_count": 0, "uuid": "861712640a620dd00709102368288734cfdcd3d3"}, "author": "davidrM8237MU", "url": "https://www.tripadvisor.com/ShowUserReviews-g60763-d99766-r467130298-The_Roosevelt_Hotel-New_York_City_New_York.html", "ord_in_thread": 0, "title": "Old Hotel in need of major upgrades", "locations": [], "entities": {"persons": [], "locations": [], "organizations": []}, "highlightText": "", "language": "english", "persons": [], "text": "Front desk staff hit me with an extra $20/night mandatory fee for \"Wi-Fi and 10% discount on dining in the hotel\". Used neither. The heating system at the window made so much noise every time it came on that you had to chose between being able to sleep or being cold. A wicked draft came through the windows", "external_links": [], "published": "2017-03-13T02:00:00.000+02:00", "crawled": "2017-03-31T21:29:23.290+03:00", "highlightTitle": ""}