{"organizations": [], "uuid": "8a29b697a144fc23246aa1ed3e321f5e08c1c375", "thread": {"social": {"gplus": {"shares": 0}, "pinterest": {"shares": 0}, "vk": {"shares": 0}, "linkedin": {"shares": 0}, "facebook": {"likes": 0, "shares": 0, "comments": 0}, "stumbledupon": {"shares": 0}}, "site_full": "www.tripadvisor.com", "main_image": "https://media-cdn.tripadvisor.com/media/photo-s/0b/b9/43/97/the-gallivant-times-square.jpg", "site_section": "https://www.tripadvisor.com/Hotel_Review-g60763-d75711-Reviews-The_Gallivant_Times_Square-New_York_City_New_York.html", "section_title": "The Gallivant Times Square - UPDATED 2017 Hotel Reviews &amp; Price Comparison (New York City) - TripAdvisor", "url": "https://www.tripadvisor.com/ShowUserReviews-g60763-d75711-r467260449-The_Gallivant_Times_Square-New_York_City_New_York.html", "country": "US", "domain_rank": 189, "title": "Poor Customer service", "performance_score": 0, "site": "tripadvisor.com", "participants_count": 1, "title_full": "Poor Customer service - Review of The Gallivant Times Square, New York City, NY - TripAdvisor", "spam_score": 0.036, "site_type": "discussions", "published": "2017-03-14T02:00:00.000+02:00", "replies_count": 0, "uuid": "8a29b697a144fc23246aa1ed3e321f5e08c1c375"}, "author": "Maya K", "url": "https://www.tripadvisor.com/ShowUserReviews-g60763-d75711-r467260449-The_Gallivant_Times_Square-New_York_City_New_York.html", "ord_in_thread": 0, "title": "Poor Customer service", "locations": [], "entities": {"persons": [], "locations": [], "organizations": []}, "highlightText": "", "language": "english", "persons": [], "text": "I called few times all the phone numbers looking for assistance. It was extremely hard to find someone to even pick up the phone, not to mention that they were not able to help/answer any of my questions but kept saying that I have call back. When called I was not even greeted after I did. I asked the lady (Johany) of the best number to call but she kept saying to call tomorrow. Finally she understood my question since I was just asking for the best number to call and then she said:\"Call the same number\". She was not polite at all. I asked about her name and she said Johany. I asked the second name and she hung up on me.", "external_links": [], "published": "2017-03-14T02:00:00.000+02:00", "crawled": "2017-03-30T19:07:22.512+03:00", "highlightTitle": ""}