{"organizations": [], "uuid": "2ce3344289d1bb6dbe7e32b2dc59c2548e9da808", "thread": {"social": {"gplus": {"shares": 0}, "pinterest": {"shares": 0}, "vk": {"shares": 0}, "linkedin": {"shares": 0}, "facebook": {"likes": 0, "shares": 0, "comments": 0}, "stumbledupon": {"shares": 0}}, "site_full": "www.tripadvisor.com", "main_image": "https://media-cdn.tripadvisor.com/media/photo-s/09/d2/db/15/exterior.jpg", "site_section": "https://www.tripadvisor.com/Hotel_Review-g60763-d99774-Reviews-or10-La_Quinta_Inn_Suites_Manhattan-New_York_City_New_York.html", "section_title": "La Quinta Inn &amp; Suites Manhattan - UPDATED 2017 Hotel Reviews &amp; Price Comparison (New York City) - TripAdvisor", "url": "https://www.tripadvisor.com/ShowUserReviews-g60763-d99774-r464271960-La_Quinta_Inn_Suites_Manhattan-New_York_City_New_York.html", "country": "US", "domain_rank": 189, "title": "AVOID AT ALL COSTS", "performance_score": 0, "site": "tripadvisor.com", "participants_count": 2, "title_full": "AVOID AT ALL COSTS - Review of La Quinta Inn & Suites Manhattan, New York City, NY - TripAdvisor", "spam_score": 0.0, "site_type": "discussions", "published": "2017-03-03T02:00:00.000+02:00", "replies_count": 1, "uuid": "2ce3344289d1bb6dbe7e32b2dc59c2548e9da808"}, "author": "Clarke08", "url": "https://www.tripadvisor.com/ShowUserReviews-g60763-d99774-r464271960-La_Quinta_Inn_Suites_Manhattan-New_York_City_New_York.html", "ord_in_thread": 0, "title": "AVOID AT ALL COSTS", "locations": [], "entities": {"persons": [], "locations": [], "organizations": []}, "highlightText": "", "language": "english", "persons": [], "text": "Hotel staff are sneaky, withholding extra funds on your card when they did not receive a voucher from Lastminute.com which was not our problem.\nThey the charged us £120 to use the phone when we should not have been the ones chasing for a voucher that we knew nothing about.\nComplained to the company AppleCore and the hotel, they did not care at all.\nVery poor customer service and cause us extra stress we did not need.", "external_links": [], "published": "2017-03-03T02:00:00.000+02:00", "crawled": "2017-03-30T19:57:05.545+03:00", "highlightTitle": ""}