{"organizations": [], "uuid": "b46f2dbdf19e2fd3c00d9c82b737c9e9661de76e", "thread": {"social": {"gplus": {"shares": 0}, "pinterest": {"shares": 0}, "vk": {"shares": 0}, "linkedin": {"shares": 0}, "facebook": {"likes": 0, "shares": 0, "comments": 0}, "stumbledupon": {"shares": 0}}, "site_full": "www.tripadvisor.com", "main_image": "https://media-cdn.tripadvisor.com/media/photo-s/0a/44/e5/34/room-mate-grace-hotel.jpg", "site_section": "https://www.tripadvisor.com/Hotel_Review-g60763-d518280-Reviews-or10-Room_Mate_Grace-New_York_City_New_York.html", "section_title": "Room Mate Grace - UPDATED 2017 Hotel Reviews &amp; Price Comparison (New York City) - TripAdvisor", "url": "https://www.tripadvisor.com/ShowUserReviews-g60763-d518280-r465789717-Room_Mate_Grace-New_York_City_New_York.html", "country": "US", "domain_rank": 189, "title": "Don't stay here if you need a fridge", "performance_score": 0, "site": "tripadvisor.com", "participants_count": 1, "title_full": "Don't stay here if you need a fridge - Review of Room Mate Grace, New York City, NY - TripAdvisor", "spam_score": 0.132, "site_type": "discussions", "published": "2017-03-09T02:00:00.000+02:00", "replies_count": 0, "uuid": "b46f2dbdf19e2fd3c00d9c82b737c9e9661de76e"}, "author": "tonispera", "url": "https://www.tripadvisor.com/ShowUserReviews-g60763-d518280-r465789717-Room_Mate_Grace-New_York_City_New_York.html", "ord_in_thread": 0, "title": "Don't stay here if you need a fridge", "locations": [], "entities": {"persons": [], "locations": [], "organizations": []}, "highlightText": "", "language": "english", "persons": [], "text": "Great location and provided the basic necessities but I needed a fridge in my room for my medication and none was available. I was told I could store medication in the main fridge with access to other guests. Obviously that's not a solution for fear of someone tampering / even taking my medication. Otherwise the hotel was good. Was here for business so didn't have time to enjoy the facilities like the indoor pool.", "external_links": [], "published": "2017-03-09T02:00:00.000+02:00", "crawled": "2017-03-30T17:16:50.260+03:00", "highlightTitle": ""}