{"organizations": [], "uuid": "bc905e06e972a55b1d1159d85fb0d5670c8cc6ff", "thread": {"social": {"gplus": {"shares": 0}, "pinterest": {"shares": 0}, "vk": {"shares": 0}, "linkedin": {"shares": 0}, "facebook": {"likes": 0, "shares": 0, "comments": 0}, "stumbledupon": {"shares": 0}}, "site_full": "www.tripadvisor.com", "main_image": "https://media-cdn.tripadvisor.com/media/photo-s/0b/90/14/a7/exterior-view.jpg", "site_section": "https://www.tripadvisor.com/Hotel_Review-g187791-d567318-Reviews-Black_Hotel-Rome_Lazio.html", "section_title": "Black Hotel - UPDATED 2017 Reviews &amp; Price Comparison (Rome, Italy) - TripAdvisor", "url": "https://www.tripadvisor.com/ShowUserReviews-g187791-d567318-r466213574-Black_Hotel-Rome_Lazio.html", "country": "US", "domain_rank": 189, "title": "The staff", "performance_score": 0, "site": "tripadvisor.com", "participants_count": 2, "title_full": "The staff - Review of Black Hotel, Rome, Italy - TripAdvisor", "spam_score": 0.0, "site_type": "discussions", "published": "2017-03-10T02:00:00.000+02:00", "replies_count": 1, "uuid": "bc905e06e972a55b1d1159d85fb0d5670c8cc6ff"}, "author": "Kirkby123", "url": "https://www.tripadvisor.com/ShowUserReviews-g187791-d567318-r466213574-Black_Hotel-Rome_Lazio.html", "ord_in_thread": 0, "title": "The staff", "locations": [], "entities": {"persons": [], "locations": [], "organizations": []}, "highlightText": "", "language": "english", "persons": [], "text": "The staff are very rude franko the bar tander was the best very helpful breakfast was ok night meal was horrible we booked a taxi to anzo and we couldn't go because my father inlaw was sickthey charged me 50 euros or they were going to call the police", "external_links": [], "published": "2017-03-10T02:00:00.000+02:00", "crawled": "2017-03-29T22:21:26.717+03:00", "highlightTitle": ""}