{"organizations": [], "uuid": "7ce25e0ec1d9acbf73654b26eea2c2314f6a12f1", "thread": {"social": {"gplus": {"shares": 0}, "pinterest": {"shares": 0}, "vk": {"shares": 0}, "linkedin": {"shares": 0}, "facebook": {"likes": 0, "shares": 0, "comments": 0}, "stumbledupon": {"shares": 0}}, "site_full": "www.tripadvisor.com", "main_image": "https://media-cdn.tripadvisor.com/media/photo-s/0e/2d/f8/c2/mercure-paris-la-defense.jpg", "site_section": "https://www.tripadvisor.com/Hotel_Review-g196563-d197378-Reviews-Mercure_Paris_La_Defense-Courbevoie_La_Defense_Hauts_de_Seine_Ile_de_France.html", "section_title": "Mercure Paris La Defense - UPDATED 2017 Hotel Reviews &amp; Price Comparison (Courbevoie, France) - TripAdvisor", "url": "https://www.tripadvisor.com/ShowUserReviews-g196563-d197378-r465154254-Mercure_Paris_La_Defense-Courbevoie_La_Defense_Hauts_de_Seine_Ile_de_France.html", "country": "US", "domain_rank": 189, "title": "avoid if possible", "performance_score": 0, "site": "tripadvisor.com", "participants_count": 2, "title_full": "avoid if possible - Review of Mercure Paris La Defense, Courbevoie, France - TripAdvisor", "spam_score": 0.0, "site_type": "discussions", "published": "2017-03-06T02:00:00.000+02:00", "replies_count": 1, "uuid": "7ce25e0ec1d9acbf73654b26eea2c2314f6a12f1"}, "author": "Traveling_brand", "url": "https://www.tripadvisor.com/ShowUserReviews-g196563-d197378-r465154254-Mercure_Paris_La_Defense-Courbevoie_La_Defense_Hauts_de_Seine_Ile_de_France.html", "ord_in_thread": 0, "title": "avoid if possible", "locations": [], "entities": {"persons": [], "locations": [], "organizations": []}, "highlightText": "", "language": "english", "persons": [], "text": "I have stayed here several times per year the past 15 years. The hotel has not upgraded since then and what used to be a decent hotel has now downgraded into a \"dump a bus of tourists\" hotel. Small rooms, grotty, not kept up. If you are here for business I would avoid, better ones are nearby. The staff is friendly but the price is way too high for this lack of quality.\nRoom Tip: different hotel See more room tips", "external_links": [], "published": "2017-03-06T02:00:00.000+02:00", "crawled": "2017-03-28T21:17:40.242+03:00", "highlightTitle": ""}