{"organizations": [], "uuid": "d1f29453e439f8d730b66d9c3518e20c37e0a612", "thread": {"social": {"gplus": {"shares": 0}, "pinterest": {"shares": 0}, "vk": {"shares": 0}, "linkedin": {"shares": 0}, "facebook": {"likes": 0, "shares": 0, "comments": 0}, "stumbledupon": {"shares": 0}}, "site_full": "www.tripadvisor.com", "main_image": "https://media-cdn.tripadvisor.com/media/photo-s/0e/be/98/e4/wedding-style.jpg", "site_section": "https://www.tripadvisor.com/Hotel_Review-g32124-d81575-Reviews-or30-San_Francisco_Airport_Marriott_Waterfront-Burlingame_California.html", "section_title": "San Francisco Airport Marriott Waterfront - UPDATED 2017 Hotel Reviews &amp; Price Comparison (Burlingame, CA) - TripAdvisor", "url": "https://www.tripadvisor.com/ShowUserReviews-g32124-d81575-r463091571-San_Francisco_Airport_Marriott_Waterfront-Burlingame_California.html", "country": "ZA", "domain_rank": 189, "title": "This place is not very professional. Stay away", "performance_score": 0, "site": "tripadvisor.com", "participants_count": 1, "title_full": "This place is not very professional. Stay away - Review of San Francisco Airport Marriott Waterfront, Burlingame, CA - TripAdvisor", "spam_score": 0.001, "site_type": "discussions", "published": "2017-02-26T02:00:00.000+02:00", "replies_count": 0, "uuid": "d1f29453e439f8d730b66d9c3518e20c37e0a612"}, "author": "Sean B", "url": "https://www.tripadvisor.com/ShowUserReviews-g32124-d81575-r463091571-San_Francisco_Airport_Marriott_Waterfront-Burlingame_California.html", "ord_in_thread": 0, "title": "This place is not very professional. Stay away", "locations": [], "entities": {"persons": [], "locations": [], "organizations": []}, "highlightText": "", "language": "english", "persons": [], "text": "I am very pissed. There has been problem after problem at this place. I am a Platinum Elite member and apparently that has no value at this hotel. I left my credit card at the restaurant when I paid my check and it was an ordeal to get someone to help me. Even the front desk girl was flustered... it took 4 phone calls and it was like a problem for them to help. Then I was in a rush to head to the airport and I was asking for a cab or should I book uber they said no, no we can drive you. So I didn't get an uber or cab and after waiting 8 minutes they said oops! Our guy can't take you! Wth??? I am about to miss my flight. Thanks for all the customer love.\nI will never stay at this hotel... ever. Be careful people. It's a nice looking hotel but....", "external_links": [], "published": "2017-02-26T02:00:00.000+02:00", "crawled": "2017-03-26T19:30:58.331+03:00", "highlightTitle": ""}