{"organizations": [], "uuid": "1824bc6d7bbc0e99441b460f5b7b9e9f70e7e52a", "thread": {"social": {"gplus": {"shares": 0}, "pinterest": {"shares": 0}, "vk": {"shares": 0}, "linkedin": {"shares": 0}, "facebook": {"likes": 0, "shares": 0, "comments": 0}, "stumbledupon": {"shares": 0}}, "site_full": "www.tripadvisor.com", "main_image": "https://media-cdn.tripadvisor.com/media/photo-s/0a/a5/e8/3c/hotel-opera-lafayette.jpg", "site_section": "https://www.tripadvisor.com/Hotel_Review-g187147-d233781-Reviews-Hotel_Opera_Lafayette-Paris_Ile_de_France.html", "section_title": "Hotel Opera Lafayette - UPDATED 2017 Reviews &amp; Price Comparison (Paris, France) - TripAdvisor", "url": "https://www.tripadvisor.com/ShowUserReviews-g187147-d233781-r470910432-Hotel_Opera_Lafayette-Paris_Ile_de_France.html", "country": "US", "domain_rank": 189, "title": "Average", "performance_score": 0, "site": "tripadvisor.com", "participants_count": 1, "title_full": "Average - Review of Hotel Opera Lafayette, Paris, France - TripAdvisor", "spam_score": 0.276, "site_type": "discussions", "published": "2017-03-28T03:00:00.000+03:00", "replies_count": 0, "uuid": "1824bc6d7bbc0e99441b460f5b7b9e9f70e7e52a"}, "author": "jamesequity", "url": "https://www.tripadvisor.com/ShowUserReviews-g187147-d233781-r470910432-Hotel_Opera_Lafayette-Paris_Ile_de_France.html", "ord_in_thread": 0, "title": "Average", "locations": [], "entities": {"persons": [], "locations": [], "organizations": []}, "highlightText": "", "language": "english", "persons": [], "text": "Decent location: walking distance from Galeries Lafayette/Printemps & Opera. Friendly staff.\nBUT below average room: small size, low quality bed, slightly noisy.\nOveral, far to be a top choice for a stay in Paris", "external_links": [], "published": "2017-03-28T03:00:00.000+03:00", "crawled": "2017-03-29T10:25:49.272+03:00", "highlightTitle": ""}