{"organizations": [], "uuid": "f777ce44afd48dec61864f2a188aaca37b764337", "thread": {"social": {"gplus": {"shares": 0}, "pinterest": {"shares": 0}, "vk": {"shares": 0}, "linkedin": {"shares": 0}, "facebook": {"likes": 0, "shares": 0, "comments": 0}, "stumbledupon": {"shares": 0}}, "site_full": "www.tripadvisor.com", "main_image": "https://media-cdn.tripadvisor.com/media/photo-s/08/86/64/a5/hotel-eiffel-seine.jpg", "site_section": "https://www.tripadvisor.com/Hotel_Review-g187147-d572984-Reviews-Hotel_Eiffel_Seine-Paris_Ile_de_France.html", "section_title": "Hotel Eiffel Seine - UPDATED 2017 Reviews &amp; Price Comparison (Paris, France) - TripAdvisor", "url": "https://www.tripadvisor.com/ShowUserReviews-g187147-d572984-r467967760-Hotel_Eiffel_Seine-Paris_Ile_de_France.html", "country": "US", "domain_rank": 189, "title": "A once pleasant hotel in a superb location", "performance_score": 0, "site": "tripadvisor.com", "participants_count": 2, "title_full": "A once pleasant hotel in a superb location - Review of Hotel Eiffel Seine, Paris, France - TripAdvisor", "spam_score": 0.0, "site_type": "discussions", "published": "2017-03-16T02:00:00.000+02:00", "replies_count": 1, "uuid": "f777ce44afd48dec61864f2a188aaca37b764337"}, "author": "Daunielle C", "url": "https://www.tripadvisor.com/ShowUserReviews-g187147-d572984-r467967760-Hotel_Eiffel_Seine-Paris_Ile_de_France.html", "ord_in_thread": 0, "title": "A once pleasant hotel in a superb location", "locations": [], "entities": {"persons": [], "locations": [], "organizations": []}, "highlightText": "", "language": "english", "persons": [], "text": "We first visited the hotel when it was freshly remodeled approximately six years ago. The location was excellent and the rooms were cramped, but clean and new, the staff was friendly, and the overall expirience was wonderful. We returned last September and found the situation much changed, The rooms and common areas had become tired and poorly maintained, the staff was grumpy, distracted, (unless discussing football) ineficient, and quite surly when there mistakes were pointed out,\nTwice we ordered cabs for the morning which failed to appear because one particular night clerk could not bothered. Had the Eurostar not been delayed we would have left stranded. Do not recommend,\nRoom Tip: Cannot recommend any, See more room tips", "external_links": [], "published": "2017-03-16T02:00:00.000+02:00", "crawled": "2017-03-27T15:46:13.176+03:00", "highlightTitle": ""}