{"organizations": [], "uuid": "04cdf666b3fee1ef020a0c6b1deb5c32061bfda9", "thread": {"social": {"gplus": {"shares": 0}, "pinterest": {"shares": 0}, "vk": {"shares": 0}, "linkedin": {"shares": 0}, "facebook": {"likes": 0, "shares": 0, "comments": 0}, "stumbledupon": {"shares": 0}}, "site_full": "www.tripadvisor.com", "main_image": "https://media-cdn.tripadvisor.com/media/photo-s/0b/08/29/33/hotel-d-angleterre-saint.jpg", "site_section": "https://www.tripadvisor.com/Hotel_Review-g187147-d194277-Reviews-Hotel_d_Angleterre_Saint_Germain_des_Pres-Paris_Ile_de_France.html", "section_title": "Hotel d'Angleterre, Saint Germain des Pres - UPDATED 2017 Reviews &amp; Price Comparison (Paris, France) - TripAdvisor", "url": "https://www.tripadvisor.com/ShowUserReviews-g187147-d194277-r466826945-Hotel_d_Angleterre_Saint_Germain_des_Pres-Paris_Ile_de_France.html", "country": "US", "domain_rank": 189, "title": "Terrible disappointment", "performance_score": 0, "site": "tripadvisor.com", "participants_count": 1, "title_full": "Terrible disappointment - Review of Hotel d'Angleterre, Saint Germain des Pres, Paris, France - TripAdvisor", "spam_score": 0.0, "site_type": "discussions", "published": "2017-03-13T02:00:00.000+02:00", "replies_count": 0, "uuid": "04cdf666b3fee1ef020a0c6b1deb5c32061bfda9"}, "author": "Sylvia J", "url": "https://www.tripadvisor.com/ShowUserReviews-g187147-d194277-r466826945-Hotel_d_Angleterre_Saint_Germain_des_Pres-Paris_Ile_de_France.html", "ord_in_thread": 0, "title": "Terrible disappointment", "locations": [], "entities": {"persons": [], "locations": [], "organizations": []}, "highlightText": "", "language": "english", "persons": [], "text": "Last September (2016) I stayed four nights in the Angleterre. Despite its online self-praise, the hotel is mediocre except for its location. There is no elevator. My room, 46, was at the top of a very narrow, steep winding staircase. The ledge was almost nonexistent, so that opening the door of the room and getting in were actually hazardous; you almost literally toppled in. No shower; just a tub. Breakfast, laid out on top of a grand piano (what are they trying to prove?) was about the worst I've had in a hotel. No hot food; a small pile of cold, semi-hard-boiled eggs, apparently leftovers from the previous day. The coffee was very bad.\nThe desk personnel were mostly unwelcoming. Room prices on the website are considerably lower than what I was charged (191 euros). On the positive side: the bed and he housekeeping were very good; the chambermaid was friendly. In my journal entry for the last day: \"Finally, with great relief, I left this terrible hotel.\"", "external_links": [], "published": "2017-03-13T02:00:00.000+02:00", "crawled": "2017-03-29T10:30:48.221+03:00", "highlightTitle": ""}