{"organizations": [], "uuid": "9e487bd7b762c5d48b64dcea075a2c93db1c8252", "thread": {"social": {"gplus": {"shares": 0}, "pinterest": {"shares": 0}, "vk": {"shares": 0}, "linkedin": {"shares": 0}, "facebook": {"likes": 0, "shares": 0, "comments": 0}, "stumbledupon": {"shares": 0}}, "site_full": "www.tripadvisor.com", "main_image": "https://media-cdn.tripadvisor.com/media/photo-s/0e/c0/7b/b7/exterior.jpg", "site_section": "https://www.tripadvisor.com/Hotel_Review-g187147-d197525-Reviews-Ibis_Paris_17_Clichy_Batignolles-Paris_Ile_de_France.html", "section_title": "Ibis Paris 17 Clichy-Batignolles - UPDATED 2017 Hotel Reviews &amp; Price Comparison (France) - TripAdvisor", "url": "https://www.tripadvisor.com/ShowUserReviews-g187147-d197525-r470587532-Ibis_Paris_17_Clichy_Batignolles-Paris_Ile_de_France.html", "country": "US", "domain_rank": 189, "title": "Not relax place, so old and ruined.", "performance_score": 0, "site": "tripadvisor.com", "participants_count": 2, "title_full": "Not relax place, so old and ruined. - Review of Ibis Paris 17 Clichy-Batignolles, Paris, France - TripAdvisor", "spam_score": 0.0, "site_type": "discussions", "published": "2017-03-27T03:00:00.000+03:00", "replies_count": 1, "uuid": "9e487bd7b762c5d48b64dcea075a2c93db1c8252"}, "author": "Allen S", "url": "https://www.tripadvisor.com/ShowUserReviews-g187147-d197525-r470587532-Ibis_Paris_17_Clichy_Batignolles-Paris_Ile_de_France.html", "ord_in_thread": 0, "title": "Not relax place, so old and ruined.", "locations": [], "entities": {"persons": [], "locations": [], "organizations": []}, "highlightText": "", "language": "english", "persons": [], "text": "The clerks can't inform the travelers to the right places. They don't know the addresses. The beds are so terrible and dangerous because mattress move! and maybe person fall down. The clerks don't ask to the travelers. It is Not relax place, already so old and ruined.\nRoom Tip: All the rooms are old and ruined. See more room tips", "external_links": [], "published": "2017-03-27T03:00:00.000+03:00", "crawled": "2017-03-30T21:58:21.451+03:00", "highlightTitle": ""}