{"organizations": [], "uuid": "075b4987942b16caf7d33ca1216ec8cde01ca5ff", "thread": {"social": {"gplus": {"shares": 0}, "pinterest": {"shares": 0}, "vk": {"shares": 0}, "linkedin": {"shares": 0}, "facebook": {"likes": 0, "shares": 0, "comments": 0}, "stumbledupon": {"shares": 0}}, "site_full": "www.tripadvisor.com", "main_image": "https://media-cdn.tripadvisor.com/media/photo-s/08/f4/9f/f7/citadines-tour-eiffel.jpg", "site_section": "https://www.tripadvisor.com/Hotel_Review-g187147-d197659-Reviews-Citadines_Tour_Eiffel_Paris-Paris_Ile_de_France.html", "section_title": "Citadines Tour Eiffel Paris - UPDATED 2017 Hotel Reviews &amp; Price Comparison (France) - TripAdvisor", "url": "https://www.tripadvisor.com/ShowUserReviews-g187147-d197659-r469743280-Citadines_Tour_Eiffel_Paris-Paris_Ile_de_France.html", "country": "US", "domain_rank": 189, "title": "No Fresh Towels or Sheets", "performance_score": 0, "site": "tripadvisor.com", "participants_count": 2, "title_full": "No Fresh Towels or Sheets - Review of Citadines Tour Eiffel Paris, Paris, France - TripAdvisor", "spam_score": 0.0, "site_type": "discussions", "published": "2017-03-23T02:00:00.000+02:00", "replies_count": 1, "uuid": "075b4987942b16caf7d33ca1216ec8cde01ca5ff"}, "author": "Edyth-Anne", "url": "https://www.tripadvisor.com/ShowUserReviews-g187147-d197659-r469743280-Citadines_Tour_Eiffel_Paris-Paris_Ile_de_France.html", "ord_in_thread": 0, "title": "No Fresh Towels or Sheets", "locations": [], "entities": {"persons": [], "locations": [], "organizations": []}, "highlightText": "", "language": "english", "persons": [], "text": "If you don't need fresh towels every two or three days, don't mind mold in the bathroom, fresh sheets every few days, or dryers that don't work then this is the place for you!\nthe staff was wonderful, the room was clean, but after a few days, just like in your own home, you would expect some sort of cleaning service.\nRoom Tip: DO NOT use the laundry! you can pay for cleaning if you like added to the already steep price of the... See more room tips", "external_links": [], "published": "2017-03-23T02:00:00.000+02:00", "crawled": "2017-03-28T04:43:57.475+03:00", "highlightTitle": ""}