{"organizations": [], "uuid": "0d6d0c101964ed7fc7fa0d5f6882766d8d00ba54", "thread": {"social": {"gplus": {"shares": 0}, "pinterest": {"shares": 0}, "vk": {"shares": 0}, "linkedin": {"shares": 0}, "facebook": {"likes": 0, "shares": 0, "comments": 0}, "stumbledupon": {"shares": 0}}, "site_full": "www.tripadvisor.com", "main_image": "https://media-cdn.tripadvisor.com/media/photo-s/0d/5e/9d/d1/deluxe-double-guestroom.jpg", "site_section": "https://www.tripadvisor.com/Hotel_Review-g60763-d99302-Reviews-or10-The_Bentley_Hotel-New_York_City_New_York.html", "section_title": "The Bentley Hotel - UPDATED 2017 Reviews &amp; Price Comparison (New York City) - TripAdvisor", "url": "https://www.tripadvisor.com/ShowUserReviews-g60763-d99302-r469524368-The_Bentley_Hotel-New_York_City_New_York.html", "country": "US", "domain_rank": 189, "title": "Terrible experience", "performance_score": 0, "site": "tripadvisor.com", "participants_count": 2, "title_full": "Terrible experience - Review of The Bentley Hotel, New York City, NY - TripAdvisor", "spam_score": 0.002, "site_type": "discussions", "published": "2017-03-22T02:00:00.000+02:00", "replies_count": 1, "uuid": "0d6d0c101964ed7fc7fa0d5f6882766d8d00ba54"}, "author": "27joelw", "url": "https://www.tripadvisor.com/ShowUserReviews-g60763-d99302-r469524368-The_Bentley_Hotel-New_York_City_New_York.html", "ord_in_thread": 0, "title": "Terrible experience", "locations": [], "entities": {"persons": [], "locations": [], "organizations": []}, "highlightText": "", "language": "english", "persons": [], "text": "The guest services were extremely disappointing at the time of reservation as well as during my stay. Considering the costs and the quality of the hotel I would expect services to be equivalent quality; however they are extremely disappointing in this area.", "external_links": [], "published": "2017-03-22T02:00:00.000+02:00", "crawled": "2017-03-29T07:30:26.604+03:00", "highlightTitle": ""}