{"organizations": [], "uuid": "530e840792d3e36c58677bfc0320cb0a72914c20", "thread": {"social": {"gplus": {"shares": 0}, "pinterest": {"shares": 0}, "vk": {"shares": 0}, "linkedin": {"shares": 0}, "facebook": {"likes": 0, "shares": 0, "comments": 0}, "stumbledupon": {"shares": 0}}, "site_full": "www.tripadvisor.com", "main_image": "https://media-cdn.tripadvisor.com/media/photo-s/07/6f/45/f9/hyatt-union-square-new.jpg", "site_section": "https://www.tripadvisor.com/Hotel_Review-g60763-d3533197-Reviews-Hyatt_Union_Square_New_York-New_York_City_New_York.html", "section_title": "Hyatt Union Square New York - UPDATED 2017 Hotel Reviews &amp; Price Comparison (New York City) - TripAdvisor", "url": "https://www.tripadvisor.com/ShowUserReviews-g60763-d3533197-r468362289-Hyatt_Union_Square_New_York-New_York_City_New_York.html", "country": "US", "domain_rank": 189, "title": "Need to do better, all fixable by the right type of management", "performance_score": 0, "site": "tripadvisor.com", "participants_count": 2, "title_full": "Need to do better, all fixable by the right type of management - Review of Hyatt Union Square New York, New York City, NY - TripAdvisor", "spam_score": 0.001, "site_type": "discussions", "published": "2017-03-18T02:00:00.000+02:00", "replies_count": 1, "uuid": "530e840792d3e36c58677bfc0320cb0a72914c20"}, "author": "M852TDbryanm", "url": "https://www.tripadvisor.com/ShowUserReviews-g60763-d3533197-r468362289-Hyatt_Union_Square_New_York-New_York_City_New_York.html", "ord_in_thread": 0, "title": "Need to do better, all fixable by the right type of management", "locations": [], "entities": {"persons": [], "locations": [], "organizations": []}, "highlightText": "", "language": "english", "persons": [], "text": "Clearly poor management. Scattered staff, rude and more interested hanging out at the front and socializing. Linens and robe in room dirty. Front entrance closed and horrible path through alternative entrance", "external_links": [], "published": "2017-03-18T02:00:00.000+02:00", "crawled": "2017-03-30T22:57:47.055+03:00", "highlightTitle": ""}