{"organizations": [], "uuid": "8c7cfac5d6b87633e48c736d409698e81035d056", "thread": {"social": {"gplus": {"shares": 0}, "pinterest": {"shares": 0}, "vk": {"shares": 0}, "linkedin": {"shares": 0}, "facebook": {"likes": 0, "shares": 0, "comments": 0}, "stumbledupon": {"shares": 0}}, "site_full": "www.tripadvisor.com", "main_image": "https://media-cdn.tripadvisor.com/media/photo-s/06/ce/2a/a9/junior-suite.jpg", "site_section": "https://www.tripadvisor.com/Hotel_Review-g187147-d207854-Reviews-or10-Villa_Beaumarchais-Paris_Ile_de_France.html", "section_title": "Villa Beaumarchais - UPDATED 2016 Hotel Reviews &amp; Price Comparison (Paris, France) - TripAdvisor", "url": "https://www.tripadvisor.com/ShowUserReviews-g187147-d207854-r441163557-Villa_Beaumarchais-Paris_Ile_de_France.html", "country": "US", "domain_rank": 189, "title": "Poor customer service", "performance_score": 0, "site": "tripadvisor.com", "participants_count": 1, "title_full": "Poor customer service - Review of Villa Beaumarchais, Paris, France - TripAdvisor", "spam_score": 0.008, "site_type": "discussions", "published": "2017-03-23T02:00:00.000+02:00", "replies_count": 0, "uuid": "8c7cfac5d6b87633e48c736d409698e81035d056"}, "author": "maddomx", "url": "https://www.tripadvisor.com/ShowUserReviews-g187147-d207854-r441163557-Villa_Beaumarchais-Paris_Ile_de_France.html", "ord_in_thread": 0, "title": "Poor customer service", "locations": [], "entities": {"persons": [], "locations": [], "organizations": []}, "highlightText": "", "language": "english", "persons": [], "text": "I made a legitimate reservation mistake arriving one day later from the US, hotel went out of their way not to refund back the one night to me. This hotel has poor customer service compared to others.", "external_links": [], "published": "2017-03-23T02:00:00.000+02:00", "crawled": "2017-03-30T07:33:09.528+03:00", "highlightTitle": ""}