{"organizations": [], "uuid": "9f6a2e5efeb7f963912d2a3c3bf1f152e9a464c8", "thread": {"social": {"gplus": {"shares": 0}, "pinterest": {"shares": 0}, "vk": {"shares": 0}, "linkedin": {"shares": 0}, "facebook": {"likes": 0, "shares": 0, "comments": 0}, "stumbledupon": {"shares": 0}}, "site_full": "www.tripadvisor.com", "main_image": "https://media-cdn.tripadvisor.com/media/photo-s/0a/70/60/97/facade.jpg", "site_section": "https://www.tripadvisor.com/Hotel_Review-g187147-d228724-Reviews-Emeraude_Hotel_D_Espagne-Paris_Ile_de_France.html", "section_title": "Emeraude Hotel D'Espagne - UPDATED 2017 Reviews &amp; Price Comparison (Paris, France) - TripAdvisor", "url": "https://www.tripadvisor.com/ShowUserReviews-g187147-d228724-r464961188-Emeraude_Hotel_D_Espagne-Paris_Ile_de_France.html", "country": "US", "domain_rank": 189, "title": "Little Room, Dangerous Area", "performance_score": 0, "site": "tripadvisor.com", "participants_count": 1, "title_full": "Little Room, Dangerous Area - Review of Emeraude Hotel D'Espagne, Paris, France - TripAdvisor", "spam_score": 0.158, "site_type": "discussions", "published": "2017-03-06T02:00:00.000+02:00", "replies_count": 0, "uuid": "9f6a2e5efeb7f963912d2a3c3bf1f152e9a464c8"}, "author": "MisaGeziyor", "url": "https://www.tripadvisor.com/ShowUserReviews-g187147-d228724-r464961188-Emeraude_Hotel_D_Espagne-Paris_Ile_de_France.html", "ord_in_thread": 0, "title": "Little Room, Dangerous Area", "locations": [], "entities": {"persons": [], "locations": [], "organizations": []}, "highlightText": "", "language": "english", "persons": [], "text": "We had to find a cheap hotel then we selected this one but the rooms were awful, too little to move and the area was so dangerous. There were homelesses around. You have to walk as a group of people and always look around.", "external_links": [], "published": "2017-03-06T02:00:00.000+02:00", "crawled": "2017-03-27T06:16:05.846+03:00", "highlightTitle": ""}