{"organizations": [], "uuid": "ced95398eacc649c3108540f5c4940b7fb8bba3d", "thread": {"social": {"gplus": {"shares": 0}, "pinterest": {"shares": 0}, "vk": {"shares": 0}, "linkedin": {"shares": 0}, "facebook": {"likes": 0, "shares": 0, "comments": 0}, "stumbledupon": {"shares": 0}}, "site_full": "www.tripadvisor.com", "main_image": "https://media-cdn.tripadvisor.com/media/photo-s/0e/c0/a0/f7/exterior.jpg", "site_section": "https://www.tripadvisor.com/Hotel_Review-g187147-d228793-Reviews-Ibis_Paris_Opera_la_Fayette-Paris_Ile_de_France.html", "section_title": "Ibis Paris Opera la Fayette - UPDATED 2017 Hotel Reviews &amp; Price Comparison (France) - TripAdvisor", "url": "https://www.tripadvisor.com/ShowUserReviews-g187147-d228793-r463877450-Ibis_Paris_Opera_la_Fayette-Paris_Ile_de_France.html", "country": "US", "domain_rank": 189, "title": "Unprepared staff - Review", "performance_score": 0, "site": "tripadvisor.com", "participants_count": 2, "title_full": "Unprepared staff - Review of Ibis Paris Opera la Fayette, Paris, France - TripAdvisor", "spam_score": 0.001, "site_type": "discussions", "published": "2017-02-28T02:00:00.000+02:00", "replies_count": 1, "uuid": "ced95398eacc649c3108540f5c4940b7fb8bba3d"}, "author": "812brunok", "url": "https://www.tripadvisor.com/ShowUserReviews-g187147-d228793-r463877450-Ibis_Paris_Opera_la_Fayette-Paris_Ile_de_France.html", "ord_in_thread": 0, "title": "Unprepared staff - Review", "locations": [], "entities": {"persons": [], "locations": [], "organizations": []}, "highlightText": "", "language": "english", "persons": [], "text": "5 nights and no support, they really didn't care, at least was how i felt. For example, We had a cold room during the winter, they gave us a noise warmer, impossible to sleep. They have this \"slogan\" That says something like: we try so solve the problem in 15min... i don't think they even tryied.", "external_links": [], "published": "2017-02-28T02:00:00.000+02:00", "crawled": "2017-03-28T11:50:08.927+03:00", "highlightTitle": ""}