{"organizations": [], "uuid": "a0cf6f808c4a7c984a6b16f3920ee5f43248edb5", "thread": {"social": {"gplus": {"shares": 0}, "pinterest": {"shares": 0}, "vk": {"shares": 0}, "linkedin": {"shares": 0}, "facebook": {"likes": 0, "shares": 0, "comments": 0}, "stumbledupon": {"shares": 0}}, "site_full": "www.tripadvisor.com", "main_image": "https://media-cdn.tripadvisor.com/media/photo-s/07/8a/be/68/ibis-styles-paris-la.jpg", "site_section": "https://www.tripadvisor.com/Hotel_Review-g196563-d556968-Reviews-Ibis_Styles_Paris_La_Defense-Courbevoie_La_Defense_Hauts_de_Seine_Ile_de_France.html", "section_title": "Ibis Styles Paris La Defense - UPDATED 2017 Hotel Reviews &amp; Price Comparison (Courbevoie, France) - TripAdvisor", "url": "https://www.tripadvisor.com/ShowUserReviews-g196563-d556968-r469391397-Ibis_Styles_Paris_La_Defense-Courbevoie_La_Defense_Hauts_de_Seine_Ile_de_France.html", "country": "US", "domain_rank": 189, "title": "On the railway", "performance_score": 0, "site": "tripadvisor.com", "participants_count": 1, "title_full": "On the railway - Review of Ibis Styles Paris La Defense, Courbevoie, France - TripAdvisor", "spam_score": 0.005, "site_type": "discussions", "published": "2017-03-22T02:00:00.000+02:00", "replies_count": 0, "uuid": "a0cf6f808c4a7c984a6b16f3920ee5f43248edb5"}, "author": "MiklosAlmasy", "url": "https://www.tripadvisor.com/ShowUserReviews-g196563-d556968-r469391397-Ibis_Styles_Paris_La_Defense-Courbevoie_La_Defense_Hauts_de_Seine_Ile_de_France.html", "ord_in_thread": 0, "title": "On the railway", "locations": [], "entities": {"persons": [], "locations": [], "organizations": []}, "highlightText": "", "language": "english", "persons": [], "text": "Avoid this hotel as you will have one chance out of 2 to have a window right on the railway...\nRooms are very small, but well equipped.\nI had a bad smell coming from the sink in room 101.\nBreakfast was good enough.\nRoom Tip: Ask a room on street side See more room tips", "external_links": ["https://static.tacdn.com/img2/x.gif"], "published": "2017-03-22T02:00:00.000+02:00", "crawled": "2017-03-30T20:51:48.956+03:00", "highlightTitle": ""}