{"organizations": [], "uuid": "5d7a911cdc5b2d06ee061e814324537a4a27d15b", "thread": {"social": {"gplus": {"shares": 0}, "pinterest": {"shares": 0}, "vk": {"shares": 0}, "linkedin": {"shares": 0}, "facebook": {"likes": 0, "shares": 0, "comments": 0}, "stumbledupon": {"shares": 0}}, "site_full": "www.tripadvisor.com", "main_image": "https://media-cdn.tripadvisor.com/media/photo-s/0d/fc/b3/99/cour-interieure.jpg", "site_section": "https://www.tripadvisor.com/Hotel_Review-g187147-d228696-Reviews-Hotel_Le_Littre-Paris_Ile_de_France.html", "section_title": "Hotel Le Littre - UPDATED 2017 Reviews &amp; Price Comparison (Paris, France) - TripAdvisor", "url": "https://www.tripadvisor.com/ShowUserReviews-g187147-d228696-r471084981-Hotel_Le_Littre-Paris_Ile_de_France.html", "country": "US", "domain_rank": 189, "title": "Not coming back", "performance_score": 0, "site": "tripadvisor.com", "participants_count": 2, "title_full": "Not coming back - Review of Hotel Le Littre, Paris, France - TripAdvisor", "spam_score": 0.0, "site_type": "discussions", "published": "2017-03-29T03:00:00.000+03:00", "replies_count": 1, "uuid": "5d7a911cdc5b2d06ee061e814324537a4a27d15b"}, "author": "Tal D", "url": "https://www.tripadvisor.com/ShowUserReviews-g187147-d228696-r471084981-Hotel_Le_Littre-Paris_Ile_de_France.html", "ord_in_thread": 0, "title": "Not coming back", "locations": [], "entities": {"persons": [], "locations": [], "organizations": []}, "highlightText": "", "language": "english", "persons": [], "text": "Arrived Monday eve, received a smoking room! Smelled terrible so I've asked to have a non smoking room (unclear why the default was to give me a smoking room on the 7th floor).\nThe alternative room on the 4th floor was fine until midnight when the power (electricity) went out for some of the rooms including mine.\nAfter understanding that they'll not be able to fix the problem, I've packed my bag using the mobile phone flashlight and moved to another room on the 1st floor.\nNo queen size bed was available so I've received two twin sized beds in the new room, which according to the hotel was a superior room (maybe the room was a bit larger but the bathroom was smaller, so nothing superior about it).\nLast but not least he breakfast is of fine quality but the variety is very small and not worth the additional costs.\nThis is the first hotel in Paris that I can say I was deeply disappointed with.", "external_links": ["https://static.tacdn.com/img2/x.gif"], "published": "2017-03-29T03:00:00.000+03:00", "crawled": "2017-03-31T23:51:54.230+03:00", "highlightTitle": ""}