{"organizations": [], "uuid": "dc97664461b6bf6d9878641719916974a748bf7e", "thread": {"social": {"gplus": {"shares": 0}, "pinterest": {"shares": 0}, "vk": {"shares": 0}, "linkedin": {"shares": 0}, "facebook": {"likes": 0, "shares": 0, "comments": 0}, "stumbledupon": {"shares": 0}}, "site_full": "www.tripadvisor.com", "main_image": "https://media-cdn.tripadvisor.com/media/photo-s/05/a7/c7/d2/citizenm-new-york-times.jpg", "site_section": "https://www.tripadvisor.com/Hotel_Review-g60763-d6385164-Reviews-or10-CitizenM_New_York_Times_Square-New_York_City_New_York.html", "section_title": "citizenM New York Times Square - UPDATED 2017 Hotel Reviews &amp; Price Comparison (New York City) - TripAdvisor", "url": "https://www.tripadvisor.com/ShowUserReviews-g60763-d6385164-r468992394-CitizenM_New_York_Times_Square-New_York_City_New_York.html", "country": "US", "domain_rank": 189, "title": "Turned us away at the door with reservation", "performance_score": 0, "site": "tripadvisor.com", "participants_count": 1, "title_full": "Turned us away at the door with reservation - Review of citizenM New York Times Square, New York City, NY - TripAdvisor", "spam_score": 0.008, "site_type": "discussions", "published": "2017-03-20T02:00:00.000+02:00", "replies_count": 0, "uuid": "dc97664461b6bf6d9878641719916974a748bf7e"}, "author": "Bobbi S", "url": "https://www.tripadvisor.com/ShowUserReviews-g60763-d6385164-r468992394-CitizenM_New_York_Times_Square-New_York_City_New_York.html", "ord_in_thread": 0, "title": "Turned us away at the door with reservation", "locations": [], "entities": {"persons": [], "locations": [], "organizations": []}, "highlightText": "", "language": "english", "persons": [], "text": "We set this reservation through priceline, said double room. We showed up with our 3 children and said we couldn't stay OR refund our money. We realized it would likely be too small and tried canceling 3 times prior to arrival and they refused. This is unacceptable!", "external_links": [], "published": "2017-03-20T02:00:00.000+02:00", "crawled": "2017-03-27T03:17:20.723+03:00", "highlightTitle": ""}