{"organizations": [], "uuid": "bce94d1261a1cdc04d30a5ce909b0689049d89dd", "thread": {"social": {"gplus": {"shares": 0}, "pinterest": {"shares": 0}, "vk": {"shares": 0}, "linkedin": {"shares": 0}, "facebook": {"likes": 0, "shares": 0, "comments": 0}, "stumbledupon": {"shares": 0}}, "site_full": "www.tripadvisor.com", "main_image": "https://media-cdn.tripadvisor.com/media/photo-s/0e/be/c3/15/junior-suite.jpg", "site_section": "https://www.tripadvisor.com/Hotel_Review-g60763-d93477-Reviews-or10-New_York_Marriott_Downtown-New_York_City_New_York.html", "section_title": "New York Marriott Downtown - UPDATED 2017 Hotel Reviews &amp; Price Comparison (New York City) - TripAdvisor", "url": "https://www.tripadvisor.com/ShowUserReviews-g60763-d93477-r463918357-New_York_Marriott_Downtown-New_York_City_New_York.html", "country": "US", "domain_rank": 189, "title": "Very disappointing", "performance_score": 0, "site": "tripadvisor.com", "participants_count": 2, "title_full": "Very disappointing - Review of New York Marriott Downtown, New York City, NY - TripAdvisor", "spam_score": 0.015, "site_type": "discussions", "published": "2017-03-01T02:00:00.000+02:00", "replies_count": 1, "uuid": "bce94d1261a1cdc04d30a5ce909b0689049d89dd"}, "author": "martin h", "url": "https://www.tripadvisor.com/ShowUserReviews-g60763-d93477-r463918357-New_York_Marriott_Downtown-New_York_City_New_York.html", "ord_in_thread": 0, "title": "Very disappointing", "locations": [], "entities": {"persons": [], "locations": [], "organizations": []}, "highlightText": "", "language": "english", "persons": [], "text": "Half of the room had a wood floor. i had a women in high heels above me. heard every step she took and she took a lot of tehm.no room service. had to go downstairs to a restaurant but they would not let me take a glass of wine with me. they never mentioned they were giving me a handicapped room. Normally, i would be fine but just had a double hip replacement so not easy getting into or out of the shower. would not return.\nRoom Tip: stay at a different hotel See more room tips", "external_links": [], "published": "2017-03-01T02:00:00.000+02:00", "crawled": "2017-03-30T16:48:29.289+03:00", "highlightTitle": ""}