{"organizations": [], "uuid": "15d8a20eadd05ece0f33ffa1976a1ad615c1ed42", "thread": {"social": {"gplus": {"shares": 0}, "pinterest": {"shares": 0}, "vk": {"shares": 0}, "linkedin": {"shares": 0}, "facebook": {"likes": 0, "shares": 0, "comments": 0}, "stumbledupon": {"shares": 0}}, "site_full": "www.tripadvisor.com", "main_image": "https://media-cdn.tripadvisor.com/media/photo-s/04/aa/1d/c0/hotel-marquis-faubourg.jpg", "site_section": "https://www.tripadvisor.com/Hotel_Review-g187147-d3773081-Reviews-Hotel_Marquis_Faubourg_Saint_Honore-Paris_Ile_de_France.html", "section_title": "Hotel Marquis Faubourg Saint - Honore - UPDATED 2017 Reviews &amp; Price Comparison (Paris, France) - TripAdvisor", "url": "https://www.tripadvisor.com/ShowUserReviews-g187147-d3773081-r468556043-Hotel_Marquis_Faubourg_Saint_Honore-Paris_Ile_de_France.html", "country": "US", "domain_rank": 189, "title": "Ah Paris!!!", "performance_score": 0, "site": "tripadvisor.com", "participants_count": 1, "title_full": "Ah Paris!!! - Review of Hotel Marquis Faubourg Saint - Honore, Paris, France - TripAdvisor", "spam_score": 0.0, "site_type": "discussions", "published": "2017-03-19T02:00:00.000+02:00", "replies_count": 0, "uuid": "15d8a20eadd05ece0f33ffa1976a1ad615c1ed42"}, "author": "Healdsburke", "url": "https://www.tripadvisor.com/ShowUserReviews-g187147-d3773081-r468556043-Hotel_Marquis_Faubourg_Saint_Honore-Paris_Ile_de_France.html", "ord_in_thread": 0, "title": "Ah Paris!!!", "locations": [], "entities": {"persons": [], "locations": [], "organizations": []}, "highlightText": "", "language": "english", "persons": [], "text": "Planned to stay at this hotel for our 50th wedding anniversary. Unfortunately an injury to my leg kept us in Lausanne and we were unable to go TWO days before our scheduled arrival at the hotel.\nIn fairness to the hotel (a Relais & Chateaux affiliate hotel) the Relais & Chateau cancellation policy is very clear \"Reservations must be cancelled by 3pm - 3 days prior to arrival date to avoid a penalty of the full stay including tax\" so I was 1 DAY late in my request to cancel. So I have no recourse.\nI did contacted the hotel and asked if under the circumstances of the leg injury if they would consider charging me something less than the full stay. The email response after my personal call was as follows \"cancellation conditions are INFLEXIBLE and $100% of your stay is due", "external_links": [], "published": "2017-03-19T02:00:00.000+02:00", "crawled": "2017-03-29T19:25:05.514+03:00", "highlightTitle": ""}