{"organizations": [], "uuid": "f7f3978edf2bfe4fe8864c584adf1f041bcf8972", "thread": {"social": {"gplus": {"shares": 0}, "pinterest": {"shares": 0}, "vk": {"shares": 0}, "linkedin": {"shares": 0}, "facebook": {"likes": 0, "shares": 0, "comments": 0}, "stumbledupon": {"shares": 0}}, "site_full": "www.tripadvisor.com", "main_image": "https://media-cdn.tripadvisor.com/media/photo-s/0e/3b/ff/5b/junior-suite-room.jpg", "site_section": "https://www.tripadvisor.com/Hotel_Review-g187147-d261990-Reviews-Hotel_Franklin_D_Roosevelt-Paris_Ile_de_France.html", "section_title": "Hotel Franklin D. Roosevelt - UPDATED 2017 Reviews &amp; Price Comparison (Paris, France) - TripAdvisor", "url": "https://www.tripadvisor.com/ShowUserReviews-g187147-d261990-r468618755-Hotel_Franklin_D_Roosevelt-Paris_Ile_de_France.html", "country": "US", "domain_rank": 189, "title": "Not a 4 star hotel!!!", "performance_score": 0, "site": "tripadvisor.com", "participants_count": 2, "title_full": "Not a 4 star hotel!!! - Review of Hotel Franklin D. Roosevelt, Paris, France - TripAdvisor", "spam_score": 0.0, "site_type": "discussions", "published": "2017-03-19T02:00:00.000+02:00", "replies_count": 1, "uuid": "f7f3978edf2bfe4fe8864c584adf1f041bcf8972"}, "author": "debbieg377", "url": "https://www.tripadvisor.com/ShowUserReviews-g187147-d261990-r468618755-Hotel_Franklin_D_Roosevelt-Paris_Ile_de_France.html", "ord_in_thread": 0, "title": "Not a 4 star hotel!!!", "locations": [], "entities": {"persons": [], "locations": [], "organizations": []}, "highlightText": "", "language": "english", "persons": [], "text": "Unfortunately we have not been give N a it was supposée to be a 4 star hotel but is really à low 3 star....\nNoisy... smells of smoking on each floor and The breakfast room was not available the morning i stayed There.", "external_links": [], "published": "2017-03-19T02:00:00.000+02:00", "crawled": "2017-03-28T20:41:46.152+03:00", "highlightTitle": ""}