{"organizations": [], "uuid": "beb2d6bf7bfdcd98f39d78d80eca2a47334cf62b", "thread": {"social": {"gplus": {"shares": 0}, "pinterest": {"shares": 0}, "vk": {"shares": 0}, "linkedin": {"shares": 0}, "facebook": {"likes": 0, "shares": 0, "comments": 0}, "stumbledupon": {"shares": 0}}, "site_full": "www.tripadvisor.com", "main_image": "https://media-cdn.tripadvisor.com/media/photo-s/0e/82/21/2b/hotel-exterior-view-by.jpg", "site_section": "https://www.tripadvisor.com/Hotel_Review-g186338-d189339-Reviews-Holiday_Inn_Express_London_City-London_England.html", "section_title": "Holiday Inn Express London City - UPDATED 2017 Hotel Reviews &amp; Price Comparison (England) - TripAdvisor", "url": "https://www.tripadvisor.com/ShowUserReviews-g186338-d189339-r465993721-Holiday_Inn_Express_London_City-London_England.html", "country": "US", "domain_rank": 189, "title": "Appalling from the minute I walked into reception", "performance_score": 0, "site": "tripadvisor.com", "participants_count": 2, "title_full": "Appalling from the minute I walked into reception - Review of Holiday Inn Express London City, London, England - TripAdvisor", "spam_score": 0.0, "site_type": "discussions", "published": "2017-03-10T02:00:00.000+02:00", "replies_count": 1, "uuid": "beb2d6bf7bfdcd98f39d78d80eca2a47334cf62b"}, "author": "Michael H", "url": "https://www.tripadvisor.com/ShowUserReviews-g186338-d189339-r465993721-Holiday_Inn_Express_London_City-London_England.html", "ord_in_thread": 0, "title": "Appalling from the minute I walked into reception", "locations": [], "entities": {"persons": [], "locations": [], "organizations": []}, "highlightText": "", "language": "english", "persons": [], "text": "Lost my booking, then wanted credit card. When all was paid. Room poor, no lifts as\"waiting for parts\" one supposedly working but never moved from 5th floor, as builders using it. Breakfast has absolutely nothing for vegetarian except runny scrambled egg. No mushrooms tomato etc. Builders using power tools from 7:30. Had to prove I had paid - lucky I had print with me. Bathroom not cleaned...and all this happened last time I stayed here in summer 2016. That time was worse.... If alternative in area I would stay there", "external_links": [], "published": "2017-03-10T02:00:00.000+02:00", "crawled": "2017-03-31T21:49:15.536+03:00", "highlightTitle": ""}