{"organizations": [], "uuid": "fd4b49efdbbcf133cd57d45cbc8dee096fe23681", "thread": {"social": {"gplus": {"shares": 0}, "pinterest": {"shares": 0}, "vk": {"shares": 0}, "linkedin": {"shares": 0}, "facebook": {"likes": 0, "shares": 0, "comments": 0}, "stumbledupon": {"shares": 0}}, "site_full": "www.tripadvisor.com", "main_image": "https://media-cdn.tripadvisor.com/media/photo-s/0b/48/b0/f4/royal-park-hotel-room.jpg", "site_section": "https://www.tripadvisor.com/Hotel_Review-g60763-d1155229-Reviews-Royal_Park_Hotel-New_York_City_New_York.html", "section_title": "Royal Park Hotel - UPDATED 2017 Reviews &amp; Price Comparison (New York City) - TripAdvisor", "url": "https://www.tripadvisor.com/ShowUserReviews-g60763-d1155229-r458579464-Royal_Park_Hotel-New_York_City_New_York.html", "country": "US", "domain_rank": 189, "title": "Royal park horrible hotel", "performance_score": 0, "site": "tripadvisor.com", "participants_count": 2, "title_full": "Royal park horrible hotel - Review of Royal Park Hotel, New York City, NY - TripAdvisor", "spam_score": 0.001, "site_type": "discussions", "published": "2017-03-28T03:00:00.000+03:00", "replies_count": 1, "uuid": "fd4b49efdbbcf133cd57d45cbc8dee096fe23681"}, "author": "Denia B", "url": "https://www.tripadvisor.com/ShowUserReviews-g60763-d1155229-r458579464-Royal_Park_Hotel-New_York_City_New_York.html", "ord_in_thread": 0, "title": "Royal park horrible hotel", "locations": [], "entities": {"persons": [], "locations": [], "organizations": []}, "highlightText": "", "language": "english", "persons": [], "text": "Booked two nights and only lasted 5 mins and left. Did not even get refunded. Hotel is in terrible conditions. Photos say it all. Not to mention the halls of the hotel floor are warped and you are literally tilted as you walk", "external_links": ["https://static.tacdn.com/img2/x.gif"], "published": "2017-03-28T03:00:00.000+03:00", "crawled": "2017-03-29T06:10:10.135+03:00", "highlightTitle": ""}