{"organizations": [], "uuid": "460dc272d7a85f416541ecb7c2eed05d5d817fd3", "thread": {"social": {"gplus": {"shares": 0}, "pinterest": {"shares": 0}, "vk": {"shares": 0}, "linkedin": {"shares": 0}, "facebook": {"likes": 0, "shares": 0, "comments": 0}, "stumbledupon": {"shares": 0}}, "site_full": "www.tripadvisor.com", "main_image": "https://media-cdn.tripadvisor.com/media/photo-s/07/fa/dd/d4/lobby.jpg", "site_section": "https://www.tripadvisor.com/Hotel_Review-g60763-d99388-Reviews-Ramada_New_York_Eastside-New_York_City_New_York.html", "section_title": "Ramada New York/Eastside - UPDATED 2017 Hotel Reviews &amp; Price Comparison (New York City) - TripAdvisor", "url": "https://www.tripadvisor.com/ShowUserReviews-g60763-d99388-r468993457-Ramada_New_York_Eastside-New_York_City_New_York.html", "country": "US", "domain_rank": 189, "title": "Not what I expected..", "performance_score": 0, "site": "tripadvisor.com", "participants_count": 2, "title_full": "Not what I expected.. - Review of Ramada New York/Eastside, New York City, NY - TripAdvisor", "spam_score": 0.0, "site_type": "discussions", "published": "2017-03-20T02:00:00.000+02:00", "replies_count": 1, "uuid": "460dc272d7a85f416541ecb7c2eed05d5d817fd3"}, "author": "kabe136bp", "url": "https://www.tripadvisor.com/ShowUserReviews-g60763-d99388-r468993457-Ramada_New_York_Eastside-New_York_City_New_York.html", "ord_in_thread": 0, "title": "Not what I expected..", "locations": [], "entities": {"persons": [], "locations": [], "organizations": []}, "highlightText": "", "language": "english", "persons": [], "text": "Employees at that front desk were not social , the construction going on near by doesnt let you sleep, the ice machine was broken, the constant slamming of doors, make sure you bring your own toothbrush and tooth paste, tub to small for 2 took to take a shower ,, house keeping continues to knock on your door even if you say you are busy or sleeping , the rooms ac and heating system turns on and off every minute making a loud noise when it comes on, they did not welcome me in the hotel and when I registered out not even a thank you or come again, I hope your experience was better than mine,", "external_links": [], "published": "2017-03-20T02:00:00.000+02:00", "crawled": "2017-03-30T19:36:29.602+03:00", "highlightTitle": ""}