{"organizations": [], "uuid": "78ef29be0d38bf40345593c1255f024dd44d8bba", "thread": {"social": {"gplus": {"shares": 0}, "pinterest": {"shares": 0}, "vk": {"shares": 0}, "linkedin": {"shares": 0}, "facebook": {"likes": 0, "shares": 0, "comments": 0}, "stumbledupon": {"shares": 0}}, "site_full": "www.tripadvisor.com", "main_image": "https://media-cdn.tripadvisor.com/media/photo-s/07/07/de/35/hudson-hotel-new-york.jpg", "site_section": "https://www.tripadvisor.com/Hotel_Review-g60763-d223023-Reviews-or40-Hudson_Hotel_New_York-New_York_City_New_York.html", "section_title": "Hudson Hotel New York - UPDATED 2017 Reviews &amp; Price Comparison (New York City) - TripAdvisor", "url": "https://www.tripadvisor.com/ShowUserReviews-g60763-d223023-r466758210-Hudson_Hotel_New_York-New_York_City_New_York.html", "country": "US", "domain_rank": 189, "title": "Dirty and not worth the money", "performance_score": 0, "site": "tripadvisor.com", "participants_count": 2, "title_full": "Dirty and not worth the money - Review of Hudson Hotel New York, New York City, NY - TripAdvisor", "spam_score": 0.0, "site_type": "discussions", "published": "2017-03-13T02:00:00.000+02:00", "replies_count": 1, "uuid": "78ef29be0d38bf40345593c1255f024dd44d8bba"}, "author": "kras2fr", "url": "https://www.tripadvisor.com/ShowUserReviews-g60763-d223023-r466758210-Hudson_Hotel_New_York-New_York_City_New_York.html", "ord_in_thread": 0, "title": "Dirty and not worth the money", "locations": [], "entities": {"persons": [], "locations": [], "organizations": []}, "highlightText": "", "language": "english", "persons": [], "text": "Bathroom full of mold, radiator pipes make noise all night, walls so thin you can hear neighbors and people in the hallway. 2 cocktails were $50. The bathroom was so small, I had to open the door to blow dry my hair. All of the ivy in the lobby was covered in dust.\nRoom Tip: Hotel needs a major update. See more room tips", "external_links": [], "published": "2017-03-13T02:00:00.000+02:00", "crawled": "2017-03-30T01:52:00.777+03:00", "highlightTitle": ""}