{"organizations": [], "uuid": "887919e2f751d8c0c5b3adc20143d7aaf0b0758f", "thread": {"social": {"gplus": {"shares": 0}, "pinterest": {"shares": 0}, "vk": {"shares": 0}, "linkedin": {"shares": 0}, "facebook": {"likes": 0, "shares": 0, "comments": 0}, "stumbledupon": {"shares": 0}}, "site_full": "www.tripadvisor.com", "main_image": "https://media-cdn.tripadvisor.com/media/photo-s/09/ac/a5/e7/exterior.jpg", "site_section": "https://www.tripadvisor.com/Hotel_Review-g60763-d1139717-Reviews-Holiday_Inn_Express_New_York_City_Times_Square-New_York_City_New_York.html", "section_title": "Holiday Inn Express New York City Times Square - UPDATED 2017 Hotel Reviews &amp; Price Comparison - TripAdvisor", "url": "https://www.tripadvisor.com/ShowUserReviews-g60763-d1139717-r468646768-Holiday_Inn_Express_New_York_City_Times_Square-New_York_City_New_York.html", "country": "US", "domain_rank": 189, "title": "Renovations....ugh!", "performance_score": 0, "site": "tripadvisor.com", "participants_count": 1, "title_full": "Renovations....ugh! - Review of Holiday Inn Express New York City Times Square, New York City, NY - TripAdvisor", "spam_score": 0.004, "site_type": "discussions", "published": "2017-03-19T02:00:00.000+02:00", "replies_count": 0, "uuid": "887919e2f751d8c0c5b3adc20143d7aaf0b0758f"}, "author": "Ruthi K", "url": "https://www.tripadvisor.com/ShowUserReviews-g60763-d1139717-r468646768-Holiday_Inn_Express_New_York_City_Times_Square-New_York_City_New_York.html", "ord_in_thread": 0, "title": "Renovations....ugh!", "locations": [], "entities": {"persons": [], "locations": [], "organizations": []}, "highlightText": "", "language": "english", "persons": [], "text": "I have stayed here before, but this time was very disappointing. If I had known about the constructions/renovations- I would NOT have booked here. Upon arrival, the hammering & noise were so bad, I could not even here what the desk staff was telling me. The lobby was filthy,loud &had debris everywhere. One elevator was being used to store building supplies. Leaving only one in use for a 30 story building. Ice Machines & Vending were not available.", "external_links": [], "published": "2017-03-19T02:00:00.000+02:00", "crawled": "2017-03-29T13:40:18.979+03:00", "highlightTitle": ""}