{"organizations": [], "uuid": "5a483d9aaf01b7fc4883775c01964d610a6710d5", "thread": {"social": {"gplus": {"shares": 0}, "pinterest": {"shares": 0}, "vk": {"shares": 0}, "linkedin": {"shares": 0}, "facebook": {"likes": 0, "shares": 0, "comments": 0}, "stumbledupon": {"shares": 0}}, "site_full": "www.tripadvisor.com", "main_image": "https://media-cdn.tripadvisor.com/media/photo-s/07/fa/dd/d4/lobby.jpg", "site_section": "https://www.tripadvisor.com/Hotel_Review-g60763-d99388-Reviews-or10-Ramada_New_York_Eastside-New_York_City_New_York.html", "section_title": "Ramada New York/Eastside - UPDATED 2017 Hotel Reviews &amp; Price Comparison (New York City) - TripAdvisor", "url": "https://www.tripadvisor.com/ShowUserReviews-g60763-d99388-r465329509-Ramada_New_York_Eastside-New_York_City_New_York.html", "country": "US", "domain_rank": 189, "title": "Ok rooms, disappointing service", "performance_score": 0, "site": "tripadvisor.com", "participants_count": 2, "title_full": "Ok rooms, disappointing service - Review of Ramada New York/Eastside, New York City, NY - TripAdvisor", "spam_score": 0.0, "site_type": "discussions", "published": "2017-03-07T02:00:00.000+02:00", "replies_count": 1, "uuid": "5a483d9aaf01b7fc4883775c01964d610a6710d5"}, "author": "Félix L", "url": "https://www.tripadvisor.com/ShowUserReviews-g60763-d99388-r465329509-Ramada_New_York_Eastside-New_York_City_New_York.html", "ord_in_thread": 0, "title": "Ok rooms, disappointing service", "locations": [], "entities": {"persons": [], "locations": [], "organizations": []}, "highlightText": "", "language": "english", "persons": [], "text": "The rooms have an odd configuration but are very clean. The service was terrible and we had multiple problems and there was no answers at the front desk. On one occasion, we finally reached someone and they sent someone who told me he couldn't do anything as soon as I opened the door. Disappointing...", "external_links": [], "published": "2017-03-07T02:00:00.000+02:00", "crawled": "2017-03-30T20:07:56.539+03:00", "highlightTitle": ""}