{"organizations": [], "uuid": "2573f1ab467f36dfc1d36438dc207dbca551bf7a", "thread": {"social": {"gplus": {"shares": 0}, "pinterest": {"shares": 0}, "vk": {"shares": 0}, "linkedin": {"shares": 0}, "facebook": {"likes": 0, "shares": 0, "comments": 0}, "stumbledupon": {"shares": 0}}, "site_full": "www.tripadvisor.com", "main_image": "https://media-cdn.tripadvisor.com/media/photo-s/06/82/8c/4d/le-123-sebastopol-astotel.jpg", "site_section": "https://www.tripadvisor.com/Hotel_Review-g187147-d4800782-Reviews-Le_123_Sebastopol_Astotel-Paris_Ile_de_France.html", "section_title": "Le 123 Sebastopol - Astotel - UPDATED 2017 Hotel Reviews &amp; Price Comparison (Paris, France) - TripAdvisor", "url": "https://www.tripadvisor.com/ShowUserReviews-g187147-d4800782-r464624938-Le_123_Sebastopol_Astotel-Paris_Ile_de_France.html", "country": "US", "domain_rank": 189, "title": "Really wanted to love this place...", "performance_score": 0, "site": "tripadvisor.com", "participants_count": 1, "title_full": "Really wanted to love this place... - Review of Le 123 Sebastopol - Astotel, Paris, France - TripAdvisor", "spam_score": 0.193, "site_type": "discussions", "published": "2017-03-04T02:00:00.000+02:00", "replies_count": 0, "uuid": "2573f1ab467f36dfc1d36438dc207dbca551bf7a"}, "author": "thefriendlytraveler", "url": "https://www.tripadvisor.com/ShowUserReviews-g187147-d4800782-r464624938-Le_123_Sebastopol_Astotel-Paris_Ile_de_France.html", "ord_in_thread": 0, "title": "Really wanted to love this place...", "locations": [], "entities": {"persons": [], "locations": [], "organizations": []}, "highlightText": "", "language": "english", "persons": [], "text": "Great service and food, fun theme, as described in the reviews. Unfortunately the loud, thumping music until midnight easily heard in rooms from their soiree is a fail. Since we like to sleep in the room, we'll next time pass.", "external_links": [], "published": "2017-03-04T02:00:00.000+02:00", "crawled": "2017-03-26T19:40:10.972+03:00", "highlightTitle": ""}