{"organizations": [], "uuid": "8425eb9f99ac3cf89a1ae1425ad4917755b5b478", "thread": {"social": {"gplus": {"shares": 0}, "pinterest": {"shares": 0}, "vk": {"shares": 0}, "linkedin": {"shares": 0}, "facebook": {"likes": 0, "shares": 0, "comments": 0}, "stumbledupon": {"shares": 0}}, "site_full": "www.tripadvisor.com", "main_image": "https://media-cdn.tripadvisor.com/media/photo-s/09/c4/82/d0/hotel-91.jpg", "site_section": "https://www.tripadvisor.com/Hotel_Review-g60763-d1048678-Reviews-The_Hotel_91-New_York_City_New_York.html", "section_title": "The Hotel 91 - UPDATED 2017 Reviews &amp; Price Comparison (New York City) - TripAdvisor", "url": "https://www.tripadvisor.com/ShowUserReviews-g60763-d1048678-r463439989-The_Hotel_91-New_York_City_New_York.html", "country": "US", "domain_rank": 189, "title": "Don't waste your money", "performance_score": 0, "site": "tripadvisor.com", "participants_count": 1, "title_full": "Don't waste your money - Review of The Hotel 91, New York City, NY - TripAdvisor", "spam_score": 0.008, "site_type": "discussions", "published": "2017-02-28T02:00:00.000+02:00", "replies_count": 0, "uuid": "8425eb9f99ac3cf89a1ae1425ad4917755b5b478"}, "author": "Ben T", "url": "https://www.tripadvisor.com/ShowUserReviews-g60763-d1048678-r463439989-The_Hotel_91-New_York_City_New_York.html", "ord_in_thread": 0, "title": "Don't waste your money", "locations": [], "entities": {"persons": [], "locations": [], "organizations": []}, "highlightText": "", "language": "english", "persons": [], "text": "No breakfast, overpriced, no hot water, but most importantly had a subway train running past my room shaking the room every five minutes throughout the night. I will never ever stay here again. Hope this is helpful.", "external_links": [], "published": "2017-02-28T02:00:00.000+02:00", "crawled": "2017-03-30T20:28:46.507+03:00", "highlightTitle": ""}