{"organizations": [], "uuid": "c62442d0c80dd700dc67dd57dbac1fd6e5048fff", "thread": {"social": {"gplus": {"shares": 0}, "pinterest": {"shares": 0}, "vk": {"shares": 0}, "linkedin": {"shares": 0}, "facebook": {"likes": 0, "shares": 0, "comments": 0}, "stumbledupon": {"shares": 0}}, "site_full": "www.tripadvisor.com", "main_image": "https://media-cdn.tripadvisor.com/media/photo-s/07/73/86/43/living-room.jpg", "site_section": "https://www.tripadvisor.com/Hotel_Review-g60763-d112066-Reviews-W_New_York-New_York_City_New_York.html", "section_title": "W New York - UPDATED 2017 Hotel Reviews &amp; Price Comparison (New York City) - TripAdvisor", "url": "https://www.tripadvisor.com/ShowUserReviews-g60763-d112066-r469739628-W_New_York-New_York_City_New_York.html", "country": "US", "domain_rank": 189, "title": "Housekeeping walked in TWICE", "performance_score": 0, "site": "tripadvisor.com", "participants_count": 2, "title_full": "Housekeeping walked in TWICE - Review of W New York, New York City, NY - TripAdvisor", "spam_score": 0.0, "site_type": "discussions", "published": "2017-03-23T02:00:00.000+02:00", "replies_count": 1, "uuid": "c62442d0c80dd700dc67dd57dbac1fd6e5048fff"}, "author": "brandyn37", "url": "https://www.tripadvisor.com/ShowUserReviews-g60763-d112066-r469739628-W_New_York-New_York_City_New_York.html", "ord_in_thread": 0, "title": "Housekeeping walked in TWICE", "locations": [], "entities": {"persons": [], "locations": [], "organizations": []}, "highlightText": "", "language": "english", "persons": [], "text": "Housekeeping knocked once and then, less than 2 seconds later, walked into my room. Complained to management who assured me that it would handled. Later the same day, the EXACT SAME THING happened. Housekeeping knocked and walked right in. I stay in hotels for about 150 nights per year and have never had this happen before. Glad I wasn't coming out of the shower either time. Completely unacceptable, I will not stay here again and do not recommend this hotel", "external_links": [], "published": "2017-03-23T02:00:00.000+02:00", "crawled": "2017-03-29T05:44:25.292+03:00", "highlightTitle": ""}