{"organizations": [], "uuid": "bb840c8073cc91f1d08dd29958ca629c2398d1b5", "thread": {"social": {"gplus": {"shares": 0}, "pinterest": {"shares": 0}, "vk": {"shares": 0}, "linkedin": {"shares": 0}, "facebook": {"likes": 0, "shares": 0, "comments": 0}, "stumbledupon": {"shares": 0}}, "site_full": "www.tripadvisor.com", "main_image": "https://media-cdn.tripadvisor.com/media/photo-s/03/bf/08/f1/exterior.jpg", "site_section": "https://www.tripadvisor.com/Hotel_Review-g60763-d1783324-Reviews-Sheraton_Tribeca_New_York_Hotel-New_York_City_New_York.html", "section_title": "Sheraton Tribeca New York Hotel - UPDATED 2017 Reviews &amp; Price Comparison (New York City) - TripAdvisor", "url": "https://www.tripadvisor.com/ShowUserReviews-g60763-d1783324-r469702226-Sheraton_Tribeca_New_York_Hotel-New_York_City_New_York.html", "country": "US", "domain_rank": 189, "title": "Not recommended!", "performance_score": 0, "site": "tripadvisor.com", "participants_count": 2, "title_full": "Not recommended! - Review of Sheraton Tribeca New York Hotel, New York City, NY - TripAdvisor", "spam_score": 0.0, "site_type": "discussions", "published": "2017-03-23T02:00:00.000+02:00", "replies_count": 1, "uuid": "bb840c8073cc91f1d08dd29958ca629c2398d1b5"}, "author": "Zoltán K", "url": "https://www.tripadvisor.com/ShowUserReviews-g60763-d1783324-r469702226-Sheraton_Tribeca_New_York_Hotel-New_York_City_New_York.html", "ord_in_thread": 0, "title": "Not recommended!", "locations": [], "entities": {"persons": [], "locations": [], "organizations": []}, "highlightText": "", "language": "english", "persons": [], "text": "Honestly this is the worst Sheraton hotel: rude, lying staff, aweful customer service.\nI am currently staying at this hotel with my best friend. We booked a twin room via Booking but when we arrived only a room with double bed was available which we had to accept (No 2016). The following day in the morning we packed, took our luggages to the reception as we were asked by 3 different staff members, we were offered with another room on the 15th floor but suddenly a 4th staff member declined the change in an unacceptable style infront of other guests. He blamed Booking, they didnt offer any help, they clearly didnt want to try to solve the situation at all.\nI always stay in different Starwood hotels but I have never experienced a similar situation and I am very disappointed to receive this low value for my money. I will send a serious complaint about my disappointment and will recommend everyone to avoid this shameful service of this hotel.", "external_links": [], "published": "2017-03-23T02:00:00.000+02:00", "crawled": "2017-03-30T19:53:07.498+03:00", "highlightTitle": ""}