{"organizations": [], "uuid": "5f6f6bbe6e4b609925e578bf545076d3e62e6db2", "thread": {"social": {"gplus": {"shares": 0}, "pinterest": {"shares": 0}, "vk": {"shares": 0}, "linkedin": {"shares": 0}, "facebook": {"likes": 0, "shares": 0, "comments": 0}, "stumbledupon": {"shares": 0}}, "site_full": "www.tripadvisor.com", "main_image": "https://media-cdn.tripadvisor.com/media/photo-s/05/5c/46/22/exterior.jpg", "site_section": "https://www.tripadvisor.com/Hotel_Review-g186338-d2288957-Reviews-or20-Premier_Inn_London_Stratford_Hotel-London_England.html", "section_title": "Premier Inn London Stratford Hotel - UPDATED 2017 Reviews &amp; Price Comparison (England) - TripAdvisor", "url": "https://www.tripadvisor.com/ShowUserReviews-g186338-d2288957-r466518955-Premier_Inn_London_Stratford_Hotel-London_England.html", "country": "US", "domain_rank": 189, "title": "Awful hotel", "performance_score": 0, "site": "tripadvisor.com", "participants_count": 2, "title_full": "Awful hotel - Review of Premier Inn London Stratford Hotel, London, England - TripAdvisor", "spam_score": 0.0, "site_type": "discussions", "published": "2017-03-12T02:00:00.000+02:00", "replies_count": 1, "uuid": "5f6f6bbe6e4b609925e578bf545076d3e62e6db2"}, "author": "Dan S", "url": "https://www.tripadvisor.com/ShowUserReviews-g186338-d2288957-r466518955-Premier_Inn_London_Stratford_Hotel-London_England.html", "ord_in_thread": 0, "title": "Awful hotel", "locations": [], "entities": {"persons": [], "locations": [], "organizations": []}, "highlightText": "", "language": "english", "persons": [], "text": "I would rate this hotel 0 stars but I can't, stayed here for three nights and it was shockingly bad, the first 2 nights we hardly had any sleep through loud groups of teenagers running and screaming down the corridors and banging doors which was not attended to by staff after reporting it.\nAs I returned back to my room the third night I came back to find my eye drops and orthodontic retainer taken from my room I reported this but this was hard as not many of the staff spoke English they fobbed me off saying their staff are trained housekeepers and don't touch guest belongings, not only did they take my essential items that I need to maintain my eye sight and teeth structure they didn't remove any rubbish from our room nor did we have clean towels.\nThe vending machines take your money and do not give out the item and that is dismissed by staff and the machines are left to keep taking people's money.\nI would urge everyone to avoid this hotel as they are rude and careless and just want your money, worst hotel experience I have ever had", "external_links": [], "published": "2017-03-12T02:00:00.000+02:00", "crawled": "2017-03-31T22:22:47.881+03:00", "highlightTitle": ""}