{"organizations": [], "uuid": "e8cb7ac59e74dcc99d6d88957a140b591931d2a8", "thread": {"social": {"gplus": {"shares": 0}, "pinterest": {"shares": 0}, "vk": {"shares": 0}, "linkedin": {"shares": 0}, "facebook": {"likes": 0, "shares": 0, "comments": 0}, "stumbledupon": {"shares": 0}}, "site_full": "www.tripadvisor.com", "main_image": "https://media-cdn.tripadvisor.com/media/photo-s/03/bf/08/f1/exterior.jpg", "site_section": "https://www.tripadvisor.com/Hotel_Review-g60763-d1783324-Reviews-Sheraton_Tribeca_New_York_Hotel-New_York_City_New_York.html", "section_title": "Sheraton Tribeca New York Hotel - UPDATED 2017 Reviews &amp; Price Comparison (New York City) - TripAdvisor", "url": "https://www.tripadvisor.com/ShowUserReviews-g60763-d1783324-r469679860-Sheraton_Tribeca_New_York_Hotel-New_York_City_New_York.html", "country": "US", "domain_rank": 189, "title": "Bad choice", "performance_score": 0, "site": "tripadvisor.com", "participants_count": 2, "title_full": "Bad choice - Review of Sheraton Tribeca New York Hotel, New York City, NY - TripAdvisor", "spam_score": 0.001, "site_type": "discussions", "published": "2017-03-23T02:00:00.000+02:00", "replies_count": 1, "uuid": "e8cb7ac59e74dcc99d6d88957a140b591931d2a8"}, "author": "Peter s", "url": "https://www.tripadvisor.com/ShowUserReviews-g60763-d1783324-r469679860-Sheraton_Tribeca_New_York_Hotel-New_York_City_New_York.html", "ord_in_thread": 0, "title": "Bad choice", "locations": [], "entities": {"persons": [], "locations": [], "organizations": []}, "highlightText": "", "language": "english", "persons": [], "text": "Not a 4 star hotel...\nWe ask simple things, but they didnt care about it. The hotel and the room is noise.\nNem segítőkész a személyzet, fejetlenség van. A közvetlen környék lehangoló, hangos. Egy masik, szecessziós szálloda helyett választottuk ezt, nagy hiba volt.", "external_links": [], "published": "2017-03-23T02:00:00.000+02:00", "crawled": "2017-03-30T19:52:57.610+03:00", "highlightTitle": ""}