{"organizations": [], "uuid": "86d0761d3baf4c6ac0028599f712f0a10b9fecdf", "thread": {"social": {"gplus": {"shares": 0}, "pinterest": {"shares": 0}, "vk": {"shares": 0}, "linkedin": {"shares": 0}, "facebook": {"likes": 0, "shares": 0, "comments": 0}, "stumbledupon": {"shares": 0}}, "site_full": "www.tripadvisor.com", "main_image": "https://media-cdn.tripadvisor.com/media/photo-s/0d/06/1b/42/king-suite.jpg", "site_section": "https://www.tripadvisor.com/Hotel_Review-g33010-d225821-Reviews-Days_Inn_San_Francisco_International_Airport_West-San_Bruno_California.html", "section_title": "Days Inn San Francisco International Airport West - UPDATED 2017 Hotel Reviews &amp; Price Comparison (San Bruno, CA) - TripAdvisor", "url": "https://www.tripadvisor.com/ShowUserReviews-g33010-d225821-r469742857-Days_Inn_San_Francisco_International_Airport_West-San_Bruno_California.html", "country": "US", "domain_rank": 189, "title": "Not Great", "performance_score": 0, "site": "tripadvisor.com", "participants_count": 2, "title_full": "Not Great - Review of Days Inn San Francisco International Airport West, San Bruno, CA - TripAdvisor", "spam_score": 0.036, "site_type": "discussions", "published": "2017-03-18T02:00:00.000+02:00", "replies_count": 1, "uuid": "86d0761d3baf4c6ac0028599f712f0a10b9fecdf"}, "author": "yaxgto", "url": "https://www.tripadvisor.com/ShowUserReviews-g33010-d225821-r469742857-Days_Inn_San_Francisco_International_Airport_West-San_Bruno_California.html", "ord_in_thread": 0, "title": "Not Great", "locations": [], "entities": {"persons": [], "locations": [], "organizations": []}, "highlightText": "", "language": "english", "persons": [], "text": "This hotel caused many issues when they held money, while withdrawing money, and charging my card a fake charge. I called the hotel... They said too bad. Finally got the fake charge reversed but they are \"reviewing\" the rest now after I called Wyndham. I don't know if I will stay at another days inn or Wyndham property again because of this. Plenty of choices. Which is a shame because the hotel was semi decent. Oh well. Customer service should be number one.", "external_links": [], "published": "2017-03-18T02:00:00.000+02:00", "crawled": "2017-03-29T16:04:26.391+03:00", "highlightTitle": ""}