{"organizations": [], "uuid": "ceca82199093ef6ac6fc6625472990f3ae9db6c0", "thread": {"social": {"gplus": {"shares": 0}, "pinterest": {"shares": 0}, "vk": {"shares": 0}, "linkedin": {"shares": 0}, "facebook": {"likes": 0, "shares": 0, "comments": 0}, "stumbledupon": {"shares": 0}}, "site_full": "www.tripadvisor.com", "main_image": "https://media-cdn.tripadvisor.com/media/photo-s/0e/5a/ca/75/photo6jpg.jpg", "site_section": "https://www.tripadvisor.com/Hotel_Review-g60763-d113343-Reviews-Marrakech_Hotel-New_York_City_New_York.html", "section_title": "Marrakech Hotel - UPDATED 2017 Reviews &amp; Price Comparison (New York City) - TripAdvisor", "url": "https://www.tripadvisor.com/ShowUserReviews-g60763-d113343-r469525857-Marrakech_Hotel-New_York_City_New_York.html", "country": "US", "domain_rank": 189, "title": "Worst hotel I've ever been!", "performance_score": 0, "site": "tripadvisor.com", "participants_count": 1, "title_full": "Worst hotel I've ever been! - Review of Marrakech Hotel, New York City, NY - TripAdvisor", "spam_score": 0.026, "site_type": "discussions", "published": "2017-03-22T02:00:00.000+02:00", "replies_count": 0, "uuid": "ceca82199093ef6ac6fc6625472990f3ae9db6c0"}, "author": "Marco S", "url": "https://www.tripadvisor.com/ShowUserReviews-g60763-d113343-r469525857-Marrakech_Hotel-New_York_City_New_York.html", "ord_in_thread": 0, "title": "Worst hotel I've ever been!", "locations": [], "entities": {"persons": [], "locations": [], "organizations": []}, "highlightText": "", "language": "english", "persons": [], "text": "The room was completely different from what advertised. Towels were often dirty, I had to buy my own soap, often towels or toilet paper were missing and I had to ask for it.\nAfter I saw the room I only wanted my money back and find another place. The staff was incompetent and I never managed to talk to a manager or get my money back.\nI could go on complaining but to summarize I'd rather go to a decent hostel rather than this place.\nRoom Tip: avoid this place! See more room tips", "external_links": [], "published": "2017-03-22T02:00:00.000+02:00", "crawled": "2017-03-29T14:17:15.220+03:00", "highlightTitle": ""}