{"organizations": [], "uuid": "20d6388d0dc8bd90c8e15fb70845f5640205d843", "thread": {"social": {"gplus": {"shares": 0}, "pinterest": {"shares": 0}, "vk": {"shares": 0}, "linkedin": {"shares": 0}, "facebook": {"likes": 0, "shares": 0, "comments": 0}, "stumbledupon": {"shares": 0}}, "site_full": "www.tripadvisor.com", "main_image": "https://media-cdn.tripadvisor.com/media/photo-s/01/d1/33/74/the-trafalgar-hotel.jpg", "site_section": "https://www.tripadvisor.com/Hotel_Review-g186338-d209237-Reviews-The_Trafalgar_Hotel-London_England.html", "section_title": "The Trafalgar Hotel - UPDATED 2017 Reviews &amp; Price Comparison (London, England) - TripAdvisor", "url": "https://www.tripadvisor.com/ShowUserReviews-g186338-d209237-r468211633-The_Trafalgar_Hotel-London_England.html", "country": "US", "domain_rank": 189, "title": "Stay Away - Under Construction", "performance_score": 0, "site": "tripadvisor.com", "participants_count": 2, "title_full": "Stay Away - Under Construction - Review of The Trafalgar Hotel, London, England - TripAdvisor", "spam_score": 0.001, "site_type": "discussions", "published": "2017-03-17T02:00:00.000+02:00", "replies_count": 1, "uuid": "20d6388d0dc8bd90c8e15fb70845f5640205d843"}, "author": "DisappointedCowfolk", "url": "https://www.tripadvisor.com/ShowUserReviews-g186338-d209237-r468211633-The_Trafalgar_Hotel-London_England.html", "ord_in_thread": 0, "title": "Stay Away - Under Construction", "locations": [], "entities": {"persons": [], "locations": [], "organizations": []}, "highlightText": "", "language": "english", "persons": [], "text": "I used to stay at the Trafalgar a lot because of the location and satisfactory rooms and hotel amenities. However, I won't be staying there again. The hotel has been under construction for a very long time, so there has been no fitness center for the last year and there is construction noise between the hours of about 8am and 6pm. There are also funny smells throughout the hotels and in the rooms.", "external_links": [], "published": "2017-03-17T02:00:00.000+02:00", "crawled": "2017-03-31T18:27:20.783+03:00", "highlightTitle": ""}