{"organizations": [], "uuid": "57c06a18bc9a0e591d006884aeacc2835fdb1388", "thread": {"social": {"gplus": {"shares": 0}, "pinterest": {"shares": 0}, "vk": {"shares": 0}, "linkedin": {"shares": 0}, "facebook": {"likes": 0, "shares": 0, "comments": 0}, "stumbledupon": {"shares": 0}}, "site_full": "www.tripadvisor.com", "main_image": "https://media-cdn.tripadvisor.com/media/photo-s/08/1e/a4/3b/hotel-balzac.jpg", "site_section": "https://www.tripadvisor.com/Hotel_Review-g187147-d194305-Reviews-Hotel_Balzac-Paris_Ile_de_France.html", "section_title": "Hotel Balzac - UPDATED 2017 Reviews &amp; Price Comparison (Paris, France) - TripAdvisor", "url": "https://www.tripadvisor.com/ShowUserReviews-g187147-d194305-r468910390-Hotel_Balzac-Paris_Ile_de_France.html", "country": "US", "domain_rank": 189, "title": "Room size", "performance_score": 0, "site": "tripadvisor.com", "participants_count": 1, "title_full": "Room size - Review of Hotel Balzac, Paris, France - TripAdvisor", "spam_score": 0.21, "site_type": "discussions", "published": "2017-03-20T02:00:00.000+02:00", "replies_count": 0, "uuid": "57c06a18bc9a0e591d006884aeacc2835fdb1388"}, "author": "ahmed_ali_6687", "url": "https://www.tripadvisor.com/ShowUserReviews-g187147-d194305-r468910390-Hotel_Balzac-Paris_Ile_de_France.html", "ord_in_thread": 0, "title": "Room size", "locations": [], "entities": {"persons": [], "locations": [], "organizations": []}, "highlightText": "", "language": "english", "persons": [], "text": "The room size too small old and not professional in assest wish the. Est to them and wish to develop the services and change the pictures on websites because you will think a big room\nBut its safe and clean and very close to CDG", "external_links": [], "published": "2017-03-20T02:00:00.000+02:00", "crawled": "2017-03-28T22:46:53.321+03:00", "highlightTitle": ""}