{"organizations": [], "uuid": "04396b005353e61be253a28eb510bae604a76049", "thread": {"social": {"gplus": {"shares": 0}, "pinterest": {"shares": 0}, "vk": {"shares": 0}, "linkedin": {"shares": 0}, "facebook": {"likes": 0, "shares": 0, "comments": 0}, "stumbledupon": {"shares": 0}}, "site_full": "www.tripadvisor.com", "main_image": "https://media-cdn.tripadvisor.com/media/photo-s/08/36/6b/8f/exterior.jpg", "site_section": "https://www.tripadvisor.com/Hotel_Review-g187791-d232886-Reviews-Hotel_De_Petris-Rome_Lazio.html", "section_title": "Hotel De Petris - UPDATED 2017 Reviews &amp; Price Comparison (Rome, Italy) - TripAdvisor", "url": "https://www.tripadvisor.com/ShowUserReviews-g187791-d232886-r463368067-Hotel_De_Petris-Rome_Lazio.html", "country": "US", "domain_rank": 189, "title": "Basic indeed - Review", "performance_score": 0, "site": "tripadvisor.com", "participants_count": 2, "title_full": "Basic indeed - Review of Hotel De Petris, Rome, Italy - TripAdvisor", "spam_score": 0.0, "site_type": "discussions", "published": "2017-02-27T02:00:00.000+02:00", "replies_count": 1, "uuid": "04396b005353e61be253a28eb510bae604a76049"}, "author": "Holly S", "url": "https://www.tripadvisor.com/ShowUserReviews-g187791-d232886-r463368067-Hotel_De_Petris-Rome_Lazio.html", "ord_in_thread": 0, "title": "Basic indeed - Review", "locations": [], "entities": {"persons": [], "locations": [], "organizations": []}, "highlightText": "", "language": "english", "persons": [], "text": "Reception awful\nKeys on a cheap plastic fob which reflects the standard\nStayed in annexe building which was scarey given I was a lone traveller\nHad to find lights navigate myself around the place\nSecurity poor in door\nBut there is a good sturdy safe\nWanted to check out but could not find alternative\nNot pleasant\nSheets clean\nPillows terrible like stones\nHot water started up after 15 mins\nHurray\nTime for refurb and get rid of that receptionist she looks soooo bored\nDo not book this unless you can get it for pennies", "external_links": [], "published": "2017-02-27T02:00:00.000+02:00", "crawled": "2017-03-28T15:50:06.699+03:00", "highlightTitle": ""}