{"organizations": [], "uuid": "a20c2340cc309576cd5c84fe72782745212edd67", "thread": {"social": {"gplus": {"shares": 0}, "pinterest": {"shares": 0}, "vk": {"shares": 0}, "linkedin": {"shares": 0}, "facebook": {"likes": 0, "shares": 0, "comments": 0}, "stumbledupon": {"shares": 0}}, "site_full": "www.tripadvisor.com", "main_image": "https://media-cdn.tripadvisor.com/media/photo-s/05/2c/17/4d/hotel-baldi.jpg", "site_section": "https://www.tripadvisor.com/Hotel_Review-g187147-d269114-Reviews-Hotel_Baldi-Paris_Ile_de_France.html", "section_title": "Hotel Baldi - UPDATED 2017 Reviews &amp; Price Comparison (Paris, France) - TripAdvisor", "url": "https://www.tripadvisor.com/ShowUserReviews-g187147-d269114-r471250389-Hotel_Baldi-Paris_Ile_de_France.html", "country": "US", "domain_rank": 189, "title": "Disgusting and dangerous!", "performance_score": 0, "site": "tripadvisor.com", "participants_count": 1, "title_full": "Disgusting and dangerous! - Review of Hotel Baldi, Paris, France - TripAdvisor", "spam_score": 0.0, "site_type": "discussions", "published": "2017-03-29T03:00:00.000+03:00", "replies_count": 0, "uuid": "a20c2340cc309576cd5c84fe72782745212edd67"}, "author": "Tammy F", "url": "https://www.tripadvisor.com/ShowUserReviews-g187147-d269114-r471250389-Hotel_Baldi-Paris_Ile_de_France.html", "ord_in_thread": 0, "title": "Disgusting and dangerous!", "locations": [], "entities": {"persons": [], "locations": [], "organizations": []}, "highlightText": "", "language": "english", "persons": [], "text": "Oh gawd. Where can I start? Rooms are nothing like the photos. They are advertised as soundproofed, air conditioned rooms with a view and a safe. Room was so small that the door did not shut without me moving the bed to enter and exit. View was of a parking lot and the metro. Soundproofing? No! I could hear everything including the man in the room above using the toilet. Our air conditioner kept the room at about 80f with no way of adjusting other than to open the windows and let even more noise into this craptastic room. The one outlet was hanging out of the wall. The bathroom smelled of urine. Safe was broke. Lift could only fit 2 people in an embrace. Stairwell was not lit. Sheets and trash in the hallways. Rude and uncaring desk help.\nAll of the above would have made this hotel completely unacceptable but wait... They make you leave the key each time you leave. This isn't a hostel. What make this extra bad is that when you return, no one even asks for ID or so much as a name. They simply ask you the room number and give you a key. When we came back in the evening and the front desk guy was sleeping. Joke! The funny thing is that this hotel offers childcare. I can't even imagine!\nWe are not high maintenance folks. we booked 4 nights, left the next morning, were refused a refund. We ended up a couple blocks away at the Best western. Nothing stellar but it was clean, quiet and safe.\nAVOID the HOTEL BALDI!\nRoom Tip: Best Western 2 blocks away is priced similarly but cleaner. I don't think you could do much wors... See more room tips", "external_links": [], "published": "2017-03-29T03:00:00.000+03:00", "crawled": "2017-03-31T05:51:20.288+03:00", "highlightTitle": ""}