{"organizations": [], "uuid": "af59cdd482e956d57188f8064b653fd50129a9d4", "thread": {"social": {"gplus": {"shares": 0}, "pinterest": {"shares": 0}, "vk": {"shares": 0}, "linkedin": {"shares": 0}, "facebook": {"likes": 0, "shares": 0, "comments": 0}, "stumbledupon": {"shares": 0}}, "site_full": "www.tripadvisor.com", "main_image": "https://media-cdn.tripadvisor.com/media/photo-s/0c/ee/b1/70/our-hotel.jpg", "site_section": "https://www.tripadvisor.com/Hotel_Review-g60763-d1595302-Reviews-Club_Quarters_Hotel_World_Trade_Center-New_York_City_New_York.html", "section_title": "Club Quarters Hotel, World Trade Center - UPDATED 2017 Reviews &amp; Price Comparison (New York City) - TripAdvisor", "url": "https://www.tripadvisor.com/ShowUserReviews-g60763-d1595302-r467654849-Club_Quarters_Hotel_World_Trade_Center-New_York_City_New_York.html", "country": "US", "domain_rank": 189, "title": "Average", "performance_score": 0, "site": "tripadvisor.com", "participants_count": 1, "title_full": "Average - Review of Club Quarters Hotel, World Trade Center, New York City, NY - TripAdvisor", "spam_score": 0.754, "site_type": "discussions", "published": "2017-03-15T02:00:00.000+02:00", "replies_count": 0, "uuid": "af59cdd482e956d57188f8064b653fd50129a9d4"}, "author": "Sean T", "url": "https://www.tripadvisor.com/ShowUserReviews-g60763-d1595302-r467654849-Club_Quarters_Hotel_World_Trade_Center-New_York_City_New_York.html", "ord_in_thread": 0, "title": "Average", "locations": [], "entities": {"persons": [], "locations": [], "organizations": []}, "highlightText": "", "language": "english", "persons": [], "text": "CQ shouldn't be a 4 star hotel. Heating and cooling system very loud and rooms pretty small. Everything a bit dark and dingy. Location is good if you are going to 9/11 Museum and fairly close to subway lines.", "external_links": [], "published": "2017-03-15T02:00:00.000+02:00", "crawled": "2017-03-29T05:30:45.063+03:00", "highlightTitle": ""}