{"organizations": [], "uuid": "2042be78f077042851d9aff9e68060deec520238", "thread": {"social": {"gplus": {"shares": 0}, "pinterest": {"shares": 0}, "vk": {"shares": 0}, "linkedin": {"shares": 0}, "facebook": {"likes": 0, "shares": 0, "comments": 0}, "stumbledupon": {"shares": 0}}, "site_full": "www.tripadvisor.com", "main_image": "https://media-cdn.tripadvisor.com/media/photo-s/0e/c0/60/cc/executive-studio.jpg", "site_section": "https://www.tripadvisor.com/Hotel_Review-g186338-d224653-Reviews-or10-Park_Plaza_Victoria_London-London_England.html", "section_title": "Park Plaza Victoria London - UPDATED 2017 Hotel Reviews &amp; Price Comparison (England) - TripAdvisor", "url": "https://www.tripadvisor.com/ShowUserReviews-g186338-d224653-r467670034-Park_Plaza_Victoria_London-London_England.html", "country": "US", "domain_rank": 189, "title": "Simple Fixes", "performance_score": 0, "site": "tripadvisor.com", "participants_count": 1, "title_full": "Simple Fixes - Review of Park Plaza Victoria London, London, England - TripAdvisor", "spam_score": 0.144, "site_type": "discussions", "published": "2017-03-15T02:00:00.000+02:00", "replies_count": 0, "uuid": "2042be78f077042851d9aff9e68060deec520238"}, "author": "brianlG9912LJ", "url": "https://www.tripadvisor.com/ShowUserReviews-g186338-d224653-r467670034-Park_Plaza_Victoria_London-London_England.html", "ord_in_thread": 0, "title": "Simple Fixes", "locations": [], "entities": {"persons": [], "locations": [], "organizations": []}, "highlightText": "", "language": "english", "persons": [], "text": "The staff didn't bother to make sure things in the room worked. The TV was broken and the US electrical outlet did not work. I had to call the front desk twice before they resolved the electrical outlet issue. The shower water was ice cold one morning. The front desk refused to accept one of my credit cards because \"the numbers on the card are flat, not raised.\"", "external_links": [], "published": "2017-03-15T02:00:00.000+02:00", "crawled": "2017-03-31T18:39:20.059+03:00", "highlightTitle": ""}