{"organizations": [], "uuid": "aca6735843d7db12f806991008d9058516f7178d", "thread": {"social": {"gplus": {"shares": 0}, "pinterest": {"shares": 0}, "vk": {"shares": 0}, "linkedin": {"shares": 0}, "facebook": {"likes": 0, "shares": 0, "comments": 0}, "stumbledupon": {"shares": 0}}, "site_full": "www.tripadvisor.com", "main_image": "https://media-cdn.tripadvisor.com/media/photo-s/0e/81/cf/d6/hilton-garden-inn-times.jpg", "site_section": "https://www.tripadvisor.com/Hotel_Review-g60763-d99352-Reviews-or40-Hilton_Garden_Inn_Times_Square-New_York_City_New_York.html", "section_title": "Hilton Garden Inn Times Square - UPDATED 2017 Hotel Reviews &amp; Price Comparison (New York City) - TripAdvisor", "url": "https://www.tripadvisor.com/ShowUserReviews-g60763-d99352-r464611552-Hilton_Garden_Inn_Times_Square-New_York_City_New_York.html", "country": "US", "domain_rank": 189, "title": "Convenient for Theater Visit, But Not Great", "performance_score": 0, "site": "tripadvisor.com", "participants_count": 2, "title_full": "Convenient for Theater Visit, But Not Great - Review of Hilton Garden Inn Times Square, New York City, NY - TripAdvisor", "spam_score": 0.013, "site_type": "discussions", "published": "2017-03-04T02:00:00.000+02:00", "replies_count": 1, "uuid": "aca6735843d7db12f806991008d9058516f7178d"}, "author": "4journey", "url": "https://www.tripadvisor.com/ShowUserReviews-g60763-d99352-r464611552-Hilton_Garden_Inn_Times_Square-New_York_City_New_York.html", "ord_in_thread": 0, "title": "Convenient for Theater Visit, But Not Great", "locations": [], "entities": {"persons": [], "locations": [], "organizations": []}, "highlightText": "", "language": "english", "persons": [], "text": "I frequently stay at Hilton properties and have stayed at others in New York City. While the room was clean and the discounted HH price was reasonable, our room on the second floor was extremely noisy due to the proximity of the air handler. In addition, the mattresses were rather soft and could have used more support.\nSo, if the location works for you, great. Just make sure you have a few floors between you and the air handlers.", "external_links": [], "published": "2017-03-04T02:00:00.000+02:00", "crawled": "2017-03-31T19:50:03.280+03:00", "highlightTitle": ""}