{"organizations": [], "uuid": "84ee035bac77c1c1f1d02a18958e9be33e9db3c9", "thread": {"social": {"gplus": {"shares": 0}, "pinterest": {"shares": 0}, "vk": {"shares": 0}, "linkedin": {"shares": 0}, "facebook": {"likes": 0, "shares": 0, "comments": 0}, "stumbledupon": {"shares": 0}}, "site_full": "www.tripadvisor.com", "main_image": "https://media-cdn.tripadvisor.com/media/photo-s/0e/aa/f7/39/hotel-mela-times-square.jpg", "site_section": "https://www.tripadvisor.com/Hotel_Review-g60763-d612263-Reviews-Hotel_Mela-New_York_City_New_York.html", "section_title": "Hotel Mela - UPDATED 2017 Reviews &amp; Price Comparison (New York City) - TripAdvisor", "url": "https://www.tripadvisor.com/ShowUserReviews-g60763-d612263-r466389750-Hotel_Mela-New_York_City_New_York.html", "country": "US", "domain_rank": 189, "title": "Disappointed", "performance_score": 0, "site": "tripadvisor.com", "participants_count": 2, "title_full": "Disappointed - Review of Hotel Mela, New York City, NY - TripAdvisor", "spam_score": 0.0, "site_type": "discussions", "published": "2017-03-11T02:00:00.000+02:00", "replies_count": 1, "uuid": "84ee035bac77c1c1f1d02a18958e9be33e9db3c9"}, "author": "outoford", "url": "https://www.tripadvisor.com/ShowUserReviews-g60763-d612263-r466389750-Hotel_Mela-New_York_City_New_York.html", "ord_in_thread": 0, "title": "Disappointed", "locations": [], "entities": {"persons": [], "locations": [], "organizations": []}, "highlightText": "", "language": "english", "persons": [], "text": "My stay at Mela is the worst by far for any hotel I have been to. They checked me into a tiny room that I had to change the next day. But the worst part is having wifi that doesn't work for the entire 3 days I was there and having staff who seem least bothered by it! Which hotel in the world doesn't have working wifi!? I have had to resort to expensive data roaming. Would not recommend the hotel to anyone", "external_links": [], "published": "2017-03-11T02:00:00.000+02:00", "crawled": "2017-03-30T17:14:02.323+03:00", "highlightTitle": ""}