{"organizations": [], "uuid": "00b5886fdcb36934d87554ca75de1d8fe43ba852", "thread": {"social": {"gplus": {"shares": 0}, "pinterest": {"shares": 0}, "vk": {"shares": 0}, "linkedin": {"shares": 0}, "facebook": {"likes": 0, "shares": 0, "comments": 0}, "stumbledupon": {"shares": 0}}, "site_full": "www.tripadvisor.com", "main_image": "https://media-cdn.tripadvisor.com/media/photo-s/05/ff/a2/1a/paramount-hotel-times.jpg", "site_section": "https://www.tripadvisor.com/Hotel_Review-g60763-d93517-Reviews-or10-Paramount_Hotel_Times_Square_New_York-New_York_City_New_York.html", "section_title": "Paramount Hotel Times Square New York - UPDATED 2017 Reviews &amp; Price Comparison (New York City) - TripAdvisor", "url": "https://www.tripadvisor.com/ShowUserReviews-g60763-d93517-r469223232-Paramount_Hotel_Times_Square_New_York-New_York_City_New_York.html", "country": "US", "domain_rank": 189, "title": "Beware", "performance_score": 0, "site": "tripadvisor.com", "participants_count": 1, "title_full": "Beware - Review of Paramount Hotel Times Square New York, New York City, NY - TripAdvisor", "spam_score": 0.0, "site_type": "discussions", "published": "2017-03-21T02:00:00.000+02:00", "replies_count": 0, "uuid": "00b5886fdcb36934d87554ca75de1d8fe43ba852"}, "author": "LeedsPenny", "url": "https://www.tripadvisor.com/ShowUserReviews-g60763-d93517-r469223232-Paramount_Hotel_Times_Square_New_York-New_York_City_New_York.html", "ord_in_thread": 0, "title": "Beware", "locations": [], "entities": {"persons": [], "locations": [], "organizations": []}, "highlightText": "", "language": "english", "persons": [], "text": "Three month after my stay at the paramount hotel I have been charged nearly £900 on my credit card!! For the last two days I have left voice mail messages and emails to various departments to enquire what the charges are for and no one has got back to me with a answer. the only charge I had was for breakfast and one evening meal which came to two hundred dollars and that was settled on departure. I have seen other reviews on here with the same problem, let's hope the hotel sees this review and tries to resolve it before I have to take action.", "external_links": [], "published": "2017-03-21T02:00:00.000+02:00", "crawled": "2017-03-30T19:05:14.720+03:00", "highlightTitle": ""}