{"organizations": [], "uuid": "45e43403c61443dd5d8a01663ceaaa921b5fd9c1", "thread": {"social": {"gplus": {"shares": 0}, "pinterest": {"shares": 0}, "vk": {"shares": 0}, "linkedin": {"shares": 0}, "facebook": {"likes": 0, "shares": 0, "comments": 0}, "stumbledupon": {"shares": 0}}, "site_full": "www.tripadvisor.com", "main_image": "https://media-cdn.tripadvisor.com/media/photo-s/06/2a/5f/4a/welcome-to-days-hotel.jpg", "site_section": "https://www.tripadvisor.com/Hotel_Review-g60763-d142114-Reviews-Days_Inn_Hotel_New_York_City_Broadway-New_York_City_New_York.html", "section_title": "Days Inn Hotel New York City-Broadway - UPDATED 2017 Reviews &amp; Price Comparison - TripAdvisor", "url": "https://www.tripadvisor.com/ShowUserReviews-g60763-d142114-r467314073-Days_Inn_Hotel_New_York_City_Broadway-New_York_City_New_York.html", "country": "US", "domain_rank": 189, "title": "This was the worse hotel I have ever been in", "performance_score": 0, "site": "tripadvisor.com", "participants_count": 1, "title_full": "This was the worse hotel I have ever been in - Review of Days Inn Hotel New York City-Broadway, New York City, NY - TripAdvisor", "spam_score": 0.006, "site_type": "discussions", "published": "2017-03-14T02:00:00.000+02:00", "replies_count": 0, "uuid": "45e43403c61443dd5d8a01663ceaaa921b5fd9c1"}, "author": "Sherlan T", "url": "https://www.tripadvisor.com/ShowUserReviews-g60763-d142114-r467314073-Days_Inn_Hotel_New_York_City_Broadway-New_York_City_New_York.html", "ord_in_thread": 0, "title": "This was the worse hotel I have ever been in", "locations": [], "entities": {"persons": [], "locations": [], "organizations": []}, "highlightText": "", "language": "english", "persons": [], "text": "This was clearly a hotel being used as a welfare boarding hotel. The room was smoky and filthy. The hallway was boarded up. The rooms did not look close to what was being advertised.\nFalse advertising, be truthful tom people who are looking for some place economical but nice", "external_links": [], "published": "2017-03-14T02:00:00.000+02:00", "crawled": "2017-03-29T07:37:15.826+03:00", "highlightTitle": ""}