{"organizations": [], "uuid": "cbe5f6b05a00e4586f22dc31ed9446c85ebc7f47", "thread": {"social": {"gplus": {"shares": 0}, "pinterest": {"shares": 0}, "vk": {"shares": 0}, "linkedin": {"shares": 0}, "facebook": {"likes": 0, "shares": 0, "comments": 0}, "stumbledupon": {"shares": 0}}, "site_full": "www.tripadvisor.com", "main_image": "https://media-cdn.tripadvisor.com/media/daodao/photo-s/02/9e/96/39/getlstd-property-photo.jpg", "site_section": "https://www.tripadvisor.com/Hotel_Review-g294212-d2176982-Reviews-Jingshan_Garden_Hotel-Beijing.html", "section_title": "Jingshan Garden Hotel - UPDATED 2017 Reviews &amp; Price Comparison (Beijing, China) - TripAdvisor", "url": "https://www.tripadvisor.com/ShowUserReviews-g294212-d2176982-r467246948-Jingshan_Garden_Hotel-Beijing.html", "country": "US", "domain_rank": 189, "title": "Not 4 Star!!", "performance_score": 0, "site": "tripadvisor.com", "participants_count": 1, "title_full": "Not 4 Star!! - Review of Jingshan Garden Hotel, Beijing, China - TripAdvisor", "spam_score": 0.0, "site_type": "discussions", "published": "2017-03-14T02:00:00.000+02:00", "replies_count": 0, "uuid": "cbe5f6b05a00e4586f22dc31ed9446c85ebc7f47"}, "author": "Clairecookson", "url": "https://www.tripadvisor.com/ShowUserReviews-g294212-d2176982-r467246948-Jingshan_Garden_Hotel-Beijing.html", "ord_in_thread": 0, "title": "Not 4 Star!!", "locations": [], "entities": {"persons": [], "locations": [], "organizations": []}, "highlightText": "", "language": "english", "persons": [], "text": "Baffled how this gets a 4 star rating? More like a 2 star. Didn't feel safe arriving down dim small street, carrying suitcase ( taxi can not fit down the street) first introduction was a rat running across the road! Reception tiny, but staff nice. Rooms very basic but clean, no bar, no refreshments, no room service. If I had booked a 2 star hotel then maybe I would of been happy but I was expecting a 4 star! Would not stay again I like a bit more luxury, expensive for what you get.", "external_links": [], "published": "2017-03-14T02:00:00.000+02:00", "crawled": "2017-03-29T03:09:06.058+03:00", "highlightTitle": ""}