{"organizations": [], "uuid": "0cc2eccbaccd52a1bf33c9241d31bd55d4cfd713", "thread": {"social": {"gplus": {"shares": 0}, "pinterest": {"shares": 0}, "vk": {"shares": 0}, "linkedin": {"shares": 0}, "facebook": {"likes": 0, "shares": 0, "comments": 0}, "stumbledupon": {"shares": 0}}, "site_full": "www.tripadvisor.com", "main_image": "https://media-cdn.tripadvisor.com/media/photo-s/06/4b/3d/ec/executive-park-view-king.jpg", "site_section": "https://www.tripadvisor.com/Hotel_Review-g60763-d93579-Reviews-Park_Lane_Hotel-New_York_City_New_York.html", "section_title": "Park Lane Hotel - UPDATED 2017 Reviews &amp; Price Comparison (New York City) - TripAdvisor", "url": "https://www.tripadvisor.com/ShowUserReviews-g60763-d93579-r471434333-Park_Lane_Hotel-New_York_City_New_York.html", "country": "US", "domain_rank": 189, "title": "Booking software issue with Booking.com", "performance_score": 0, "site": "tripadvisor.com", "participants_count": 1, "title_full": "Booking software issue with Booking.com - Review of Park Lane Hotel, New York City, NY - TripAdvisor", "spam_score": 0.0, "site_type": "discussions", "published": "2017-03-30T03:00:00.000+03:00", "replies_count": 0, "uuid": "0cc2eccbaccd52a1bf33c9241d31bd55d4cfd713"}, "author": "Brenda_McK_LaMont", "url": "https://www.tripadvisor.com/ShowUserReviews-g60763-d93579-r471434333-Park_Lane_Hotel-New_York_City_New_York.html", "ord_in_thread": 0, "title": "Booking software issue with Booking.com", "locations": [], "entities": {"persons": [], "locations": [], "organizations": []}, "highlightText": "", "language": "english", "persons": [], "text": "I made a reservation for 4 nights 8 months in advance thru Booking .com. Software issues created wrong booking and $1490 fees to cancel 2 days later for stay over 8 months away. The hotel was not helpful or nice about about cancelling this reservation that was booked as a no fee cancellation. Their phone system took 3 days to get thru and about 15 phone calls to talk to a manager that was not helpful or pleasant. I would never use booking .com or any of their affiliates to book a room ever again.", "external_links": [], "published": "2017-03-30T03:00:00.000+03:00", "crawled": "2017-03-31T20:01:23.526+03:00", "highlightTitle": ""}