{"organizations": [], "uuid": "94004769c7dbbc6006d80b41cf8ad5944641916d", "thread": {"social": {"gplus": {"shares": 0}, "pinterest": {"shares": 0}, "vk": {"shares": 0}, "linkedin": {"shares": 0}, "facebook": {"likes": 0, "shares": 0, "comments": 0}, "stumbledupon": {"shares": 0}}, "site_full": "www.tripadvisor.com", "main_image": "https://media-cdn.tripadvisor.com/media/photo-s/0e/be/98/e4/wedding-style.jpg", "site_section": "https://www.tripadvisor.com/Hotel_Review-g32124-d81575-Reviews-San_Francisco_Airport_Marriott_Waterfront-Burlingame_California.html", "section_title": "San Francisco Airport Marriott Waterfront - UPDATED 2017 Hotel Reviews &amp; Price Comparison (Burlingame, CA) - TripAdvisor", "url": "https://www.tripadvisor.com/ShowUserReviews-g32124-d81575-r469254184-San_Francisco_Airport_Marriott_Waterfront-Burlingame_California.html", "country": "ZA", "domain_rank": 189, "title": "NO sleep here", "performance_score": 0, "site": "tripadvisor.com", "participants_count": 1, "title_full": "NO sleep here - Review of San Francisco Airport Marriott Waterfront, Burlingame, CA - TripAdvisor", "spam_score": 0.39, "site_type": "discussions", "published": "2017-03-21T02:00:00.000+02:00", "replies_count": 0, "uuid": "94004769c7dbbc6006d80b41cf8ad5944641916d"}, "author": "Allison C", "url": "https://www.tripadvisor.com/ShowUserReviews-g32124-d81575-r469254184-San_Francisco_Airport_Marriott_Waterfront-Burlingame_California.html", "ord_in_thread": 0, "title": "NO sleep here", "locations": [], "entities": {"persons": [], "locations": [], "organizations": []}, "highlightText": "", "language": "english", "persons": [], "text": "Horrible service and incredibly noisy. We got no sleep during our two night stay. Don't stay here if your goal is getting rest or sleeping. Staff was very unresponsive to our complaints and not forthright about our room location or hotel events that directly impacted our stay.", "external_links": [], "published": "2017-03-21T02:00:00.000+02:00", "crawled": "2017-03-26T19:11:14.788+03:00", "highlightTitle": ""}