{"organizations": [], "uuid": "7689ef681fa6c7b168b09344c0fd75bde4cf63ad", "thread": {"social": {"gplus": {"shares": 0}, "pinterest": {"shares": 0}, "vk": {"shares": 0}, "linkedin": {"shares": 0}, "facebook": {"likes": 0, "shares": 0, "comments": 0}, "stumbledupon": {"shares": 0}}, "site_full": "www.tripadvisor.com", "main_image": "https://media-cdn.tripadvisor.com/media/photo-s/08/1a/9b/7e/corail-hotel.jpg", "site_section": "https://www.tripadvisor.com/Hotel_Review-g187147-d231048-Reviews-Corail_Hotel-Paris_Ile_de_France.html", "section_title": "Corail Hotel - UPDATED 2017 Reviews &amp; Price Comparison (Paris, France) - TripAdvisor", "url": "https://www.tripadvisor.com/ShowUserReviews-g187147-d231048-r466155327-Corail_Hotel-Paris_Ile_de_France.html", "country": "US", "domain_rank": 189, "title": "Worst.Hotel.Ever", "performance_score": 0, "site": "tripadvisor.com", "participants_count": 2, "title_full": "Worst.Hotel.Ever - Review of Corail Hotel, Paris, France - TripAdvisor", "spam_score": 0.002, "site_type": "discussions", "published": "2017-03-10T02:00:00.000+02:00", "replies_count": 1, "uuid": "7689ef681fa6c7b168b09344c0fd75bde4cf63ad"}, "author": "Mustafa A", "url": "https://www.tripadvisor.com/ShowUserReviews-g187147-d231048-r466155327-Corail_Hotel-Paris_Ile_de_France.html", "ord_in_thread": 0, "title": "Worst.Hotel.Ever", "locations": [], "entities": {"persons": [], "locations": [], "organizations": []}, "highlightText": "", "language": "english", "persons": [], "text": "My hotel room was like staying in a sauna. The radiator was turned on and no way to turn it off. Apparently it had the knob removed and there was no way for me to turn it down. When I went downstairs to inform the frontdesk I was told that they could not do anything. The FD employee was willing to come up to my room and have a look but -and I Quote: \"we're not magicians that can make your problems disappear\"\nTheir advice was to open up the windows.\nTo make it worse, the employee was smelling of alcohol and looked a bit annoyed.\nI had no choice than to open up the windows and listen to everything happening outside.\nRoom Tip: Skip this hotel and find yourself another one. It's not worth it. See more room tips", "external_links": [], "published": "2017-03-10T02:00:00.000+02:00", "crawled": "2017-03-28T21:45:00.757+03:00", "highlightTitle": ""}