{"organizations": [], "uuid": "32e6b09ced9605e53bb87cfd2386fcccd6c84045", "thread": {"social": {"gplus": {"shares": 0}, "pinterest": {"shares": 0}, "vk": {"shares": 0}, "linkedin": {"shares": 0}, "facebook": {"likes": 0, "shares": 0, "comments": 0}, "stumbledupon": {"shares": 0}}, "site_full": "www.tripadvisor.com", "main_image": "https://media-cdn.tripadvisor.com/media/photo-s/0e/c2/b7/f7/lindberg-lobby-bar-dining.jpg", "site_section": "https://www.tripadvisor.com/Hotel_Review-g187147-d197578-Reviews-or10-Paris_Marriott_Opera_Ambassador_Hotel-Paris_Ile_de_France.html", "section_title": "Paris Marriott Opera Ambassador Hotel - UPDATED 2017 Reviews &amp; Price Comparison (France) - TripAdvisor", "url": "https://www.tripadvisor.com/ShowUserReviews-g187147-d197578-r463806021-Paris_Marriott_Opera_Ambassador_Hotel-Paris_Ile_de_France.html", "country": "US", "domain_rank": 189, "title": "BAD STAY", "performance_score": 0, "site": "tripadvisor.com", "participants_count": 2, "title_full": "BAD STAY - Review of Paris Marriott Opera Ambassador Hotel, Paris, France - TripAdvisor", "spam_score": 0.002, "site_type": "discussions", "published": "2017-03-01T02:00:00.000+02:00", "replies_count": 1, "uuid": "32e6b09ced9605e53bb87cfd2386fcccd6c84045"}, "author": "212Chanel", "url": "https://www.tripadvisor.com/ShowUserReviews-g187147-d197578-r463806021-Paris_Marriott_Opera_Ambassador_Hotel-Paris_Ile_de_France.html", "ord_in_thread": 0, "title": "BAD STAY", "locations": [], "entities": {"persons": [], "locations": [], "organizations": []}, "highlightText": "", "language": "english", "persons": [], "text": "short stay on Feb 23,2017, Someone walked into my room, while I was getting dressed and the front desk agents were not helpful. I reported the incident to the front desk agent and repeated my room number 3times to her but she wrote the incorrect number down. When I corrected her it seems as though it was a bother for her. I never received a call from mgmt. to discuss the incident.", "external_links": [], "published": "2017-03-01T02:00:00.000+02:00", "crawled": "2017-03-31T02:41:39.457+03:00", "highlightTitle": ""}