{"organizations": [], "uuid": "c4727c7e6e6cbb524c2b9bbf8db739aa56719079", "thread": {"social": {"gplus": {"shares": 0}, "pinterest": {"shares": 0}, "vk": {"shares": 0}, "linkedin": {"shares": 0}, "facebook": {"likes": 0, "shares": 0, "comments": 0}, "stumbledupon": {"shares": 0}}, "site_full": "www.tripadvisor.com", "main_image": "https://media-cdn.tripadvisor.com/media/photo-s/05/81/bb/84/premier-inn-london-hammersmith.jpg", "site_section": "https://www.tripadvisor.com/Hotel_Review-g186338-d193027-Reviews-Premier_Inn_London_Hammersmith_Hotel-London_England.html", "section_title": "Premier Inn London Hammersmith Hotel - UPDATED 2017 Reviews &amp; Price Comparison (England) - TripAdvisor", "url": "https://www.tripadvisor.com/ShowUserReviews-g186338-d193027-r466895766-Premier_Inn_London_Hammersmith_Hotel-London_England.html", "country": "US", "domain_rank": 189, "title": "Familiarity breeds contempt", "performance_score": 0, "site": "tripadvisor.com", "participants_count": 2, "title_full": "Familiarity breeds contempt - Review of Premier Inn London Hammersmith Hotel, London, England - TripAdvisor", "spam_score": 0.002, "site_type": "discussions", "published": "2017-03-13T02:00:00.000+02:00", "replies_count": 1, "uuid": "c4727c7e6e6cbb524c2b9bbf8db739aa56719079"}, "author": "Deb A", "url": "https://www.tripadvisor.com/ShowUserReviews-g186338-d193027-r466895766-Premier_Inn_London_Hammersmith_Hotel-London_England.html", "ord_in_thread": 0, "title": "Familiarity breeds contempt", "locations": [], "entities": {"persons": [], "locations": [], "organizations": []}, "highlightText": "", "language": "english", "persons": [], "text": "We booked the premier Inn because we know the name, we trusted the clean sheets and fresh towels. I've never had a problem with them before.\nUnfortunately in the family room, there is a glorified 'campbed' with the most awful mattress, which wouldn't support anyone over 4 stone. The double bed was fine.\nThe bin in the bathroom had not been emptied of the previous woman's private sanitary products.\nWe were sent away from a half empty restaurant because they couldn't cope with 3 more people, so had to return half an hour later. On returning, a side order was forgotten, when we paid, the manager didn't give us our change and disappeared 'out the back' somewhere.\nAll in all, it was clean, the service was awful, don't plan on eating there if they have 5 tables full.\nWe expected better.", "external_links": [], "published": "2017-03-13T02:00:00.000+02:00", "crawled": "2017-03-31T22:57:11.712+03:00", "highlightTitle": ""}