{"organizations": [], "uuid": "fc8733f9b6e738bc67dd25e7b1e4ba3489fb142e", "thread": {"social": {"gplus": {"shares": 0}, "pinterest": {"shares": 0}, "vk": {"shares": 0}, "linkedin": {"shares": 0}, "facebook": {"likes": 0, "shares": 0, "comments": 0}, "stumbledupon": {"shares": 0}}, "site_full": "www.tripadvisor.com", "main_image": "https://media-cdn.tripadvisor.com/media/photo-s/08/e1/f8/0f/the-hotel--v8811842.jpg", "site_section": "https://www.tripadvisor.com/Hotel_Review-g187147-d197540-Reviews-New_Hotel_Roblin_La_Madeleine-Paris_Ile_de_France.html", "section_title": "New Hotel Roblin La Madeleine - UPDATED 2017 Reviews &amp; Price Comparison (Paris, France) - TripAdvisor", "url": "https://www.tripadvisor.com/ShowUserReviews-g187147-d197540-r466421738-New_Hotel_Roblin_La_Madeleine-Paris_Ile_de_France.html", "country": "US", "domain_rank": 189, "title": "Terrible", "performance_score": 0, "site": "tripadvisor.com", "participants_count": 2, "title_full": "Terrible - Review of New Hotel Roblin La Madeleine, Paris, France - TripAdvisor", "spam_score": 0.004, "site_type": "discussions", "published": "2017-03-11T02:00:00.000+02:00", "replies_count": 1, "uuid": "fc8733f9b6e738bc67dd25e7b1e4ba3489fb142e"}, "author": "Hollyfee", "url": "https://www.tripadvisor.com/ShowUserReviews-g187147-d197540-r466421738-New_Hotel_Roblin_La_Madeleine-Paris_Ile_de_France.html", "ord_in_thread": 0, "title": "Terrible", "locations": [], "entities": {"persons": [], "locations": [], "organizations": []}, "highlightText": "", "language": "english", "persons": [], "text": "Room gloomy. Have to get on hands and knees with a torch to access the safe. Products in fridge past use by date. Tea and coffee provided woefully inadequate for one let alone two. Breakfast below standard for a 4 star and dishes unavailable by 9am. Staff rude.", "external_links": [], "published": "2017-03-11T02:00:00.000+02:00", "crawled": "2017-03-29T15:49:41.313+03:00", "highlightTitle": ""}