{"organizations": [], "uuid": "ec3c6aa020870bc6eb70dcc8dd974a7eaecf171e", "thread": {"social": {"gplus": {"shares": 0}, "pinterest": {"shares": 0}, "vk": {"shares": 0}, "linkedin": {"shares": 0}, "facebook": {"likes": 0, "shares": 0, "comments": 0}, "stumbledupon": {"shares": 0}}, "site_full": "www.tripadvisor.com", "main_image": "https://media-cdn.tripadvisor.com/media/photo-s/0d/e1/39/b0/hotel-exterior.jpg", "site_section": "https://www.tripadvisor.com/Hotel_Review-g60763-d611947-Reviews-or30-New_York_Hilton_Midtown-New_York_City_New_York.html", "section_title": "New York Hilton Midtown - UPDATED 2017 Hotel Reviews &amp; Price Comparison (New York City) - TripAdvisor", "url": "https://www.tripadvisor.com/ShowUserReviews-g60763-d611947-r467444961-New_York_Hilton_Midtown-New_York_City_New_York.html", "country": "US", "domain_rank": 189, "title": "Poor service, good location", "performance_score": 0, "site": "tripadvisor.com", "participants_count": 2, "title_full": "Poor service, good location - Review of New York Hilton Midtown, New York City, NY - TripAdvisor", "spam_score": 0.0, "site_type": "discussions", "published": "2017-03-14T02:00:00.000+02:00", "replies_count": 1, "uuid": "ec3c6aa020870bc6eb70dcc8dd974a7eaecf171e"}, "author": "SiddharthVasudevan", "url": "https://www.tripadvisor.com/ShowUserReviews-g60763-d611947-r467444961-New_York_Hilton_Midtown-New_York_City_New_York.html", "ord_in_thread": 0, "title": "Poor service, good location", "locations": [], "entities": {"persons": [], "locations": [], "organizations": []}, "highlightText": "", "language": "english", "persons": [], "text": "Stayed here for 3 nights. During my stay, the housekeeping of the room was not even done once! The digital key on my phone did not work even after getting it sorted at the lobby. Breakfast spread is average. Rooms are well appointed and location is excellent and hence I came back to stay here.", "external_links": [], "published": "2017-03-14T02:00:00.000+02:00", "crawled": "2017-03-30T17:53:27.220+03:00", "highlightTitle": ""}