{"organizations": [], "uuid": "e15ab80bd241ba8bb7740ca20051ea4cc85e14b0", "thread": {"social": {"gplus": {"shares": 0}, "pinterest": {"shares": 0}, "vk": {"shares": 0}, "linkedin": {"shares": 0}, "facebook": {"likes": 0, "shares": 0, "comments": 0}, "stumbledupon": {"shares": 0}}, "site_full": "www.tripadvisor.com", "main_image": "https://media-cdn.tripadvisor.com/media/photo-s/0a/d8/f5/a2/kyriad-paris-10-canal.jpg", "site_section": "https://www.tripadvisor.com/Hotel_Review-g187147-d1067351-Reviews-Kyriad_Paris_10_Canal_Saint_Martin_Republique-Paris_Ile_de_France.html", "section_title": "Kyriad Paris 10 - Canal Saint Martin - Republique - UPDATED 2017 Hotel Reviews &amp; Price Comparison (France) - TripAdvisor", "url": "https://www.tripadvisor.com/ShowUserReviews-g187147-d1067351-r464856434-Kyriad_Paris_10_Canal_Saint_Martin_Republique-Paris_Ile_de_France.html", "country": "US", "domain_rank": 189, "title": "Bad experience", "performance_score": 0, "site": "tripadvisor.com", "participants_count": 1, "title_full": "Bad experience - Review of Kyriad Paris 10 - Canal Saint Martin - Republique, Paris, France - TripAdvisor", "spam_score": 0.022, "site_type": "discussions", "published": "2017-03-05T02:00:00.000+02:00", "replies_count": 0, "uuid": "e15ab80bd241ba8bb7740ca20051ea4cc85e14b0"}, "author": "Louise H", "url": "https://www.tripadvisor.com/ShowUserReviews-g187147-d1067351-r464856434-Kyriad_Paris_10_Canal_Saint_Martin_Republique-Paris_Ile_de_France.html", "ord_in_thread": 0, "title": "Bad experience", "locations": [], "entities": {"persons": [], "locations": [], "organizations": []}, "highlightText": "", "language": "english", "persons": [], "text": "The hotel bed very itcy. Towel is yellow. Internet network cant use most off the time. Rude staff in day timing.\nIn a very dark smallback street.\nRoom is small but that was not the case.\nUnsafe as u have to hand over ur key to counter when u go out.\nNo safe box\nAlot more. I think the main few point i had cover. But still\nMany ppl book due to the rate is cheap, anyway cheap dont come with good staff", "external_links": [], "published": "2017-03-05T02:00:00.000+02:00", "crawled": "2017-03-28T12:49:03.991+03:00", "highlightTitle": ""}