{"organizations": [], "uuid": "63286ab98a663589f9c9ab1c03a03e2ad92b189e", "thread": {"social": {"gplus": {"shares": 0}, "pinterest": {"shares": 0}, "vk": {"shares": 0}, "linkedin": {"shares": 0}, "facebook": {"likes": 0, "shares": 0, "comments": 0}, "stumbledupon": {"shares": 0}}, "site_full": "www.tripadvisor.com", "main_image": "https://media-cdn.tripadvisor.com/media/photo-s/04/bf/03/98/the-lexington.jpg", "site_section": "https://www.tripadvisor.com/Hotel_Review-g60763-d93526-Reviews-The_Lexington_New_York_City_Autograph_Collection-New_York_City_New_York.html", "section_title": "The Lexington New York City, Autograph Collection - UPDATED 2017 Hotel Reviews &amp; Price Comparison - TripAdvisor", "url": "https://www.tripadvisor.com/ShowUserReviews-g60763-d93526-r470063468-The_Lexington_New_York_City_Autograph_Collection-New_York_City_New_York.html", "country": "US", "domain_rank": 189, "title": "Small rooms, small beds, not much in-room dining", "performance_score": 0, "site": "tripadvisor.com", "participants_count": 2, "title_full": "Small rooms, small beds, not much in-room dining - Review of The Lexington New York City, Autograph Collection, New York City, NY - TripAdvisor", "spam_score": 0.0, "site_type": "discussions", "published": "2017-03-25T03:00:00.000+03:00", "replies_count": 1, "uuid": "63286ab98a663589f9c9ab1c03a03e2ad92b189e"}, "author": "jswflights", "url": "https://www.tripadvisor.com/ShowUserReviews-g60763-d93526-r470063468-The_Lexington_New_York_City_Autograph_Collection-New_York_City_New_York.html", "ord_in_thread": 0, "title": "Small rooms, small beds, not much in-room dining", "locations": [], "entities": {"persons": [], "locations": [], "organizations": []}, "highlightText": "", "language": "english", "persons": [], "text": "I requested an upgrade online at Marriott's urging to a King corner and received two small double beds instead. It was late, and I suffered through it. The room and bathroom were small. In room dining came in a bag from an adjacent restaurant. Check out had a line and only one person on duty during what normally are busy times.", "external_links": [], "published": "2017-03-25T03:00:00.000+03:00", "crawled": "2017-03-30T22:26:19.677+03:00", "highlightTitle": ""}