{"organizations": [], "uuid": "e7c8b516e2bcdf599c43e04e5cb58ae015965553", "thread": {"social": {"gplus": {"shares": 0}, "pinterest": {"shares": 0}, "vk": {"shares": 0}, "linkedin": {"shares": 0}, "facebook": {"likes": 0, "shares": 0, "comments": 0}, "stumbledupon": {"shares": 0}}, "site_full": "www.tripadvisor.com", "main_image": "https://media-cdn.tripadvisor.com/media/photo-s/05/ef/e1/33/novotel-london-west.jpg", "site_section": "https://www.tripadvisor.com/Hotel_Review-g186338-d193672-Reviews-Novotel_London_West-London_England.html", "section_title": "Novotel London West - UPDATED 2017 Hotel Reviews &amp; Price Comparison (England) - TripAdvisor", "url": "https://www.tripadvisor.com/ShowUserReviews-g186338-d193672-r471204474-Novotel_London_West-London_England.html", "country": "US", "domain_rank": 189, "title": "Average and noisy", "performance_score": 0, "site": "tripadvisor.com", "participants_count": 1, "title_full": "Average and noisy - Review of Novotel London West, London, England - TripAdvisor", "spam_score": 0.002, "site_type": "discussions", "published": "2017-03-29T03:00:00.000+03:00", "replies_count": 0, "uuid": "e7c8b516e2bcdf599c43e04e5cb58ae015965553"}, "author": "MCMJ2014", "url": "https://www.tripadvisor.com/ShowUserReviews-g186338-d193672-r471204474-Novotel_London_West-London_England.html", "ord_in_thread": 0, "title": "Average and noisy", "locations": [], "entities": {"persons": [], "locations": [], "organizations": []}, "highlightText": "", "language": "english", "persons": [], "text": "Stayed 2 nights for a conference in the hotel.\nThe rooms are fine - good size and clean - but basic. Things like only one pillow on the bed, minimal toiletries, no mini bar.\nThe place charges city centre prices but is on the outskirts.\nBut the worst thing is that it is full of large groups of tourists so you have people running up and down the corridors, loud TVs, doors being slammed all night,\nNot a good place if you actually want to sleep. Huge queues at breakfast if you time it wrong,", "external_links": [], "published": "2017-03-29T03:00:00.000+03:00", "crawled": "2017-03-31T22:55:12.640+03:00", "highlightTitle": ""}