{"organizations": [], "uuid": "eb86aafd5d69fe15c915fb2be8056ebc776ef792", "thread": {"social": {"gplus": {"shares": 0}, "pinterest": {"shares": 0}, "vk": {"shares": 0}, "linkedin": {"shares": 0}, "facebook": {"likes": 0, "shares": 0, "comments": 0}, "stumbledupon": {"shares": 0}}, "site_full": "www.tripadvisor.com", "main_image": "https://media-cdn.tripadvisor.com/media/photo-s/0e/a5/71/b0/double-room.jpg", "site_section": "https://www.tripadvisor.com/Hotel_Review-g186338-d3226266-Reviews-or20-Point_A_Hotel_London_Paddington-London_England.html", "section_title": "Point A Hotel, London Paddington - UPDATED 2017 Reviews &amp; Price Comparison (England) - TripAdvisor", "url": "https://www.tripadvisor.com/ShowUserReviews-g186338-d3226266-r465134075-Point_A_Hotel_London_Paddington-London_England.html", "country": "US", "domain_rank": 189, "title": "If you like sleeping on lumpy hard mattresses this is for you", "performance_score": 0, "site": "tripadvisor.com", "participants_count": 2, "title_full": "If you like sleeping on lumpy hard mattresses this is for you - Review of Point A Hotel, London Paddington, London, England - TripAdvisor", "spam_score": 0.057, "site_type": "discussions", "published": "2017-03-06T02:00:00.000+02:00", "replies_count": 1, "uuid": "eb86aafd5d69fe15c915fb2be8056ebc776ef792"}, "author": "vjr85", "url": "https://www.tripadvisor.com/ShowUserReviews-g186338-d3226266-r465134075-Point_A_Hotel_London_Paddington-London_England.html", "ord_in_thread": 0, "title": "If you like sleeping on lumpy hard mattresses this is for you", "locations": [], "entities": {"persons": [], "locations": [], "organizations": []}, "highlightText": "", "language": "english", "persons": [], "text": "Such a shame I got very little sleep here 3rd-5th March. The location is great for getting on the tube into city. Rooms were really clean the shower was powerful water was hot. Staff were very nice. My only complaint is the beds and believe me if it wasn't for the cleanliness I would have given it 1.", "external_links": [], "published": "2017-03-06T02:00:00.000+02:00", "crawled": "2017-03-31T20:22:11.607+03:00", "highlightTitle": ""}