{"organizations": [], "uuid": "58ef35546e866ee26434572b566a2406cf76c5e9", "thread": {"social": {"gplus": {"shares": 0}, "pinterest": {"shares": 0}, "vk": {"shares": 0}, "linkedin": {"shares": 0}, "facebook": {"likes": 0, "shares": 0, "comments": 0}, "stumbledupon": {"shares": 0}}, "site_full": "www.tripadvisor.com", "main_image": "https://media-cdn.tripadvisor.com/media/photo-s/0e/c5/16/00/double-room.jpg", "site_section": "https://www.tripadvisor.com/Hotel_Review-g186338-d2458180-Reviews-or20-Point_A_Hotel_London_Liverpool_Street-London_England.html", "section_title": "Point A Hotel, London Liverpool Street - UPDATED 2017 Reviews &amp; Price Comparison (England) - TripAdvisor", "url": "https://www.tripadvisor.com/ShowUserReviews-g186338-d2458180-r467633085-Point_A_Hotel_London_Liverpool_Street-London_England.html", "country": "US", "domain_rank": 189, "title": "Never again", "performance_score": 0, "site": "tripadvisor.com", "participants_count": 1, "title_full": "Never again - Review of Point A Hotel, London Liverpool Street, London, England - TripAdvisor", "spam_score": 0.0, "site_type": "discussions", "published": "2017-03-15T02:00:00.000+02:00", "replies_count": 0, "uuid": "58ef35546e866ee26434572b566a2406cf76c5e9"}, "author": "Louise B", "url": "https://www.tripadvisor.com/ShowUserReviews-g186338-d2458180-r467633085-Point_A_Hotel_London_Liverpool_Street-London_England.html", "ord_in_thread": 0, "title": "Never again", "locations": [], "entities": {"persons": [], "locations": [], "organizations": []}, "highlightText": "", "language": "english", "persons": [], "text": "I stayed here for one night on a business trip and was put on the first floor. I never slept at all due to the Underground rumbling all night once a minute - the noise was like someone dragging a Supermarket goods container across cobbles all night.\nI had a really important meeting the next day and begged the staff to swap my room but all they did was offer me complementary breakfast that was no use as my meeting was over breakfast!\nThe staff didn't care one iota about the guests and whilst I complained, they constantly spoke to other clients despite my obviously being upset and looking for some help - I've never felt so frustrated in my life!\nI haven't even started on the broken table and heater that didn't work - keeping my room to a chilly 16', despite my continually turning it up to the maximum indicated of 24 - of course there is no-one on hand in the evening to see to any problems until the morning\nHonestly, this place is more like a hostel than a hotel and I will never stay there again, no matter what!! I'd rather camp.\nDo yourself a favour and go somewhere else. If there had been a zero rating I would have given it zero.\nRoom Tip: Go somewhere else but if you really have to stay here, get a room on a high floor if you want any ch... See more room tips", "external_links": [], "published": "2017-03-15T02:00:00.000+02:00", "crawled": "2017-03-31T21:23:37.617+03:00", "highlightTitle": ""}