{"organizations": [], "uuid": "f43744c9471865577ee7bc04a504eaa31db26f34", "thread": {"social": {"gplus": {"shares": 0}, "pinterest": {"shares": 0}, "vk": {"shares": 0}, "linkedin": {"shares": 0}, "facebook": {"likes": 0, "shares": 0, "comments": 0}, "stumbledupon": {"shares": 0}}, "site_full": "www.tripadvisor.com", "main_image": "https://media-cdn.tripadvisor.com/media/photo-s/06/50/9d/58/intercontinental-paris.jpg", "site_section": "https://www.tripadvisor.com/Hotel_Review-g187147-d207742-Reviews-InterContinental_Paris_Le_Grand-Paris_Ile_de_France.html", "section_title": "InterContinental Paris Le Grand - UPDATED 2017 Hotel Reviews &amp; Price Comparison (France) - TripAdvisor", "url": "https://www.tripadvisor.com/ShowUserReviews-g187147-d207742-r466118944-InterContinental_Paris_Le_Grand-Paris_Ile_de_France.html", "country": "US", "domain_rank": 189, "title": "sneaky charges for local calls", "performance_score": 0, "site": "tripadvisor.com", "participants_count": 2, "title_full": "sneaky charges for local calls - Review of InterContinental Paris Le Grand, Paris, France - TripAdvisor", "spam_score": 0.0, "site_type": "discussions", "published": "2017-03-10T02:00:00.000+02:00", "replies_count": 1, "uuid": "f43744c9471865577ee7bc04a504eaa31db26f34"}, "author": "kdc1977", "url": "https://www.tripadvisor.com/ShowUserReviews-g187147-d207742-r466118944-InterContinental_Paris_Le_Grand-Paris_Ile_de_France.html", "ord_in_thread": 0, "title": "sneaky charges for local calls", "locations": [], "entities": {"persons": [], "locations": [], "organizations": []}, "highlightText": "", "language": "english", "persons": [], "text": "Without warning at check in, and no notice on the room's phone itself, this hotel charges exorbitant amounts for local calls. Then, they take no responsibility for not warning the customer that local calls are not free and are not included in the resort fee. I'm talking about hundreds of euros charged for several brief local calls to local tour operators.", "external_links": [], "published": "2017-03-10T02:00:00.000+02:00", "crawled": "2017-03-30T21:24:39.117+03:00", "highlightTitle": ""}