{"organizations": [], "uuid": "bb0ad671a890e96ef01b86f8d4cc3ca336081684", "thread": {"social": {"gplus": {"shares": 0}, "pinterest": {"shares": 0}, "vk": {"shares": 0}, "linkedin": {"shares": 0}, "facebook": {"likes": 0, "shares": 0, "comments": 0}, "stumbledupon": {"shares": 0}}, "site_full": "www.tripadvisor.com", "main_image": "https://media-cdn.tripadvisor.com/media/photo-s/03/ba/7e/e9/exterior.jpg", "site_section": "https://www.tripadvisor.com/Hotel_Review-g187147-d649965-Reviews-or5-First_Hotel-Paris_Ile_de_France.html", "section_title": "First Hotel - UPDATED 2017 Reviews &amp; Price Comparison (Paris, France) - TripAdvisor", "url": "https://www.tripadvisor.com/ShowUserReviews-g187147-d649965-r467654325-First_Hotel-Paris_Ile_de_France.html", "country": "US", "domain_rank": 189, "title": "Don't waste your money or time.", "performance_score": 0, "site": "tripadvisor.com", "participants_count": 2, "title_full": "Don't waste your money or time. - Review of First Hotel, Paris, France - TripAdvisor", "spam_score": 0.0, "site_type": "discussions", "published": "2017-03-15T02:00:00.000+02:00", "replies_count": 1, "uuid": "bb0ad671a890e96ef01b86f8d4cc3ca336081684"}, "author": "Roy H", "url": "https://www.tripadvisor.com/ShowUserReviews-g187147-d649965-r467654325-First_Hotel-Paris_Ile_de_France.html", "ord_in_thread": 0, "title": "Don't waste your money or time.", "locations": [], "entities": {"persons": [], "locations": [], "organizations": []}, "highlightText": "", "language": "english", "persons": [], "text": "Hotel was unwelcoming, and couldn't even accommodate simple needs such as extra pillows. The hotel room was cramped for being a suite and pull out bed was broken and lumpy. The bed was uncomfortable and not to comfort standard. Lobby area was decent, but the staff was completely unhelpful and couldn't even have the patience to explain where to park without having a attitude when asking a simple question.\nRoom Tip: Don't book it. See more room tips", "external_links": [], "published": "2017-03-15T02:00:00.000+02:00", "crawled": "2017-03-27T15:24:07.154+03:00", "highlightTitle": ""}