{"organizations": [], "uuid": "67a7fd39e76b68dcae2c6288a8e65828b1766138", "thread": {"social": {"gplus": {"shares": 0}, "pinterest": {"shares": 0}, "vk": {"shares": 0}, "linkedin": {"shares": 0}, "facebook": {"likes": 0, "shares": 0, "comments": 0}, "stumbledupon": {"shares": 0}}, "site_full": "www.tripadvisor.com", "main_image": "https://media-cdn.tripadvisor.com/media/photo-s/07/4c/96/58/ibis-styles-paris-gare.jpg", "site_section": "https://www.tripadvisor.com/Hotel_Review-g187147-d197645-Reviews-Ibis_Styles_Paris_Gare_de_l_Est_Chateau_Landon-Paris_Ile_de_France.html", "section_title": "Ibis Styles Paris Gare de l'Est Chateau Landon - UPDATED 2017 Hotel Reviews &amp; Price Comparison (France) - TripAdvisor", "url": "https://www.tripadvisor.com/ShowUserReviews-g187147-d197645-r465104476-Ibis_Styles_Paris_Gare_de_l_Est_Chateau_Landon-Paris_Ile_de_France.html", "country": "US", "domain_rank": 189, "title": "The Worst hotel in the world!!!", "performance_score": 0, "site": "tripadvisor.com", "participants_count": 1, "title_full": "The Worst hotel in the world!!! - Review of Ibis Styles Paris Gare de l'Est Chateau Landon, Paris, France - TripAdvisor", "spam_score": 0.0, "site_type": "discussions", "published": "2017-03-06T02:00:00.000+02:00", "replies_count": 0, "uuid": "67a7fd39e76b68dcae2c6288a8e65828b1766138"}, "author": "Maria D", "url": "https://www.tripadvisor.com/ShowUserReviews-g187147-d197645-r465104476-Ibis_Styles_Paris_Gare_de_l_Est_Chateau_Landon-Paris_Ile_de_France.html", "ord_in_thread": 0, "title": "The Worst hotel in the world!!!", "locations": [], "entities": {"persons": [], "locations": [], "organizations": []}, "highlightText": "", "language": "english", "persons": [], "text": "We stayed there 5 days in February and we paid 500euros.\nOur room was awful, our towels and pillows was dirty and when we asked how often do you change it, they told us that we do not change it only we fold it and we put the same.\nBut the worst thing was that we gave them some clothes only to wash it and we paid 250EUROS just for 2 jeans, 4 T-shirt and 6 pair of socks. For the same clothes 6 days before we had paid in England only 10pounds.\nThe only thing that was good there was the breakfast nothing else. NOBODY GOES THERE!!!!", "external_links": [], "published": "2017-03-06T02:00:00.000+02:00", "crawled": "2017-03-27T13:52:37.589+03:00", "highlightTitle": ""}