{"organizations": [], "uuid": "ca2e4235945e95d92af63ad9d66a420f11aa48c0", "thread": {"social": {"gplus": {"shares": 0}, "pinterest": {"shares": 0}, "vk": {"shares": 0}, "linkedin": {"shares": 0}, "facebook": {"likes": 0, "shares": 0, "comments": 0}, "stumbledupon": {"shares": 0}}, "site_full": "www.tripadvisor.com", "main_image": "https://media-cdn.tripadvisor.com/media/photo-s/02/5d/c0/e4/the-lounge.jpg", "site_section": "https://www.tripadvisor.com/Hotel_Review-g186338-d195198-Reviews-or30-Crowne_Plaza_London_Kensington-London_England.html", "section_title": "Crowne Plaza London Kensington - UPDATED 2017 Hotel Reviews &amp; Price Comparison (England) - TripAdvisor", "url": "https://www.tripadvisor.com/ShowUserReviews-g186338-d195198-r464319488-Crowne_Plaza_London_Kensington-London_England.html", "country": "US", "domain_rank": 189, "title": "Dull and lifeless", "performance_score": 0, "site": "tripadvisor.com", "participants_count": 2, "title_full": "Dull and lifeless - Review of Crowne Plaza London Kensington, London, England - TripAdvisor", "spam_score": 0.0, "site_type": "discussions", "published": "2017-03-03T02:00:00.000+02:00", "replies_count": 1, "uuid": "ca2e4235945e95d92af63ad9d66a420f11aa48c0"}, "author": "Elizabeth C", "url": "https://www.tripadvisor.com/ShowUserReviews-g186338-d195198-r464319488-Crowne_Plaza_London_Kensington-London_England.html", "ord_in_thread": 0, "title": "Dull and lifeless", "locations": [], "entities": {"persons": [], "locations": [], "organizations": []}, "highlightText": "", "language": "english", "persons": [], "text": "Had a week here in February and would not recommend it for holiday makers.\nThe hotel is very bland and corporate with lots of hard edges and very little character.\nMain issues are\n*the fridge is automated with a warning that if you move anything you will automatically be charged! So only the tiniest space should you wish to put your own drinks or snacks in the fridge (something quite likely to happen on a week long trip).\n*the beds are small, hard and have very very \"firm\" pillows.\n*lots of light from the downstairs restaurant gets in to the room despite the thick curtains\n*the temperature in the room is very hard to control - despite the in room controls the room would swing from super hot to freezing cold throughout the night\n*the anti slip on the bath was like sandpaper for your behind should you decide to take a bath -plus it was very discoloured which makes the bath look dirty.\nOverall the hotel is well located and clean (other than the bath) but if you're looking for a real/fun london holiday I would look else where.", "external_links": [], "published": "2017-03-03T02:00:00.000+02:00", "crawled": "2017-03-31T17:01:16.113+03:00", "highlightTitle": ""}