{"organizations": [], "uuid": "6553138c7190179579ab4e5cfb9fa78193e8dae1", "thread": {"social": {"gplus": {"shares": 0}, "pinterest": {"shares": 0}, "vk": {"shares": 0}, "linkedin": {"shares": 0}, "facebook": {"likes": 0, "shares": 0, "comments": 0}, "stumbledupon": {"shares": 0}}, "site_full": "www.tripadvisor.com", "main_image": "https://media-cdn.tripadvisor.com/media/photo-s/0d/e1/39/b0/hotel-exterior.jpg", "site_section": "https://www.tripadvisor.com/Hotel_Review-g60763-d611947-Reviews-or10-New_York_Hilton_Midtown-New_York_City_New_York.html", "section_title": "New York Hilton Midtown - UPDATED 2017 Hotel Reviews &amp; Price Comparison (New York City) - TripAdvisor", "url": "https://www.tripadvisor.com/ShowUserReviews-g60763-d611947-r469080169-New_York_Hilton_Midtown-New_York_City_New_York.html", "country": "US", "domain_rank": 189, "title": "This hotel hosts the model UN events. It may be full of kids when you come!", "performance_score": 0, "site": "tripadvisor.com", "participants_count": 2, "title_full": "This hotel hosts the model UN events. It may be full of kids when you come! - Review of New York Hilton Midtown, New York City, NY - TripAdvisor", "spam_score": 0.0, "site_type": "discussions", "published": "2017-03-21T02:00:00.000+02:00", "replies_count": 1, "uuid": "6553138c7190179579ab4e5cfb9fa78193e8dae1"}, "author": "Aran H", "url": "https://www.tripadvisor.com/ShowUserReviews-g60763-d611947-r469080169-New_York_Hilton_Midtown-New_York_City_New_York.html", "ord_in_thread": 0, "title": "This hotel hosts the model UN events. It may be full of kids when you come!", "locations": [], "entities": {"persons": [], "locations": [], "organizations": []}, "highlightText": "", "language": "english", "persons": [], "text": "DO NOT BOOK THIS HOTEL ONLINE WITHOUT CALLING AHEAD AND ASKING WHAT KIDS GROUPS ARE STAYING AT THE HOTEL WHILE YOU'RE TRAVELING. I love kids. I have three of my own. I understand that they get into high jinx. I just wish I'd known that the model UN would be staying here when I was here.\nWhen I travel for business, I can't afford to be up all night with teenagers running up and down the hall \"whispering\" through doors that \"the cute German boy talked to me\", and blaring music through the night. It's simply not acceptable. I understand that kids are going to be kids - and you need to as well. Don't count on getting sleep here when they host events.\nRoom Tip: Insist on a room away from any kids rooms See more room tips", "external_links": [], "published": "2017-03-21T02:00:00.000+02:00", "crawled": "2017-03-30T17:49:39.901+03:00", "highlightTitle": ""}