{"organizations": [], "uuid": "ccfbaef5531660cdd74ce7f472b27c1a8b8f0849", "thread": {"social": {"gplus": {"shares": 0}, "pinterest": {"shares": 0}, "vk": {"shares": 0}, "linkedin": {"shares": 0}, "facebook": {"likes": 0, "shares": 0, "comments": 0}, "stumbledupon": {"shares": 0}}, "site_full": "www.tripadvisor.com", "main_image": "https://media-cdn.tripadvisor.com/media/photo-s/0e/5a/ca/75/photo6jpg.jpg", "site_section": "https://www.tripadvisor.com/Hotel_Review-g60763-d113343-Reviews-Marrakech_Hotel-New_York_City_New_York.html", "section_title": "Marrakech Hotel - UPDATED 2017 Reviews &amp; Price Comparison (New York City) - TripAdvisor", "url": "https://www.tripadvisor.com/ShowUserReviews-g60763-d113343-r469873584-Marrakech_Hotel-New_York_City_New_York.html", "country": "US", "domain_rank": 189, "title": "Terrible soundproofing", "performance_score": 0, "site": "tripadvisor.com", "participants_count": 1, "title_full": "Terrible soundproofing - Review of Marrakech Hotel, New York City, NY - TripAdvisor", "spam_score": 0.0, "site_type": "discussions", "published": "2017-03-24T03:00:00.000+03:00", "replies_count": 0, "uuid": "ccfbaef5531660cdd74ce7f472b27c1a8b8f0849"}, "author": "Jessica H", "url": "https://www.tripadvisor.com/ShowUserReviews-g60763-d113343-r469873584-Marrakech_Hotel-New_York_City_New_York.html", "ord_in_thread": 0, "title": "Terrible soundproofing", "locations": [], "entities": {"persons": [], "locations": [], "organizations": []}, "highlightText": "", "language": "english", "persons": [], "text": "I recently stayed here for 4 nights while in NYC on business. I could hear people in rooms next to me at all hours of the night as if there weren't any walls between us. There was free wifi, but it was very slow so it was difficult to do anything for work (went to Starbucks downstairs instead) and I could never get it to work on my phone. It is kept clean and had a decent bed though so if you are looking for a budget hotel this may be acceptable for you.", "external_links": [], "published": "2017-03-24T03:00:00.000+03:00", "crawled": "2017-03-29T14:17:15.989+03:00", "highlightTitle": ""}