{"organizations": [], "uuid": "3fd012700cbf691c501331b5b481c7efcea1ac8e", "thread": {"social": {"gplus": {"shares": 0}, "pinterest": {"shares": 0}, "vk": {"shares": 0}, "linkedin": {"shares": 0}, "facebook": {"likes": 0, "shares": 0, "comments": 0}, "stumbledupon": {"shares": 0}}, "site_full": "www.tripadvisor.com", "main_image": "https://media-cdn.tripadvisor.com/media/photo-s/03/40/83/d8/hotel-central-saint-germain.jpg", "site_section": "https://www.tripadvisor.com/Hotel_Review-g187147-d239279-Reviews-Hotel_Central_Saint_Germain-Paris_Ile_de_France.html", "section_title": "Hotel Central Saint Germain - UPDATED 2017 Reviews &amp; Price Comparison (Paris, France) - TripAdvisor", "url": "https://www.tripadvisor.com/ShowUserReviews-g187147-d239279-r470419457-Hotel_Central_Saint_Germain-Paris_Ile_de_France.html", "country": "US", "domain_rank": 189, "title": "We changed hotels after one night!", "performance_score": 0, "site": "tripadvisor.com", "participants_count": 1, "title_full": "We changed hotels after one night! - Review of Hotel Central Saint Germain, Paris, France - TripAdvisor", "spam_score": 0.004, "site_type": "discussions", "published": "2017-03-26T03:00:00.000+03:00", "replies_count": 0, "uuid": "3fd012700cbf691c501331b5b481c7efcea1ac8e"}, "author": "MUG2017", "url": "https://www.tripadvisor.com/ShowUserReviews-g187147-d239279-r470419457-Hotel_Central_Saint_Germain-Paris_Ile_de_France.html", "ord_in_thread": 0, "title": "We changed hotels after one night!", "locations": [], "entities": {"persons": [], "locations": [], "organizations": []}, "highlightText": "", "language": "english", "persons": [], "text": "Noisy street, terrible blinds, tiny bed (hubby's feet were off the end!), t ny bathroom, and felt the security feeling was low/ risky. Staff were lovely enough, but facilities were lacking. We wouldn't go back... but we recommend the next hotel we jumped across to!\nRoom Tip: Don't bother!! See more room tips", "external_links": [], "published": "2017-03-26T03:00:00.000+03:00", "crawled": "2017-03-29T14:33:41.452+03:00", "highlightTitle": ""}