{"organizations": [], "uuid": "dfcbc43a31c151837aea9a4cb3027f7ef1260b16", "thread": {"social": {"gplus": {"shares": 0}, "pinterest": {"shares": 0}, "vk": {"shares": 0}, "linkedin": {"shares": 0}, "facebook": {"likes": 0, "shares": 0, "comments": 0}, "stumbledupon": {"shares": 0}}, "site_full": "www.tripadvisor.com", "main_image": "https://media-cdn.tripadvisor.com/media/photo-s/02/d9/e5/be/double-room.jpg", "site_section": "https://www.tripadvisor.com/Hotel_Review-g187147-d595455-Reviews-Hotel_Nord_et_Champagne-Paris_Ile_de_France.html", "section_title": "Hotel Nord et Champagne - UPDATED 2017 Reviews &amp; Price Comparison (Paris, France) - TripAdvisor", "url": "https://www.tripadvisor.com/ShowUserReviews-g187147-d595455-r463005164-Hotel_Nord_et_Champagne-Paris_Ile_de_France.html", "country": "US", "domain_rank": 189, "title": "Disappointing stay", "performance_score": 0, "site": "tripadvisor.com", "participants_count": 1, "title_full": "Disappointing stay - Review of Hotel Nord et Champagne, Paris, France - TripAdvisor", "spam_score": 0.0, "site_type": "discussions", "published": "2017-02-26T02:00:00.000+02:00", "replies_count": 0, "uuid": "dfcbc43a31c151837aea9a4cb3027f7ef1260b16"}, "author": "MorenetaMK", "url": "https://www.tripadvisor.com/ShowUserReviews-g187147-d595455-r463005164-Hotel_Nord_et_Champagne-Paris_Ile_de_France.html", "ord_in_thread": 0, "title": "Disappointing stay", "locations": [], "entities": {"persons": [], "locations": [], "organizations": []}, "highlightText": "", "language": "english", "persons": [], "text": "Amongst other issues, rooms were not as clean as expected. The night concierge was unfriendly. Whilst the breakfast staff were friendly, and food was served to the table, poor variety in what was available meant I could only have a satsuma and coffee for breakfast - does not cater well for allergy sufferers at all.", "external_links": [], "published": "2017-02-26T02:00:00.000+02:00", "crawled": "2017-03-27T12:28:53.832+03:00", "highlightTitle": ""}