{"organizations": [], "uuid": "edc7c184260baf5911f43173f31880a666c9f833", "thread": {"social": {"gplus": {"shares": 0}, "pinterest": {"shares": 0}, "vk": {"shares": 0}, "linkedin": {"shares": 0}, "facebook": {"likes": 0, "shares": 0, "comments": 0}, "stumbledupon": {"shares": 0}}, "site_full": "www.tripadvisor.com", "main_image": "https://media-cdn.tripadvisor.com/media/photo-s/0e/43/0e/82/night-exterior.jpg", "site_section": "https://www.tripadvisor.com/Hotel_Review-g60763-d866615-Reviews-Hampton_Inn_Manhattan_SoHo-New_York_City_New_York.html", "section_title": "Hampton Inn Manhattan-SoHo - UPDATED 2017 Hotel Reviews &amp; Price Comparison (New York City) - TripAdvisor", "url": "https://www.tripadvisor.com/ShowUserReviews-g60763-d866615-r470467334-Hampton_Inn_Manhattan_SoHo-New_York_City_New_York.html", "country": "US", "domain_rank": 189, "title": "High Dollar - Small Value", "performance_score": 0, "site": "tripadvisor.com", "participants_count": 2, "title_full": "High Dollar - Small Value - Review of Hampton Inn Manhattan-SoHo, New York City, NY - TripAdvisor", "spam_score": 0.001, "site_type": "discussions", "published": "2017-03-26T03:00:00.000+03:00", "replies_count": 1, "uuid": "edc7c184260baf5911f43173f31880a666c9f833"}, "author": "Anita R", "url": "https://www.tripadvisor.com/ShowUserReviews-g60763-d866615-r470467334-Hampton_Inn_Manhattan_SoHo-New_York_City_New_York.html", "ord_in_thread": 0, "title": "High Dollar - Small Value", "locations": [], "entities": {"persons": [], "locations": [], "organizations": []}, "highlightText": "", "language": "english", "persons": [], "text": "As a Diamond member - this hotel does not appear to value people's comfort, quality of room, quality of service, parking is a BIG problem, treated rudely and room was very small - felt like a closest!", "external_links": [], "published": "2017-03-26T03:00:00.000+03:00", "crawled": "2017-03-30T20:18:18.753+03:00", "highlightTitle": ""}