{"organizations": [], "uuid": "8132d785fcf42683cfe99080520a186fec08ff47", "thread": {"social": {"gplus": {"shares": 0}, "pinterest": {"shares": 0}, "vk": {"shares": 0}, "linkedin": {"shares": 0}, "facebook": {"likes": 0, "shares": 0, "comments": 0}, "stumbledupon": {"shares": 0}}, "site_full": "www.tripadvisor.com", "main_image": "https://media-cdn.tripadvisor.com/media/photo-s/08/35/71/0d/exterior-view.jpg", "site_section": "https://www.tripadvisor.com/Hotel_Review-g60763-d93396-Reviews-or20-The_Iroquois_New_York-New_York_City_New_York.html", "section_title": "The Iroquois New York - UPDATED 2017 Hotel Reviews &amp; Price Comparison (New York City) - TripAdvisor", "url": "https://www.tripadvisor.com/ShowUserReviews-g60763-d93396-r468158878-The_Iroquois_New_York-New_York_City_New_York.html", "country": "US", "domain_rank": 189, "title": "Overpriced and in need of updating", "performance_score": 0, "site": "tripadvisor.com", "participants_count": 2, "title_full": "Overpriced and in need of updating - Review of The Iroquois New York, New York City, NY - TripAdvisor", "spam_score": 0.0, "site_type": "discussions", "published": "2017-03-17T02:00:00.000+02:00", "replies_count": 1, "uuid": "8132d785fcf42683cfe99080520a186fec08ff47"}, "author": "146jessf", "url": "https://www.tripadvisor.com/ShowUserReviews-g60763-d93396-r468158878-The_Iroquois_New_York-New_York_City_New_York.html", "ord_in_thread": 0, "title": "Overpriced and in need of updating", "locations": [], "entities": {"persons": [], "locations": [], "organizations": []}, "highlightText": "", "language": "english", "persons": [], "text": "I don't think I will be returning to the Iroquois . . . even thought the location is conveniently located to Broadway and restaurants, the quality of the hotel and value related to price is really, really poor.", "external_links": [], "published": "2017-03-17T02:00:00.000+02:00", "crawled": "2017-03-29T15:06:08.481+03:00", "highlightTitle": ""}