{"organizations": [], "uuid": "a6fdde091ef940bdc0ad211974f0fea0d99cd48a", "thread": {"social": {"gplus": {"shares": 0}, "pinterest": {"shares": 0}, "vk": {"shares": 0}, "linkedin": {"shares": 0}, "facebook": {"likes": 0, "shares": 0, "comments": 0}, "stumbledupon": {"shares": 0}}, "site_full": "www.tripadvisor.com", "main_image": "https://media-cdn.tripadvisor.com/media/photo-s/0e/a1/7c/40/best-western-plus-el.jpg", "site_section": "https://www.tripadvisor.com/Hotel_Review-g32715-d80705-Reviews-or20-BEST_WESTERN_PLUS_El_Rancho_Inn-Millbrae_California.html", "section_title": "BEST WESTERN PLUS El Rancho Inn - UPDATED 2017 Hotel Reviews &amp; Price Comparison (Millbrae, CA) - TripAdvisor", "url": "https://www.tripadvisor.com/ShowUserReviews-g32715-d80705-r463590067-BEST_WESTERN_PLUS_El_Rancho_Inn-Millbrae_California.html", "country": "ZA", "domain_rank": 189, "title": "Miserable", "performance_score": 0, "site": "tripadvisor.com", "participants_count": 1, "title_full": "Miserable - Review of BEST WESTERN PLUS El Rancho Inn, Millbrae, CA - TripAdvisor", "spam_score": 0.009, "site_type": "discussions", "published": "2017-02-28T02:00:00.000+02:00", "replies_count": 0, "uuid": "a6fdde091ef940bdc0ad211974f0fea0d99cd48a"}, "author": "Jrtuned", "url": "https://www.tripadvisor.com/ShowUserReviews-g32715-d80705-r463590067-BEST_WESTERN_PLUS_El_Rancho_Inn-Millbrae_California.html", "ord_in_thread": 0, "title": "Miserable", "locations": [], "entities": {"persons": [], "locations": [], "organizations": []}, "highlightText": "", "language": "english", "persons": [], "text": "I am a Diamond member with Best Western and this place should not be one. Staff was rude, the transport from the airport was horrible, I was given a room over a1/4mile from the main desk area. No diamond rewards bag, they charged me for a room I used points to book. Just an all around miserable experience.", "external_links": [], "published": "2017-02-28T02:00:00.000+02:00", "crawled": "2017-03-26T19:07:20.464+03:00", "highlightTitle": ""}