{"organizations": [], "uuid": "f4e750a6d6418aba1a76adb32807736211a89021", "thread": {"social": {"gplus": {"shares": 0}, "pinterest": {"shares": 0}, "vk": {"shares": 0}, "linkedin": {"shares": 0}, "facebook": {"likes": 0, "shares": 0, "comments": 0}, "stumbledupon": {"shares": 0}}, "site_full": "www.tripadvisor.com", "main_image": "https://media-cdn.tripadvisor.com/media/photo-s/0b/e3/21/cf/exterior-at-kube-hotel.jpg", "site_section": "https://www.tripadvisor.com/Hotel_Review-g187147-d582530-Reviews-Kube_Hotel-Paris_Ile_de_France.html", "section_title": "Kube Hotel - UPDATED 2017 Reviews &amp; Price Comparison (Paris, France) - TripAdvisor", "url": "https://www.tripadvisor.com/ShowUserReviews-g187147-d582530-r460204494-Kube_Hotel-Paris_Ile_de_France.html", "country": "US", "domain_rank": 189, "title": "Ice bar was the highlight", "performance_score": 0, "site": "tripadvisor.com", "participants_count": 2, "title_full": "Ice bar was the highlight - Review of Kube Hotel, Paris, France - TripAdvisor", "spam_score": 0.0, "site_type": "discussions", "published": "2017-02-27T02:00:00.000+02:00", "replies_count": 1, "uuid": "f4e750a6d6418aba1a76adb32807736211a89021"}, "author": "Jordan K", "url": "https://www.tripadvisor.com/ShowUserReviews-g187147-d582530-r460204494-Kube_Hotel-Paris_Ile_de_France.html", "ord_in_thread": 0, "title": "Ice bar was the highlight", "locations": [], "entities": {"persons": [], "locations": [], "organizations": []}, "highlightText": "", "language": "english", "persons": [], "text": "The only staff member that seemed friendly was the chap in the ice bar. No one else really acknowledges you. VERY rough area, not recommended if you are a nervous or paranoid person. Noting special about the hotel, the pictures make it look better than it is. Food is good and it's a good distance to the metro station", "external_links": [], "published": "2017-02-27T02:00:00.000+02:00", "crawled": "2017-03-28T14:03:32.645+03:00", "highlightTitle": ""}