{"organizations": [], "uuid": "90edac287f1d853b93aa1c2361649c85f100e8af", "thread": {"social": {"gplus": {"shares": 0}, "pinterest": {"shares": 0}, "vk": {"shares": 0}, "linkedin": {"shares": 0}, "facebook": {"likes": 0, "shares": 0, "comments": 0}, "stumbledupon": {"shares": 0}}, "site_full": "www.tripadvisor.com", "main_image": "https://media-cdn.tripadvisor.com/media/photo-s/08/8a/f0/71/lobby-main.jpg", "site_section": "https://www.tripadvisor.com/Hotel_Review-g60763-d99766-Reviews-or70-The_Roosevelt_Hotel-New_York_City_New_York.html", "section_title": "The Roosevelt Hotel - UPDATED 2017 Reviews &amp; Price Comparison (New York City) - TripAdvisor", "url": "https://www.tripadvisor.com/ShowUserReviews-g60763-d99766-r466506735-The_Roosevelt_Hotel-New_York_City_New_York.html", "country": "US", "domain_rank": 189, "title": "Antiquated", "performance_score": 0, "site": "tripadvisor.com", "participants_count": 1, "title_full": "Antiquated - Review of The Roosevelt Hotel, New York City, NY - TripAdvisor", "spam_score": 0.023, "site_type": "discussions", "published": "2017-03-12T02:00:00.000+02:00", "replies_count": 0, "uuid": "90edac287f1d853b93aa1c2361649c85f100e8af"}, "author": "Toddtoni", "url": "https://www.tripadvisor.com/ShowUserReviews-g60763-d99766-r466506735-The_Roosevelt_Hotel-New_York_City_New_York.html", "ord_in_thread": 0, "title": "Antiquated", "locations": [], "entities": {"persons": [], "locations": [], "organizations": []}, "highlightText": "", "language": "english", "persons": [], "text": "This hotel was probably nice in its day but that was probably in 1980 or earlier. Everything is old... The air and heater, the wallpaper, the bathrooms, the towels, the carpet. It was just nasty to me. The only good thing was the sheets, the bar service downstairs and the breakfast. It's also a good location for midtown, but I wouldn't stay here again.", "external_links": [], "published": "2017-03-12T02:00:00.000+02:00", "crawled": "2017-03-31T21:29:08.452+03:00", "highlightTitle": ""}