{"organizations": [], "uuid": "f02bb6a4e74d089857664990debe7f046b42abd1", "thread": {"social": {"gplus": {"shares": 0}, "pinterest": {"shares": 0}, "vk": {"shares": 0}, "linkedin": {"shares": 0}, "facebook": {"likes": 0, "shares": 0, "comments": 0}, "stumbledupon": {"shares": 0}}, "site_full": "www.tripadvisor.com", "main_image": "https://media-cdn.tripadvisor.com/media/photo-s/0a/9e/5b/be/exterior-view.jpg", "site_section": "https://www.tripadvisor.com/Hotel_Review-g186338-d192029-Reviews-or10-Arbor_City_Hotel-London_England.html", "section_title": "Arbor City Hotel - UPDATED 2017 Reviews &amp; Price Comparison (London, England) - TripAdvisor", "url": "https://www.tripadvisor.com/ShowUserReviews-g186338-d192029-r465999621-Arbor_City_Hotel-London_England.html", "country": "US", "domain_rank": 189, "title": "Ok but not", "performance_score": 0, "site": "tripadvisor.com", "participants_count": 2, "title_full": "Ok but not - Review of Arbor City Hotel, London, England - TripAdvisor", "spam_score": 0.0, "site_type": "discussions", "published": "2017-03-10T02:00:00.000+02:00", "replies_count": 1, "uuid": "f02bb6a4e74d089857664990debe7f046b42abd1"}, "author": "luxustrip", "url": "https://www.tripadvisor.com/ShowUserReviews-g186338-d192029-r465999621-Arbor_City_Hotel-London_England.html", "ord_in_thread": 0, "title": "Ok but not", "locations": [], "entities": {"persons": [], "locations": [], "organizations": []}, "highlightText": "", "language": "english", "persons": [], "text": "Good functional hotel in a not so clean neighborhood. Clean. Not a four star though. Noisy rooms (even on the 5th Floor) street side. Reception staff unfriendly, doesn't seem to care much. Didn't have an idea about what's on, that they had any ' Where' magazine, whichI then found prominently displayed in the lobby. When I showed Julian, he just shrugged. Not a please nor a thank you, forget about a smile from reception staff.\nBar staff agreeable and polite.\nHad to ask several days in a row to replenish my coffee bar ( with decaf).\nClose to tube.", "external_links": [], "published": "2017-03-10T02:00:00.000+02:00", "crawled": "2017-03-31T19:47:56.745+03:00", "highlightTitle": ""}