{"organizations": [], "uuid": "bd84653f4d613f055f6c4b8fdf14a398fe1f3e4d", "thread": {"social": {"gplus": {"shares": 0}, "pinterest": {"shares": 0}, "vk": {"shares": 0}, "linkedin": {"shares": 0}, "facebook": {"likes": 0, "shares": 0, "comments": 0}, "stumbledupon": {"shares": 0}}, "site_full": "www.tripadvisor.com", "main_image": "https://media-cdn.tripadvisor.com/media/photo-s/08/8a/f0/71/lobby-main.jpg", "site_section": "https://www.tripadvisor.com/Hotel_Review-g60763-d99766-Reviews-The_Roosevelt_Hotel-New_York_City_New_York.html", "section_title": "The Roosevelt Hotel - UPDATED 2017 Reviews &amp; Price Comparison (New York City) - TripAdvisor", "url": "https://www.tripadvisor.com/ShowUserReviews-g60763-d99766-r470056777-The_Roosevelt_Hotel-New_York_City_New_York.html", "country": "US", "domain_rank": 189, "title": "Using history to fake quality", "performance_score": 0, "site": "tripadvisor.com", "participants_count": 1, "title_full": "Using history to fake quality - Review of The Roosevelt Hotel, New York City, NY - TripAdvisor", "spam_score": 0.0, "site_type": "discussions", "published": "2017-03-25T03:00:00.000+03:00", "replies_count": 0, "uuid": "bd84653f4d613f055f6c4b8fdf14a398fe1f3e4d"}, "author": "acaymangirl66", "url": "https://www.tripadvisor.com/ShowUserReviews-g60763-d99766-r470056777-The_Roosevelt_Hotel-New_York_City_New_York.html", "ord_in_thread": 0, "title": "Using history to fake quality", "locations": [], "entities": {"persons": [], "locations": [], "organizations": []}, "highlightText": "", "language": "english", "persons": [], "text": "Don't let the years of being in business fool you.\nI don't think they cleaned the place since they remodeled it in 96'. The breakfast buffet is literally a joke $35 per day to have a mini fridge what no coffee pot in room I would rather stay at the budget hotel next time, rather than a business pretend to be elegant and get budget service.... absolute joke. Roosevelt hotel owned by Pakistan Airlines NICE", "external_links": [], "published": "2017-03-25T03:00:00.000+03:00", "crawled": "2017-03-29T07:00:36.228+03:00", "highlightTitle": ""}