{"organizations": [], "uuid": "0ce3a776fafbd8d63c9fe35b2d2b4bb5fbf3e2a7", "thread": {"social": {"gplus": {"shares": 0}, "pinterest": {"shares": 0}, "vk": {"shares": 0}, "linkedin": {"shares": 0}, "facebook": {"likes": 0, "shares": 0, "comments": 0}, "stumbledupon": {"shares": 0}}, "site_full": "www.tripadvisor.com", "main_image": "https://media-cdn.tripadvisor.com/media/photo-s/06/ef/9f/ce/queen-room.jpg", "site_section": "https://www.tripadvisor.com/Hotel_Review-g60763-d93545-Reviews-or20-The_Manhattan_at_Times_Square_Hotel-New_York_City_New_York.html", "section_title": "The Manhattan at Times Square Hotel - UPDATED 2017 Reviews &amp; Price Comparison (New York City) - TripAdvisor", "url": "https://www.tripadvisor.com/ShowUserReviews-g60763-d93545-r469224664-The_Manhattan_at_Times_Square_Hotel-New_York_City_New_York.html", "country": "US", "domain_rank": 189, "title": "Total dump. Avoid at all cost.", "performance_score": 0, "site": "tripadvisor.com", "participants_count": 2, "title_full": "Total dump. Avoid at all cost. - Review of The Manhattan at Times Square Hotel, New York City, NY - TripAdvisor", "spam_score": 0.0, "site_type": "discussions", "published": "2017-03-21T02:00:00.000+02:00", "replies_count": 1, "uuid": "0ce3a776fafbd8d63c9fe35b2d2b4bb5fbf3e2a7"}, "author": "Gary M", "url": "https://www.tripadvisor.com/ShowUserReviews-g60763-d93545-r469224664-The_Manhattan_at_Times_Square_Hotel-New_York_City_New_York.html", "ord_in_thread": 0, "title": "Total dump. Avoid at all cost.", "locations": [], "entities": {"persons": [], "locations": [], "organizations": []}, "highlightText": "", "language": "english", "persons": [], "text": "Sockets and light switches broken in room. Radiator hanging off the wall. Telephone in room doesn't work. Cracks in bath. Wallpaper stained and coming off the wall. Bath taps dripping.\nDoesn't look like a cleaner has entered the room.\nOnly one lamp in the room worked\nGenerally needs a refurbishment. When I complained we were offered another room, we went to inspect it but it was worse than the current room.\nApparently only floors 1 to 5 have been refurbished, if you are offered any other floor i would strongly suggest you refuse.\nSee all photos", "external_links": ["https://static.tacdn.com/img2/x.gif"], "published": "2017-03-21T02:00:00.000+02:00", "crawled": "2017-03-30T01:06:59.676+03:00", "highlightTitle": ""}