{"organizations": [], "uuid": "6d3ba43c73a6e7b1c9649b8235e8d1e6779565bd", "thread": {"social": {"gplus": {"shares": 0}, "pinterest": {"shares": 0}, "vk": {"shares": 0}, "linkedin": {"shares": 0}, "facebook": {"likes": 0, "shares": 0, "comments": 0}, "stumbledupon": {"shares": 0}}, "site_full": "www.tripadvisor.com", "main_image": "https://media-cdn.tripadvisor.com/media/photo-s/0e/8f/2c/9c/double-room.jpg", "site_section": "https://www.tripadvisor.com/Hotel_Review-g186338-d1867292-Reviews-or10-Point_A_Hotel_London_Westminster-London_England.html", "section_title": "Point A Hotel, London Westminster - UPDATED 2017 Reviews &amp; Price Comparison (England) - TripAdvisor", "url": "https://www.tripadvisor.com/ShowUserReviews-g186338-d1867292-r465529098-Point_A_Hotel_London_Westminster-London_England.html", "country": "US", "domain_rank": 189, "title": "super small room", "performance_score": 0, "site": "tripadvisor.com", "participants_count": 2, "title_full": "super small room - Review of Point A Hotel, London Westminster, London, England - TripAdvisor", "spam_score": 0.041, "site_type": "discussions", "published": "2017-03-08T02:00:00.000+02:00", "replies_count": 1, "uuid": "6d3ba43c73a6e7b1c9649b8235e8d1e6779565bd"}, "author": "sabinav907", "url": "https://www.tripadvisor.com/ShowUserReviews-g186338-d1867292-r465529098-Point_A_Hotel_London_Westminster-London_England.html", "ord_in_thread": 0, "title": "super small room", "locations": [], "entities": {"persons": [], "locations": [], "organizations": []}, "highlightText": "", "language": "english", "persons": [], "text": "My room was literally filled with a bed, there was not any space. The hotel is quite noisy. The location is good. The staff is friendly. Would not go there again because of the super small room, like a closet.", "external_links": [], "published": "2017-03-08T02:00:00.000+02:00", "crawled": "2017-03-31T20:17:14.980+03:00", "highlightTitle": ""}