{"organizations": [], "uuid": "03e73ef79b09a7cc14bbc0356c858a029536d560", "thread": {"social": {"gplus": {"shares": 0}, "pinterest": {"shares": 0}, "vk": {"shares": 0}, "linkedin": {"shares": 0}, "facebook": {"likes": 0, "shares": 0, "comments": 0}, "stumbledupon": {"shares": 0}}, "site_full": "www.tripadvisor.com", "main_image": "https://media-cdn.tripadvisor.com/media/photo-s/0b/b8/44/e6/facade-citadines-trafalgar.jpg", "site_section": "https://www.tripadvisor.com/Hotel_Review-g186338-d193043-Reviews-Citadines_Trafalgar_Square_London-London_England.html", "section_title": "Citadines Trafalgar Square London - UPDATED 2017 Hotel Reviews &amp; Price Comparison (England) - TripAdvisor", "url": "https://www.tripadvisor.com/ShowUserReviews-g186338-d193043-r470735984-Citadines_Trafalgar_Square_London-London_England.html", "country": "US", "domain_rank": 189, "title": "Level of service needs vast improvement", "performance_score": 0, "site": "tripadvisor.com", "participants_count": 2, "title_full": "Level of service needs vast improvement - Review of Citadines Trafalgar Square London, London, England - TripAdvisor", "spam_score": 0.0, "site_type": "discussions", "published": "2017-03-27T03:00:00.000+03:00", "replies_count": 1, "uuid": "03e73ef79b09a7cc14bbc0356c858a029536d560"}, "author": "S7646FSangiec", "url": "https://www.tripadvisor.com/ShowUserReviews-g186338-d193043-r470735984-Citadines_Trafalgar_Square_London-London_England.html", "ord_in_thread": 0, "title": "Level of service needs vast improvement", "locations": [], "entities": {"persons": [], "locations": [], "organizations": []}, "highlightText": "", "language": "english", "persons": [], "text": "Problem at check in, level of service and attitude needs improvement. Procedures should be consistent and fair to all guests regardless of nationality. Very disappointed with the stay and will not recommend to other travellers.", "external_links": [], "published": "2017-03-27T03:00:00.000+03:00", "crawled": "2017-03-31T18:12:14.108+03:00", "highlightTitle": ""}