{"organizations": [], "uuid": "aa1620623833fcb8cf0ecd8816a6f9f5a3f54e38", "thread": {"social": {"gplus": {"shares": 0}, "pinterest": {"shares": 0}, "vk": {"shares": 0}, "linkedin": {"shares": 0}, "facebook": {"likes": 0, "shares": 0, "comments": 0}, "stumbledupon": {"shares": 0}}, "site_full": "www.tripadvisor.com", "main_image": "https://media-cdn.tripadvisor.com/media/photo-s/0b/b8/44/e6/facade-citadines-trafalgar.jpg", "site_section": "https://www.tripadvisor.com/Hotel_Review-g186338-d193043-Reviews-or10-Citadines_Trafalgar_Square_London-London_England.html", "section_title": "Citadines Trafalgar Square London - UPDATED 2017 Hotel Reviews &amp; Price Comparison (England) - TripAdvisor", "url": "https://www.tripadvisor.com/ShowUserReviews-g186338-d193043-r469265601-Citadines_Trafalgar_Square_London-London_England.html", "country": "US", "domain_rank": 189, "title": "Terribly dirty room", "performance_score": 0, "site": "tripadvisor.com", "participants_count": 2, "title_full": "Terribly dirty room - Review of Citadines Trafalgar Square London, London, England - TripAdvisor", "spam_score": 0.0, "site_type": "discussions", "published": "2017-03-21T02:00:00.000+02:00", "replies_count": 1, "uuid": "aa1620623833fcb8cf0ecd8816a6f9f5a3f54e38"}, "author": "pettyl2017", "url": "https://www.tripadvisor.com/ShowUserReviews-g186338-d193043-r469265601-Citadines_Trafalgar_Square_London-London_England.html", "ord_in_thread": 0, "title": "Terribly dirty room", "locations": [], "entities": {"persons": [], "locations": [], "organizations": []}, "highlightText": "", "language": "english", "persons": [], "text": "I was very disappointed with my recent stays, on 1st stay, a disabled room was provided which I did not ask for and worst still, my prepaid second stay the following weekend, a terrible dirty room was given with lumps of dirt all over in the bedroom, bathroom and in the ventilation hood. The cabinet and utensils were all broken and needs upgrading for sure.", "external_links": [], "published": "2017-03-21T02:00:00.000+02:00", "crawled": "2017-03-31T18:17:58.687+03:00", "highlightTitle": ""}