{"organizations": [], "uuid": "660211d024efa3765cb976853ce6679802cc96e5", "thread": {"social": {"gplus": {"shares": 0}, "pinterest": {"shares": 0}, "vk": {"shares": 0}, "linkedin": {"shares": 0}, "facebook": {"likes": 0, "shares": 0, "comments": 0}, "stumbledupon": {"shares": 0}}, "site_full": "www.tripadvisor.com", "main_image": "https://media-cdn.tripadvisor.com/media/photo-s/06/fe/19/8f/room.jpg", "site_section": "https://www.tripadvisor.com/Hotel_Review-g186338-d1929257-Reviews-Premier_Inn_London_Hanger_Lane_Hotel-London_England.html", "section_title": "Premier Inn London Hanger Lane Hotel - UPDATED 2017 Reviews &amp; Price Comparison (England) - TripAdvisor", "url": "https://www.tripadvisor.com/ShowUserReviews-g186338-d1929257-r468777162-Premier_Inn_London_Hanger_Lane_Hotel-London_England.html", "country": "US", "domain_rank": 189, "title": "Not a family friendly hotel", "performance_score": 0, "site": "tripadvisor.com", "participants_count": 2, "title_full": "Not a family friendly hotel - Review of Premier Inn London Hanger Lane Hotel, London, England - TripAdvisor", "spam_score": 0.0, "site_type": "discussions", "published": "2017-03-20T02:00:00.000+02:00", "replies_count": 1, "uuid": "660211d024efa3765cb976853ce6679802cc96e5"}, "author": "Maria O", "url": "https://www.tripadvisor.com/ShowUserReviews-g186338-d1929257-r468777162-Premier_Inn_London_Hanger_Lane_Hotel-London_England.html", "ord_in_thread": 0, "title": "Not a family friendly hotel", "locations": [], "entities": {"persons": [], "locations": [], "organizations": []}, "highlightText": "", "language": "english", "persons": [], "text": "The overall hotel was good, the food was nice the room was comfortable and we slept well until we came back to our room on the 16/03/17 after breakfast and found a member of staff in our room. This gentleman was not house keeping and he had the door locked from the inside. He seemed shocked to see us and made up some spurious excuse to us. He asked us to come to reception, then he said he made a mistake and offered us a box of sweets in compensation. Not a good experience for families be careful here.", "external_links": [], "published": "2017-03-20T02:00:00.000+02:00", "crawled": "2017-03-31T21:34:35.431+03:00", "highlightTitle": ""}