{"organizations": [], "uuid": "48ec8226f5b8cb0fcaaf8eb0b9374e5fc0926118", "thread": {"social": {"gplus": {"shares": 0}, "pinterest": {"shares": 0}, "vk": {"shares": 0}, "linkedin": {"shares": 0}, "facebook": {"likes": 0, "shares": 0, "comments": 0}, "stumbledupon": {"shares": 0}}, "site_full": "www.tripadvisor.com", "main_image": "https://media-cdn.tripadvisor.com/media/photo-s/06/bb/0d/39/france-louvre.jpg", "site_section": "https://www.tripadvisor.com/Hotel_Review-g187147-d207662-Reviews-France_Louvre-Paris_Ile_de_France.html", "section_title": "France Louvre - UPDATED 2017 Hotel Reviews &amp; Price Comparison (Paris) - TripAdvisor", "url": "https://www.tripadvisor.com/ShowUserReviews-g187147-d207662-r468439975-France_Louvre-Paris_Ile_de_France.html", "country": "US", "domain_rank": 189, "title": "Run-down and uninviting", "performance_score": 0, "site": "tripadvisor.com", "participants_count": 1, "title_full": "Run-down and uninviting - Review of France Louvre, Paris, France - TripAdvisor", "spam_score": 0.003, "site_type": "discussions", "published": "2017-03-18T02:00:00.000+02:00", "replies_count": 0, "uuid": "48ec8226f5b8cb0fcaaf8eb0b9374e5fc0926118"}, "author": "elber2", "url": "https://www.tripadvisor.com/ShowUserReviews-g187147-d207662-r468439975-France_Louvre-Paris_Ile_de_France.html", "ord_in_thread": 0, "title": "Run-down and uninviting", "locations": [], "entities": {"persons": [], "locations": [], "organizations": []}, "highlightText": "", "language": "english", "persons": [], "text": "Rooms are old and poorly maintaned, and altogether uninviting. Carpets are stained, bathroom tiles cracked. The bed at least was decent.\nWhile there's an effort to provide amenties such as coffee in the room, and there is working wifi, the hotel's 3-star rating is out of place.\nThe location in central Paris is good. But unless Paris is fully booked out, there is no reason to ever consider this hotel. You'll get much better, fresher, newer places for the same price.\nRoom Tip: Good room? Choose another hotel... See more room tips", "external_links": [], "published": "2017-03-18T02:00:00.000+02:00", "crawled": "2017-03-29T21:36:59.768+03:00", "highlightTitle": ""}