{"organizations": [], "uuid": "4ee99e729cd1160d29849ae7dc67aabc6cea7965", "thread": {"social": {"gplus": {"shares": 0}, "pinterest": {"shares": 0}, "vk": {"shares": 0}, "linkedin": {"shares": 0}, "facebook": {"likes": 0, "shares": 0, "comments": 0}, "stumbledupon": {"shares": 0}}, "site_full": "www.tripadvisor.com", "main_image": "https://media-cdn.tripadvisor.com/media/photo-s/07/07/de/35/hudson-hotel-new-york.jpg", "site_section": "https://www.tripadvisor.com/Hotel_Review-g60763-d223023-Reviews-or50-Hudson_Hotel_New_York-New_York_City_New_York.html", "section_title": "Hudson Hotel New York - UPDATED 2017 Reviews &amp; Price Comparison (New York City) - TripAdvisor", "url": "https://www.tripadvisor.com/ShowUserReviews-g60763-d223023-r465707628-Hudson_Hotel_New_York-New_York_City_New_York.html", "country": "US", "domain_rank": 189, "title": "TERRIBLE EXPERIENCE", "performance_score": 0, "site": "tripadvisor.com", "participants_count": 2, "title_full": "TERRIBLE EXPERIENCE - Review of Hudson Hotel New York, New York City, NY - TripAdvisor", "spam_score": 0.001, "site_type": "discussions", "published": "2017-03-08T02:00:00.000+02:00", "replies_count": 1, "uuid": "4ee99e729cd1160d29849ae7dc67aabc6cea7965"}, "author": "Søren Espensen ... J", "url": "https://www.tripadvisor.com/ShowUserReviews-g60763-d223023-r465707628-Hudson_Hotel_New_York-New_York_City_New_York.html", "ord_in_thread": 0, "title": "TERRIBLE EXPERIENCE", "locations": [], "entities": {"persons": [], "locations": [], "organizations": []}, "highlightText": "", "language": "english", "persons": [], "text": "Extremely small rooms, noicy, expensive and poor restaurant for breakfast... Beds in a very bad state, no water from shower... Very bad experience. Very poor value for money and additional charges when checking out - admission fees, WHAT??? Come again...", "external_links": [], "published": "2017-03-08T02:00:00.000+02:00", "crawled": "2017-03-30T01:54:59.121+03:00", "highlightTitle": ""}