{"organizations": [], "uuid": "244223972dcaf0a7efd736ba036d57f21506078f", "thread": {"social": {"gplus": {"shares": 0}, "pinterest": {"shares": 0}, "vk": {"shares": 0}, "linkedin": {"shares": 0}, "facebook": {"likes": 0, "shares": 0, "comments": 0}, "stumbledupon": {"shares": 0}}, "site_full": "www.tripadvisor.com", "main_image": "https://media-cdn.tripadvisor.com/media/photo-s/07/11/72/2c/premium-single-room.jpg", "site_section": "https://www.tripadvisor.com/Hotel_Review-g60763-d208888-Reviews-Riff_Chelsea-New_York_City_New_York.html", "section_title": "Riff Chelsea - UPDATED 2017 Hotel Reviews &amp; Price Comparison (New York City) - TripAdvisor", "url": "https://www.tripadvisor.com/ShowUserReviews-g60763-d208888-r465144693-Riff_Chelsea-New_York_City_New_York.html", "country": "US", "domain_rank": 189, "title": "This hotel grossed me out. Carpets, stairs, halls absolutely repulsive.", "performance_score": 0, "site": "tripadvisor.com", "participants_count": 1, "title_full": "This hotel grossed me out. Carpets, stairs, halls absolutely repulsive. - Review of Riff Chelsea, New York City, NY - TripAdvisor", "spam_score": 0.003, "site_type": "discussions", "published": "2017-03-06T02:00:00.000+02:00", "replies_count": 0, "uuid": "244223972dcaf0a7efd736ba036d57f21506078f"}, "author": "nycvisitor498", "url": "https://www.tripadvisor.com/ShowUserReviews-g60763-d208888-r465144693-Riff_Chelsea-New_York_City_New_York.html", "ord_in_thread": 0, "title": "This hotel grossed me out. Carpets, stairs, halls absolutely repulsive.", "locations": [], "entities": {"persons": [], "locations": [], "organizations": []}, "highlightText": "", "language": "english", "persons": [], "text": "If I lay in the bed and turned down the lights and only looked at the wall in front of me, it was passable. Thin windows, loud street noise, one rough towel, no wash cloth. Hallways, carpets, stairs absolutely horrible. Depressing.\nRoom Tip: close your eyes the entire time. See more room tips", "external_links": [], "published": "2017-03-06T02:00:00.000+02:00", "crawled": "2017-03-29T06:12:39.215+03:00", "highlightTitle": ""}