{"organizations": [], "uuid": "d2cb655ac3f2996bfceff6a037d1ff34e1fed82f", "thread": {"social": {"gplus": {"shares": 0}, "pinterest": {"shares": 0}, "vk": {"shares": 0}, "linkedin": {"shares": 0}, "facebook": {"likes": 0, "shares": 0, "comments": 0}, "stumbledupon": {"shares": 0}}, "site_full": "www.tripadvisor.com", "main_image": "https://media-cdn.tripadvisor.com/media/photo-s/0e/bf/7f/ba/hotel-exterior-night.jpg", "site_section": "https://www.tripadvisor.com/Hotel_Review-g33116-d300050-Reviews-Holiday_Inn_San_Francisco_Intl_Airport-South_San_Francisco_California.html", "section_title": "Holiday Inn San Francisco - Intl Airport - UPDATED 2017 Hotel Reviews &amp; Price Comparison (South San Francisco, CA) - TripAdvisor", "url": "https://www.tripadvisor.com/ShowUserReviews-g33116-d300050-r465947278-Holiday_Inn_San_Francisco_Intl_Airport-South_San_Francisco_California.html", "country": "ZA", "domain_rank": 189, "title": "Old and outdated", "performance_score": 0, "site": "tripadvisor.com", "participants_count": 1, "title_full": "Old and outdated - Review of Holiday Inn San Francisco - Intl Airport, South San Francisco, CA - TripAdvisor", "spam_score": 0.0, "site_type": "discussions", "published": "2017-03-09T02:00:00.000+02:00", "replies_count": 0, "uuid": "d2cb655ac3f2996bfceff6a037d1ff34e1fed82f"}, "author": "MIke M", "url": "https://www.tripadvisor.com/ShowUserReviews-g33116-d300050-r465947278-Holiday_Inn_San_Francisco_Intl_Airport-South_San_Francisco_California.html", "ord_in_thread": 0, "title": "Old and outdated", "locations": [], "entities": {"persons": [], "locations": [], "organizations": []}, "highlightText": "", "language": "english", "persons": [], "text": "If you like old worn out furniture and stained drapes this is the place for you. You even get to pay to park while you stay. Imagine that, someone traveling on business with a rental car and the hotel here thinks that they are so special they can charge to park. Maybe next they will start charging for hot water to shower and install coin meters for the electricity for lights. This place is overpriced for what you get.", "external_links": [], "published": "2017-03-09T02:00:00.000+02:00", "crawled": "2017-03-26T21:33:42.239+03:00", "highlightTitle": ""}