{"organizations": [], "uuid": "462c28a0d5c067d9d582c4a9058ff7d5ce35d8c6", "thread": {"social": {"gplus": {"shares": 0}, "pinterest": {"shares": 0}, "vk": {"shares": 0}, "linkedin": {"shares": 0}, "facebook": {"likes": 0, "shares": 0, "comments": 0}, "stumbledupon": {"shares": 0}}, "site_full": "www.tripadvisor.com", "main_image": "https://media-cdn.tripadvisor.com/media/photo-s/0e/5a/ca/75/photo6jpg.jpg", "site_section": "https://www.tripadvisor.com/Hotel_Review-g60763-d113343-Reviews-Marrakech_Hotel-New_York_City_New_York.html", "section_title": "Marrakech Hotel - UPDATED 2017 Reviews &amp; Price Comparison (New York City) - TripAdvisor", "url": "https://www.tripadvisor.com/ShowUserReviews-g60763-d113343-r463336506-Marrakech_Hotel-New_York_City_New_York.html", "country": "US", "domain_rank": 189, "title": "Faced Sexual harassment by the hotel staff: not at all safe for women", "performance_score": 0, "site": "tripadvisor.com", "participants_count": 1, "title_full": "Faced Sexual harassment by the hotel staff: not at all safe for women - Review of Marrakech Hotel, New York City, NY - TripAdvisor", "spam_score": 0.01, "site_type": "discussions", "published": "2017-02-27T02:00:00.000+02:00", "replies_count": 0, "uuid": "462c28a0d5c067d9d582c4a9058ff7d5ce35d8c6"}, "author": "barnali c", "url": "https://www.tripadvisor.com/ShowUserReviews-g60763-d113343-r463336506-Marrakech_Hotel-New_York_City_New_York.html", "ord_in_thread": 0, "title": "Faced Sexual harassment by the hotel staff: not at all safe for women", "locations": [], "entities": {"persons": [], "locations": [], "organizations": []}, "highlightText": "", "language": "english", "persons": [], "text": "As a grad-student I was traveling alone to Columbia University and I checked into this hotel on 27th February,2017 afternoon. A hotel boy (later came to know from the manager that his name is Kenny) harassed me sexually when he was guiding me to the room. Immediately I checked out of the hotel as I felt traumatized and extremely unsafe. Please avoid and boycott this hotel. Not at all safe for women.", "external_links": [], "published": "2017-02-27T02:00:00.000+02:00", "crawled": "2017-03-29T14:17:33.299+03:00", "highlightTitle": ""}