{"organizations": [], "uuid": "1fb6d238263b43e7bb18cee1b786daf9de23f955", "thread": {"social": {"gplus": {"shares": 0}, "pinterest": {"shares": 0}, "vk": {"shares": 0}, "linkedin": {"shares": 0}, "facebook": {"likes": 0, "shares": 0, "comments": 0}, "stumbledupon": {"shares": 0}}, "site_full": "www.tripadvisor.com", "main_image": "https://media-cdn.tripadvisor.com/media/photo-s/05/dd/21/8b/bedroom.jpg", "site_section": "https://www.tripadvisor.com/Hotel_Review-g187147-d656094-Reviews-BEST_WESTERN_Hotel_Mercedes-Paris_Ile_de_France.html", "section_title": "BEST WESTERN Hotel Mercedes - UPDATED 2017 Reviews &amp; Price Comparison (Paris, France) - TripAdvisor", "url": "https://www.tripadvisor.com/ShowUserReviews-g187147-d656094-r467581266-BEST_WESTERN_Hotel_Mercedes-Paris_Ile_de_France.html", "country": "US", "domain_rank": 189, "title": "Terrible hotel", "performance_score": 0, "site": "tripadvisor.com", "participants_count": 2, "title_full": "Terrible hotel - Review of BEST WESTERN Hotel Mercedes, Paris, France - TripAdvisor", "spam_score": 0.0, "site_type": "discussions", "published": "2017-03-15T02:00:00.000+02:00", "replies_count": 1, "uuid": "1fb6d238263b43e7bb18cee1b786daf9de23f955"}, "author": "575MarkT", "url": "https://www.tripadvisor.com/ShowUserReviews-g187147-d656094-r467581266-BEST_WESTERN_Hotel_Mercedes-Paris_Ile_de_France.html", "ord_in_thread": 0, "title": "Terrible hotel", "locations": [], "entities": {"persons": [], "locations": [], "organizations": []}, "highlightText": "", "language": "english", "persons": [], "text": "Where do I start, a very dark and dingy overpriced hotel in Paris. Hotel is dated with dark decor. No facilities, not even a bar. It is situated on a very busy road junction and every room faces the street, so constant traffic noise. Plumbing is even noisier. Beds are like sleeping on concrete and under my bed was dirty washing and all sorts of other stuff. It clearly had not been cleaned properly for months. All in all , one of the worst hotels I have ever stayed in. Do not stay here.\nRoom Tip: Avoid, there is not a good room. See more room tips", "external_links": [], "published": "2017-03-15T02:00:00.000+02:00", "crawled": "2017-03-28T11:02:50.757+03:00", "highlightTitle": ""}