{"organizations": [], "uuid": "ec32a88bc18743b43e5c9eb4a28f2a3da48f42ca", "thread": {"social": {"gplus": {"shares": 0}, "pinterest": {"shares": 0}, "vk": {"shares": 0}, "linkedin": {"shares": 0}, "facebook": {"likes": 0, "shares": 0, "comments": 0}, "stumbledupon": {"shares": 0}}, "site_full": "www.tripadvisor.com", "main_image": "https://media-cdn.tripadvisor.com/media/photo-s/0c/e4/9f/ec/hotel-de-france-invalides.jpg", "site_section": "https://www.tripadvisor.com/Hotel_Review-g187147-d292872-Reviews-Hotel_de_France_Invalides-Paris_Ile_de_France.html", "section_title": "Hotel de France Invalides - UPDATED 2017 Reviews &amp; Price Comparison (Paris) - TripAdvisor", "url": "https://www.tripadvisor.com/ShowUserReviews-g187147-d292872-r469739045-Hotel_de_France_Invalides-Paris_Ile_de_France.html", "country": "US", "domain_rank": 189, "title": "Hotel de France Invalides disappoints", "performance_score": 0, "site": "tripadvisor.com", "participants_count": 2, "title_full": "Hotel de France Invalides disappoints - Review of Hotel de France Invalides, Paris, France - TripAdvisor", "spam_score": 0.0, "site_type": "discussions", "published": "2017-03-23T02:00:00.000+02:00", "replies_count": 1, "uuid": "ec32a88bc18743b43e5c9eb4a28f2a3da48f42ca"}, "author": "nycmcd", "url": "https://www.tripadvisor.com/ShowUserReviews-g187147-d292872-r469739045-Hotel_de_France_Invalides-Paris_Ile_de_France.html", "ord_in_thread": 0, "title": "Hotel de France Invalides disappoints", "locations": [], "entities": {"persons": [], "locations": [], "organizations": []}, "highlightText": "", "language": "english", "persons": [], "text": "This Hotel is in a central location. I checked in around 10 PM and was welcomed by the desk but not informed that there was an issue with the plumbing. I was advised that this would be corrected after one hour. this was not the case so I checked out after a one night stay.", "external_links": [], "published": "2017-03-23T02:00:00.000+02:00", "crawled": "2017-03-31T05:39:18.486+03:00", "highlightTitle": ""}