{"organizations": [], "uuid": "7d2ad7d0910fd9c8eed6ad86096bcdf18ff7badc", "thread": {"social": {"gplus": {"shares": 0}, "pinterest": {"shares": 0}, "vk": {"shares": 0}, "linkedin": {"shares": 0}, "facebook": {"likes": 0, "shares": 0, "comments": 0}, "stumbledupon": {"shares": 0}}, "site_full": "www.tripadvisor.com", "main_image": "https://media-cdn.tripadvisor.com/media/photo-s/0e/c5/16/00/double-room.jpg", "site_section": "https://www.tripadvisor.com/Hotel_Review-g186338-d2458180-Reviews-or20-Point_A_Hotel_London_Liverpool_Street-London_England.html", "section_title": "Point A Hotel, London Liverpool Street - UPDATED 2017 Reviews &amp; Price Comparison (England) - TripAdvisor", "url": "https://www.tripadvisor.com/ShowUserReviews-g186338-d2458180-r468871122-Point_A_Hotel_London_Liverpool_Street-London_England.html", "country": "US", "domain_rank": 189, "title": "Oh dear", "performance_score": 0, "site": "tripadvisor.com", "participants_count": 1, "title_full": "Oh dear - Review of Point A Hotel, London Liverpool Street, London, England - TripAdvisor", "spam_score": 0.076, "site_type": "discussions", "published": "2017-03-20T02:00:00.000+02:00", "replies_count": 0, "uuid": "7d2ad7d0910fd9c8eed6ad86096bcdf18ff7badc"}, "author": "BigFatTone", "url": "https://www.tripadvisor.com/ShowUserReviews-g186338-d2458180-r468871122-Point_A_Hotel_London_Liverpool_Street-London_England.html", "ord_in_thread": 0, "title": "Oh dear", "locations": [], "entities": {"persons": [], "locations": [], "organizations": []}, "highlightText": "", "language": "english", "persons": [], "text": "It's like a ship cabin.\nOr a cell.\nIt's basically a prison ship.\nA double might be ok, but only chose a twin if you're very comfortable cozying up.\nI've just checked in. It might get better. This is serving as therapy for me. But I'm pretty down about the place rn.\nIt's clean. That's something. And the location is great.", "external_links": ["https://static.tacdn.com/img2/x.gif"], "published": "2017-03-20T02:00:00.000+02:00", "crawled": "2017-03-31T21:24:22.259+03:00", "highlightTitle": ""}