{"organizations": [], "uuid": "eff96e004878de81bf9e9041aa8c47f938bfa5b1", "thread": {"social": {"gplus": {"shares": 0}, "pinterest": {"shares": 0}, "vk": {"shares": 0}, "linkedin": {"shares": 0}, "facebook": {"likes": 0, "shares": 0, "comments": 0}, "stumbledupon": {"shares": 0}}, "site_full": "www.tripadvisor.com", "main_image": "https://media-cdn.tripadvisor.com/media/photo-s/0c/5a/17/e3/7.jpg", "site_section": "https://www.tripadvisor.com/Hotel_Review-g294212-d1405804-Reviews-Beijing_161_Wangfujing_Hotel-Beijing.html", "section_title": "Beijing 161 Wangfujing Hotel - UPDATED 2017 Hostel Reviews &amp; Price Comparison (China) - TripAdvisor", "url": "https://www.tripadvisor.com/ShowUserReviews-g294212-d1405804-r464188557-Beijing_161_Wangfujing_Hotel-Beijing.html", "country": "US", "domain_rank": 189, "title": "Bad", "performance_score": 0, "site": "tripadvisor.com", "participants_count": 2, "title_full": "Bad - Review of Beijing 161 Wangfujing Hotel, Beijing, China - TripAdvisor", "spam_score": 0.0, "site_type": "discussions", "published": "2017-03-02T02:00:00.000+02:00", "replies_count": 1, "uuid": "eff96e004878de81bf9e9041aa8c47f938bfa5b1"}, "author": "viviin", "url": "https://www.tripadvisor.com/ShowUserReviews-g294212-d1405804-r464188557-Beijing_161_Wangfujing_Hotel-Beijing.html", "ord_in_thread": 0, "title": "Bad", "locations": [], "entities": {"persons": [], "locations": [], "organizations": []}, "highlightText": "", "language": "english", "persons": [], "text": "I got very disappointed by the time I got in the hotel room. I dun understand why ppl putting good reviews here. The room was small, not clean at all. They dun even provide mineral water in d room. The kettle for boiling water is dirty. The carpet is full of dusts n dirts. Only the location is okay.", "external_links": [], "published": "2017-03-02T02:00:00.000+02:00", "crawled": "2017-03-29T05:35:36.755+03:00", "highlightTitle": ""}