{"organizations": [], "uuid": "c5034b80f0b198bc97494133ff7b69e52de42b14", "thread": {"social": {"gplus": {"shares": 0}, "pinterest": {"shares": 0}, "vk": {"shares": 0}, "linkedin": {"shares": 0}, "facebook": {"likes": 0, "shares": 0, "comments": 0}, "stumbledupon": {"shares": 0}}, "site_full": "www.tripadvisor.com", "main_image": "https://media-cdn.tripadvisor.com/media/photo-s/0d/c0/20/c3/trump-international-hotel.jpg", "site_section": "https://www.tripadvisor.com/Hotel_Review-g60763-d93623-Reviews-Trump_International_Hotel_and_Tower_New_York-New_York_City_New_York.html", "section_title": "Trump International Hotel and Tower New York - UPDATED 2017 Reviews &amp; Price Comparison (New York City) - TripAdvisor", "url": "https://www.tripadvisor.com/ShowUserReviews-g60763-d93623-r468652345-Trump_International_Hotel_and_Tower_New_York-New_York_City_New_York.html", "country": "US", "domain_rank": 189, "title": "Dining overated", "performance_score": 0, "site": "tripadvisor.com", "participants_count": 1, "title_full": "Dining overated - Review of Trump International Hotel and Tower New York, New York City, NY - TripAdvisor", "spam_score": 0.017, "site_type": "discussions", "published": "2017-03-19T02:00:00.000+02:00", "replies_count": 0, "uuid": "c5034b80f0b198bc97494133ff7b69e52de42b14"}, "author": "DL M", "url": "https://www.tripadvisor.com/ShowUserReviews-g60763-d93623-r468652345-Trump_International_Hotel_and_Tower_New_York-New_York_City_New_York.html", "ord_in_thread": 0, "title": "Dining overated", "locations": [], "entities": {"persons": [], "locations": [], "organizations": []}, "highlightText": "", "language": "english", "persons": [], "text": "The service in the small dining areas is surely, lacking. We missed our morning meeting after spending an hour waiting for service and then waiting for our meal. We had to go to the front desk to get the room keys replaced multiple times. The shower was not at all what you would expect. Really,... a shower curtain in a a hotel room that costs over $1K per night what a complete disappointment,... one thing I can say is kitchen in the room was awesome, but not one paper towel. View was nice, gym equipment was great.", "external_links": [], "published": "2017-03-19T02:00:00.000+02:00", "crawled": "2017-03-29T14:41:09.836+03:00", "highlightTitle": ""}