{"organizations": [], "uuid": "ed4ecd5758f5b5d9797f006747e23e9daaa1f081", "thread": {"social": {"gplus": {"shares": 0}, "pinterest": {"shares": 0}, "vk": {"shares": 0}, "linkedin": {"shares": 0}, "facebook": {"likes": 0, "shares": 0, "comments": 0}, "stumbledupon": {"shares": 0}}, "site_full": "www.tripadvisor.com", "main_image": "https://media-cdn.tripadvisor.com/media/photo-s/01/f1/40/48/empire-hotel-lobby.jpg", "site_section": "https://www.tripadvisor.com/Hotel_Review-g60763-d671150-Reviews-Empire_Hotel-New_York_City_New_York.html", "section_title": "Empire Hotel - UPDATED 2017 Reviews &amp; Price Comparison (New York City) - TripAdvisor", "url": "https://www.tripadvisor.com/ShowUserReviews-g60763-d671150-r470537718-Empire_Hotel-New_York_City_New_York.html", "country": "US", "domain_rank": 189, "title": "Heating/cooling", "performance_score": 0, "site": "tripadvisor.com", "participants_count": 2, "title_full": "Heating/cooling - Review of Empire Hotel, New York City, NY - TripAdvisor", "spam_score": 0.0, "site_type": "discussions", "published": "2017-03-27T03:00:00.000+03:00", "replies_count": 1, "uuid": "ed4ecd5758f5b5d9797f006747e23e9daaa1f081"}, "author": "Jonathan S", "url": "https://www.tripadvisor.com/ShowUserReviews-g60763-d671150-r470537718-Empire_Hotel-New_York_City_New_York.html", "ord_in_thread": 0, "title": "Heating/cooling", "locations": [], "entities": {"persons": [], "locations": [], "organizations": []}, "highlightText": "", "language": "english", "persons": [], "text": "Our hvac unit clearly has seen better days, from broken knob to a fan that sounded horrible to the fact that the unit could not cool off the hot room made the space very difficult to sleep in. We stayed two nights and despite very early morning request on the second day, they would not move us as they said they were sold out, I'm sure they had to have a late arrival on Saturday where they could have moved us while attempted a real repair?", "external_links": [], "published": "2017-03-27T03:00:00.000+03:00", "crawled": "2017-03-29T06:51:01.167+03:00", "highlightTitle": ""}