{"organizations": [], "uuid": "11755ad71526ca6486a642c9d27ff83409f64a9b", "thread": {"social": {"gplus": {"shares": 0}, "pinterest": {"shares": 0}, "vk": {"shares": 0}, "linkedin": {"shares": 0}, "facebook": {"likes": 0, "shares": 0, "comments": 0}, "stumbledupon": {"shares": 0}}, "site_full": "www.tripadvisor.com", "main_image": "https://media-cdn.tripadvisor.com/media/photo-s/0a/9f/d4/0c/the-knickerbocker.jpg", "site_section": "https://www.tripadvisor.com/Hotel_Review-g60763-d7255276-Reviews-The_Knickerbocker-New_York_City_New_York.html", "section_title": "The Knickerbocker - UPDATED 2017 Hotel Reviews &amp; Price Comparison (New York City) - TripAdvisor", "url": "https://www.tripadvisor.com/ShowUserReviews-g60763-d7255276-r470949314-The_Knickerbocker-New_York_City_New_York.html", "country": "US", "domain_rank": 189, "title": "staff should be more professional", "performance_score": 0, "site": "tripadvisor.com", "participants_count": 2, "title_full": "staff should be more professional - Review of The Knickerbocker, New York City, NY - TripAdvisor", "spam_score": 0.001, "site_type": "discussions", "published": "2017-03-28T03:00:00.000+03:00", "replies_count": 1, "uuid": "11755ad71526ca6486a642c9d27ff83409f64a9b"}, "author": "lordeben", "url": "https://www.tripadvisor.com/ShowUserReviews-g60763-d7255276-r470949314-The_Knickerbocker-New_York_City_New_York.html", "ord_in_thread": 0, "title": "staff should be more professional", "locations": [], "entities": {"persons": [], "locations": [], "organizations": []}, "highlightText": "", "language": "english", "persons": [], "text": "clean but absolutely no charm. The room looks like a hospital room. The roof bar is very nice but unfortunately the Wifi does not reach it. In the restaurant the staff was cold and unpleasant as well. At check in the staff was just totally inefficient and misleading.", "external_links": [], "published": "2017-03-28T03:00:00.000+03:00", "crawled": "2017-03-31T22:03:35.673+03:00", "highlightTitle": ""}