{"organizations": [], "uuid": "efa2fd2259ccd752cba6b9afb79542df64eee4ae", "thread": {"social": {"gplus": {"shares": 0}, "pinterest": {"shares": 0}, "vk": {"shares": 0}, "linkedin": {"shares": 0}, "facebook": {"likes": 0, "shares": 0, "comments": 0}, "stumbledupon": {"shares": 0}}, "site_full": "www.tripadvisor.com", "main_image": "https://media-cdn.tripadvisor.com/media/photo-s/0e/bd/35/b3/studio-suite.jpg", "site_section": "https://www.tripadvisor.com/Hotel_Review-g186338-d192033-Reviews-Radisson_Blu_Edwardian_Hampshire_Hotel-London_England.html", "section_title": "Radisson Blu Edwardian Hampshire Hotel - UPDATED 2017 Reviews &amp; Price Comparison (London, England) - TripAdvisor", "url": "https://www.tripadvisor.com/ShowUserReviews-g186338-d192033-r471306212-Radisson_Blu_Edwardian_Hampshire_Hotel-London_England.html", "country": "US", "domain_rank": 189, "title": "Renovations will affect your stay", "performance_score": 0, "site": "tripadvisor.com", "participants_count": 1, "title_full": "Renovations will affect your stay - Review of Radisson Blu Edwardian Hampshire Hotel, London, England - TripAdvisor", "spam_score": 0.068, "site_type": "discussions", "published": "2017-03-30T03:00:00.000+03:00", "replies_count": 0, "uuid": "efa2fd2259ccd752cba6b9afb79542df64eee4ae"}, "author": "Andrea C", "url": "https://www.tripadvisor.com/ShowUserReviews-g186338-d192033-r471306212-Radisson_Blu_Edwardian_Hampshire_Hotel-London_England.html", "ord_in_thread": 0, "title": "Renovations will affect your stay", "locations": [], "entities": {"persons": [], "locations": [], "organizations": []}, "highlightText": "", "language": "english", "persons": [], "text": "We arrived to a building site very noisy and dusty because of the renovations. It was my favourite hotel in London as I have stayed there before. If I had been made aware of the renovations I would have chosen a different hotel. Definitely did not get value for money.", "external_links": [], "published": "2017-03-30T03:00:00.000+03:00", "crawled": "2017-03-31T18:17:31.004+03:00", "highlightTitle": ""}