{"organizations": [], "uuid": "69edb1d5a8d86f2039c2199944c147cbe9ff2aaf", "thread": {"social": {"gplus": {"shares": 0}, "pinterest": {"shares": 0}, "vk": {"shares": 0}, "linkedin": {"shares": 0}, "facebook": {"likes": 0, "shares": 0, "comments": 0}, "stumbledupon": {"shares": 0}}, "site_full": "www.tripadvisor.com", "main_image": "https://media-cdn.tripadvisor.com/media/photo-s/08/8a/f0/71/lobby-main.jpg", "site_section": "https://www.tripadvisor.com/Hotel_Review-g60763-d99766-Reviews-or30-The_Roosevelt_Hotel-New_York_City_New_York.html", "section_title": "The Roosevelt Hotel - UPDATED 2017 Reviews &amp; Price Comparison (New York City) - TripAdvisor", "url": "https://www.tripadvisor.com/ShowUserReviews-g60763-d99766-r469024906-The_Roosevelt_Hotel-New_York_City_New_York.html", "country": "US", "domain_rank": 189, "title": "do not use...this hotel !!", "performance_score": 0, "site": "tripadvisor.com", "participants_count": 1, "title_full": "do not use...this hotel !! - Review of The Roosevelt Hotel, New York City, NY - TripAdvisor", "spam_score": 0.065, "site_type": "discussions", "published": "2017-03-20T02:00:00.000+02:00", "replies_count": 0, "uuid": "69edb1d5a8d86f2039c2199944c147cbe9ff2aaf"}, "author": "valeriup2017", "url": "https://www.tripadvisor.com/ShowUserReviews-g60763-d99766-r469024906-The_Roosevelt_Hotel-New_York_City_New_York.html", "ord_in_thread": 0, "title": "do not use...this hotel !!", "locations": [], "entities": {"persons": [], "locations": [], "organizations": []}, "highlightText": "", "language": "english", "persons": [], "text": "old AC unit heat mod noisy....could Not sleep....the shower was clogged...and dirty.the staff was friendly ..but could not help me getting 2 more days...to my trip.the room was small and the internet very slow..", "external_links": [], "published": "2017-03-20T02:00:00.000+02:00", "crawled": "2017-03-31T18:37:25.853+03:00", "highlightTitle": ""}