{"organizations": [], "uuid": "409770b0d8699bba9fff3ee66aaea4eb4e7cd8c5", "thread": {"social": {"gplus": {"shares": 0}, "pinterest": {"shares": 0}, "vk": {"shares": 0}, "linkedin": {"shares": 0}, "facebook": {"likes": 0, "shares": 0, "comments": 0}, "stumbledupon": {"shares": 0}}, "site_full": "www.tripadvisor.com", "main_image": "https://media-cdn.tripadvisor.com/media/photo-s/0a/4e/09/f9/chambre-famille.jpg", "site_section": "https://www.tripadvisor.com/Hotel_Review-g196584-d300721-Reviews-Ibis_Budget_Paris_Porte_de_Pantin-Pantin_Seine_Saint_Denis_Ile_de_France.html", "section_title": "Ibis Budget Paris Porte de Pantin - UPDATED 2017 Hotel Reviews &amp; Price Comparison (France) - TripAdvisor", "url": "https://www.tripadvisor.com/ShowUserReviews-g196584-d300721-r469369350-Ibis_Budget_Paris_Porte_de_Pantin-Pantin_Seine_Saint_Denis_Ile_de_France.html", "country": "US", "domain_rank": 189, "title": "Rooms require renovation", "performance_score": 0, "site": "tripadvisor.com", "participants_count": 1, "title_full": "Rooms require renovation - Review of Ibis Budget Paris Porte de Pantin, Pantin, France - TripAdvisor", "spam_score": 0.005, "site_type": "discussions", "published": "2017-03-22T02:00:00.000+02:00", "replies_count": 0, "uuid": "409770b0d8699bba9fff3ee66aaea4eb4e7cd8c5"}, "author": "niraM83", "url": "https://www.tripadvisor.com/ShowUserReviews-g196584-d300721-r469369350-Ibis_Budget_Paris_Porte_de_Pantin-Pantin_Seine_Saint_Denis_Ile_de_France.html", "ord_in_thread": 0, "title": "Rooms require renovation", "locations": [], "entities": {"persons": [], "locations": [], "organizations": []}, "highlightText": "", "language": "english", "persons": [], "text": "When arrived late night we got the room nr. 11, in the morning I have discovered that the shower hose was broken and I could hardly take a shower. When asked the reception to repair the shower hose, they proposed to switch to another room (nr. 404). The room was OK, excepting the door-lock that was shaking. When arrived next evening I have discovered that the door-lock was completely broken and the door was NOT LOCKED anymore. Luckily nothing has disappeared from the room.", "external_links": [], "published": "2017-03-22T02:00:00.000+02:00", "crawled": "2017-03-28T07:28:01.364+03:00", "highlightTitle": ""}