{"organizations": [], "uuid": "94aff25d4f69a3d1d01ca80e0c3c998b23460029", "thread": {"social": {"gplus": {"shares": 0}, "pinterest": {"shares": 0}, "vk": {"shares": 0}, "linkedin": {"shares": 0}, "facebook": {"likes": 0, "shares": 0, "comments": 0}, "stumbledupon": {"shares": 0}}, "site_full": "www.tripadvisor.com", "main_image": "https://media-cdn.tripadvisor.com/media/photo-s/0c/7f/5a/99/exterior-dusk.jpg", "site_section": "https://www.tripadvisor.com/Hotel_Review-g60763-d5960548-Reviews-Hilton_Garden_Inn_New_York_Manhattan_Midtown_East-New_York_City_New_York.html", "section_title": "Hilton Garden Inn New York/Manhattan-Midtown East - UPDATED 2017 Hotel Reviews &amp; Price Comparison (New York City) - TripAdvisor", "url": "https://www.tripadvisor.com/ShowUserReviews-g60763-d5960548-r466613738-Hilton_Garden_Inn_New_York_Manhattan_Midtown_East-New_York_City_New_York.html", "country": "US", "domain_rank": 189, "title": "First and last stay", "performance_score": 0, "site": "tripadvisor.com", "participants_count": 2, "title_full": "First and last stay - Review of Hilton Garden Inn New York/Manhattan-Midtown East, New York City, NY - TripAdvisor", "spam_score": 0.018, "site_type": "discussions", "published": "2017-03-12T02:00:00.000+02:00", "replies_count": 1, "uuid": "94aff25d4f69a3d1d01ca80e0c3c998b23460029"}, "author": "S2358NPandym", "url": "https://www.tripadvisor.com/ShowUserReviews-g60763-d5960548-r466613738-Hilton_Garden_Inn_New_York_Manhattan_Midtown_East-New_York_City_New_York.html", "ord_in_thread": 0, "title": "First and last stay", "locations": [], "entities": {"persons": [], "locations": [], "organizations": []}, "highlightText": "", "language": "english", "persons": [], "text": "Over priced parking valet only a hassle whole design of hotel is poor. No closet space in room. Rooms are small and tight. Hit my leg on end of bed every time I walked pass it. Lobby and restaurant have no place to sit and have a meeting.", "external_links": [], "published": "2017-03-12T02:00:00.000+02:00", "crawled": "2017-03-29T04:56:22.951+03:00", "highlightTitle": ""}