{"organizations": [], "uuid": "608dedef25234b19a1d5931c853b15d31b6a5b34", "thread": {"social": {"gplus": {"shares": 0}, "pinterest": {"shares": 0}, "vk": {"shares": 0}, "linkedin": {"shares": 0}, "facebook": {"likes": 0, "shares": 0, "comments": 0}, "stumbledupon": {"shares": 0}}, "site_full": "www.tripadvisor.com", "main_image": "https://media-cdn.tripadvisor.com/media/photo-s/08/8a/f0/71/lobby-main.jpg", "site_section": "https://www.tripadvisor.com/Hotel_Review-g60763-d99766-Reviews-The_Roosevelt_Hotel-New_York_City_New_York.html", "section_title": "The Roosevelt Hotel - UPDATED 2017 Reviews &amp; Price Comparison (New York City) - TripAdvisor", "url": "https://www.tripadvisor.com/ShowUserReviews-g60763-d99766-r470757375-The_Roosevelt_Hotel-New_York_City_New_York.html", "country": "US", "domain_rank": 189, "title": "dont bother", "performance_score": 0, "site": "tripadvisor.com", "participants_count": 1, "title_full": "dont bother - Review of The Roosevelt Hotel, New York City, NY - TripAdvisor", "spam_score": 0.157, "site_type": "discussions", "published": "2017-03-27T03:00:00.000+03:00", "replies_count": 0, "uuid": "608dedef25234b19a1d5931c853b15d31b6a5b34"}, "author": "Q4636ZNnancyf", "url": "https://www.tripadvisor.com/ShowUserReviews-g60763-d99766-r470757375-The_Roosevelt_Hotel-New_York_City_New_York.html", "ord_in_thread": 0, "title": "dont bother", "locations": [], "entities": {"persons": [], "locations": [], "organizations": []}, "highlightText": "", "language": "english", "persons": [], "text": "Don't bother. Bed bugs likely. I woke up with bites that I didn't have when I went to bed. Old, needs remodeling and new beds as well as any kind of counter space in the bathrooms. Rooms were not clean. Beds didn't get made if you left your pajamas on them.", "external_links": [], "published": "2017-03-27T03:00:00.000+03:00", "crawled": "2017-03-29T06:59:46.188+03:00", "highlightTitle": ""}