{"organizations": [], "uuid": "4180e8de4aa991cef63c91bd359083f7cc16cdbb", "thread": {"social": {"gplus": {"shares": 0}, "pinterest": {"shares": 0}, "vk": {"shares": 0}, "linkedin": {"shares": 0}, "facebook": {"likes": 0, "shares": 0, "comments": 0}, "stumbledupon": {"shares": 0}}, "site_full": "www.tripadvisor.com", "main_image": "https://media-cdn.tripadvisor.com/media/photo-s/0d/98/0c/d6/building.jpg", "site_section": "https://www.tripadvisor.com/Hotel_Review-g187791-d498121-Reviews-Hotel_2000_Roma-Rome_Lazio.html", "section_title": "Hotel 2000 Roma - UPDATED 2017 Reviews &amp; Price Comparison (Rome, Italy) - TripAdvisor", "url": "https://www.tripadvisor.com/ShowUserReviews-g187791-d498121-r470772909-Hotel_2000_Roma-Rome_Lazio.html", "country": "US", "domain_rank": 189, "title": "Pros and cons.", "performance_score": 0, "site": "tripadvisor.com", "participants_count": 1, "title_full": "Pros and cons. - Review of Hotel 2000 Roma, Rome, Italy - TripAdvisor", "spam_score": 0.138, "site_type": "discussions", "published": "2017-03-28T03:00:00.000+03:00", "replies_count": 0, "uuid": "4180e8de4aa991cef63c91bd359083f7cc16cdbb"}, "author": "mandylou1981", "url": "https://www.tripadvisor.com/ShowUserReviews-g187791-d498121-r470772909-Hotel_2000_Roma-Rome_Lazio.html", "ord_in_thread": 0, "title": "Pros and cons.", "locations": [], "entities": {"persons": [], "locations": [], "organizations": []}, "highlightText": "", "language": "english", "persons": [], "text": "Pros\nExcellent location to barberini metro, Spanish steps, trevi fountain colleseum all in walking distance.\nOwner is a cute charming old man\nBuilding is prestigious and gives a luxury image.\nCheap price\nCons\nAir con apparently is not used until April, which means in march when you are sleeping it's too hot in the room and worse when a female has to use hairdryer!\nTowels old thin smelly and dry.\nNo complimentary water included.\nBed and pillows are so uncomfortable, as a result poor sleep which is not ideal with full days of excursions.", "external_links": [], "published": "2017-03-28T03:00:00.000+03:00", "crawled": "2017-03-29T12:05:40.655+03:00", "highlightTitle": ""}