{"organizations": [], "uuid": "2f12ebd86d3a5f87ff899de6c17edb8b767bb1c5", "thread": {"social": {"gplus": {"shares": 0}, "pinterest": {"shares": 0}, "vk": {"shares": 0}, "linkedin": {"shares": 0}, "facebook": {"likes": 0, "shares": 0, "comments": 0}, "stumbledupon": {"shares": 0}}, "site_full": "www.tripadvisor.com", "main_image": "https://media-cdn.tripadvisor.com/media/photo-s/09/d2/db/15/exterior.jpg", "site_section": "https://www.tripadvisor.com/Hotel_Review-g60763-d99774-Reviews-or10-La_Quinta_Inn_Suites_Manhattan-New_York_City_New_York.html", "section_title": "La Quinta Inn &amp; Suites Manhattan - UPDATED 2017 Hotel Reviews &amp; Price Comparison (New York City) - TripAdvisor", "url": "https://www.tripadvisor.com/ShowUserReviews-g60763-d99774-r464787198-La_Quinta_Inn_Suites_Manhattan-New_York_City_New_York.html", "country": "US", "domain_rank": 189, "title": "Unfair charges for a booking I did not finalize", "performance_score": 0, "site": "tripadvisor.com", "participants_count": 2, "title_full": "Unfair charges for a booking I did not finalize - Review of La Quinta Inn & Suites Manhattan, New York City, NY - TripAdvisor", "spam_score": 0.0, "site_type": "discussions", "published": "2017-03-05T02:00:00.000+02:00", "replies_count": 1, "uuid": "2f12ebd86d3a5f87ff899de6c17edb8b767bb1c5"}, "author": "Abdullah A", "url": "https://www.tripadvisor.com/ShowUserReviews-g60763-d99774-r464787198-La_Quinta_Inn_Suites_Manhattan-New_York_City_New_York.html", "ord_in_thread": 0, "title": "Unfair charges for a booking I did not finalize", "locations": [], "entities": {"persons": [], "locations": [], "organizations": []}, "highlightText": "", "language": "english", "persons": [], "text": "I booked a room for a few nights by calling the reservation center. The agent took my credit card number and said there won't be charges until you finalize the booking from your email. I did not finalize it and I was surprised there is a charge of $1xx.xx and when I called them. They won't refund my money back. Be careful from these cheaters!", "external_links": [], "published": "2017-03-05T02:00:00.000+02:00", "crawled": "2017-03-30T19:56:40.596+03:00", "highlightTitle": ""}