{"organizations": [], "uuid": "883031daf26e99dc05c1fe44167369a4b77d39d2", "thread": {"social": {"gplus": {"shares": 0}, "pinterest": {"shares": 0}, "vk": {"shares": 0}, "linkedin": {"shares": 0}, "facebook": {"likes": 0, "shares": 0, "comments": 0}, "stumbledupon": {"shares": 0}}, "site_full": "www.tripadvisor.com", "main_image": "https://media-cdn.tripadvisor.com/media/photo-s/0e/11/3b/f8/guest-room.jpg", "site_section": "https://www.tripadvisor.com/Hotel_Review-g186338-d199120-Reviews-or30-Ibis_London_Euston_St_Pancras-London_England.html", "section_title": "Ibis London Euston St Pancras - UPDATED 2017 Hotel Reviews &amp; Price Comparison (England) - TripAdvisor", "url": "https://www.tripadvisor.com/ShowUserReviews-g186338-d199120-r466997710-Ibis_London_Euston_St_Pancras-London_England.html", "country": "US", "domain_rank": 189, "title": "Pretty soulless but a nice big bed", "performance_score": 0, "site": "tripadvisor.com", "participants_count": 2, "title_full": "Pretty soulless but a nice big bed - Review of Ibis London Euston St Pancras, London, England - TripAdvisor", "spam_score": 0.03, "site_type": "discussions", "published": "2017-03-13T02:00:00.000+02:00", "replies_count": 1, "uuid": "883031daf26e99dc05c1fe44167369a4b77d39d2"}, "author": "TonyBastin", "url": "https://www.tripadvisor.com/ShowUserReviews-g186338-d199120-r466997710-Ibis_London_Euston_St_Pancras-London_England.html", "ord_in_thread": 0, "title": "Pretty soulless but a nice big bed", "locations": [], "entities": {"persons": [], "locations": [], "organizations": []}, "highlightText": "", "language": "english", "persons": [], "text": "It's a room but can't say much more than that. I've stayed in other Ibis and Accor hotels in France, which weren't too bad. They seem to be aiming at the bottom of the market in the U.K.\nTo be fair the room was clean, the bathroom was a plastic pod affair ( reminded me a bit of the transporter room on the starship enterprise ) but a few homely touches wouldn't go amiss. Especially as £140 for one night was hardly bargain basement prices.\nFeel just a bit moany about this one. Accor had better up their game. Low cost doesn't have to feel like a prison cell.", "external_links": [], "published": "2017-03-13T02:00:00.000+02:00", "crawled": "2017-03-31T17:35:02.904+03:00", "highlightTitle": ""}