{"organizations": [], "uuid": "e1b9b8af14ef01ac217f9fbb47d65fed78749c36", "thread": {"social": {"gplus": {"shares": 0}, "pinterest": {"shares": 0}, "vk": {"shares": 0}, "linkedin": {"shares": 0}, "facebook": {"likes": 0, "shares": 0, "comments": 0}, "stumbledupon": {"shares": 0}}, "site_full": "www.tripadvisor.com", "main_image": "https://media-cdn.tripadvisor.com/media/photo-s/0a/e3/a4/3c/terrace-suite-with-empire.jpg", "site_section": "https://www.tripadvisor.com/Hotel_Review-g60763-d8873263-Reviews-Innside_New_York_Nomad-New_York_City_New_York.html", "section_title": "Innside New York Nomad - UPDATED 2017 Hotel Reviews &amp; Price Comparison (New York City) - TripAdvisor", "url": "https://www.tripadvisor.com/ShowUserReviews-g60763-d8873263-r469679099-Innside_New_York_Nomad-New_York_City_New_York.html", "country": "US", "domain_rank": 189, "title": "Very disappointing", "performance_score": 0, "site": "tripadvisor.com", "participants_count": 1, "title_full": "Very disappointing - Review of Innside New York Nomad, New York City, NY - TripAdvisor", "spam_score": 0.015, "site_type": "discussions", "published": "2017-03-23T02:00:00.000+02:00", "replies_count": 0, "uuid": "e1b9b8af14ef01ac217f9fbb47d65fed78749c36"}, "author": "Y2372XSsandral", "url": "https://www.tripadvisor.com/ShowUserReviews-g60763-d8873263-r469679099-Innside_New_York_Nomad-New_York_City_New_York.html", "ord_in_thread": 0, "title": "Very disappointing", "locations": [], "entities": {"persons": [], "locations": [], "organizations": []}, "highlightText": "", "language": "english", "persons": [], "text": "Very expensive for what it is. Room service was terrible, the food was awful. They charge you 5$ for every order (not including tip). Internet was very slow (and probably because they want you to pay the extra to get \"high speed\" internet). I was charged an extra 20$usd/day (that was not included in my initial invoice) for \"facility fee\". And finally I didn't like the location, a bit of a sketchy neighbourhood. In summary: i don't recommend it.", "external_links": [], "published": "2017-03-23T02:00:00.000+02:00", "crawled": "2017-03-29T03:31:45.270+03:00", "highlightTitle": ""}