{"organizations": [], "uuid": "0a168f25defd419d31e6b34fa73e07b66730e9da", "thread": {"social": {"gplus": {"shares": 0}, "pinterest": {"shares": 0}, "vk": {"shares": 0}, "linkedin": {"shares": 0}, "facebook": {"likes": 0, "shares": 0, "comments": 0}, "stumbledupon": {"shares": 0}}, "site_full": "www.tripadvisor.com", "main_image": "https://media-cdn.tripadvisor.com/media/photo-s/06/e3/bc/44/park-hyatt-new-york.jpg", "site_section": "https://www.tripadvisor.com/Hotel_Review-g60763-d6582176-Reviews-or10-Park_Hyatt_New_York-New_York_City_New_York.html", "section_title": "Park Hyatt New York - UPDATED 2017 Hotel Reviews &amp; Price Comparison (New York City) - TripAdvisor", "url": "https://www.tripadvisor.com/ShowUserReviews-g60763-d6582176-r468336139-Park_Hyatt_New_York-New_York_City_New_York.html", "country": "US", "domain_rank": 189, "title": "Poor service at Breakfast!", "performance_score": 0, "site": "tripadvisor.com", "participants_count": 1, "title_full": "Poor service at Breakfast! - Review of Park Hyatt New York, New York City, NY - TripAdvisor", "spam_score": 0.0, "site_type": "discussions", "published": "2017-03-18T02:00:00.000+02:00", "replies_count": 0, "uuid": "0a168f25defd419d31e6b34fa73e07b66730e9da"}, "author": "saerah1", "url": "https://www.tripadvisor.com/ShowUserReviews-g60763-d6582176-r468336139-Park_Hyatt_New_York-New_York_City_New_York.html", "ord_in_thread": 0, "title": "Poor service at Breakfast!", "locations": [], "entities": {"persons": [], "locations": [], "organizations": []}, "highlightText": "", "language": "english", "persons": [], "text": "I have been to many Park Hyatts before but I was surprised by the hostess, Victoria, who was very unpleasant. She had rolled her eyes when I requested for a different table as she wanted to sit us in a quiet boring corner. The place was almost empty! So ridiculous!", "external_links": [], "published": "2017-03-18T02:00:00.000+02:00", "crawled": "2017-03-29T14:21:40.875+03:00", "highlightTitle": ""}