{"organizations": [], "uuid": "479ffa66b453a8b5d635b3e93293d2ccfe799e76", "thread": {"social": {"gplus": {"shares": 0}, "pinterest": {"shares": 0}, "vk": {"shares": 0}, "linkedin": {"shares": 0}, "facebook": {"likes": 0, "shares": 0, "comments": 0}, "stumbledupon": {"shares": 0}}, "site_full": "www.tripadvisor.com", "main_image": "https://media-cdn.tripadvisor.com/media/photo-s/08/10/fa/9e/lobby.jpg", "site_section": "https://www.tripadvisor.com/Hotel_Review-g186338-d301022-Reviews-Hotel_ibis_budget_London_City_Airport-London_England.html", "section_title": "Hotel ibis budget London City Airport - UPDATED 2017 Reviews &amp; Price Comparison (England) - TripAdvisor", "url": "https://www.tripadvisor.com/ShowUserReviews-g186338-d301022-r470601556-Hotel_ibis_budget_London_City_Airport-London_England.html", "country": "US", "domain_rank": 189, "title": "manners cost nothing", "performance_score": 0, "site": "tripadvisor.com", "participants_count": 2, "title_full": "manners cost nothing - Review of Hotel ibis budget London City Airport, London, England - TripAdvisor", "spam_score": 0.0, "site_type": "discussions", "published": "2017-03-27T03:00:00.000+03:00", "replies_count": 1, "uuid": "479ffa66b453a8b5d635b3e93293d2ccfe799e76"}, "author": "whittyuk", "url": "https://www.tripadvisor.com/ShowUserReviews-g186338-d301022-r470601556-Hotel_ibis_budget_London_City_Airport-London_England.html", "ord_in_thread": 0, "title": "manners cost nothing", "locations": [], "entities": {"persons": [], "locations": [], "organizations": []}, "highlightText": "", "language": "english", "persons": [], "text": "when i booked i had a pretty good idea what i would be getting. i had stayed in ibis budget before ( not this one) and i had been happy with what i paid for. rooms where clean and tidy and towels where fine. the bed wasnt very comfortable. the mattress was very thin. however, it was cheap for london and had free parking. my problem however was the staff. i hardly saw a smile amongst them. every hotel i have stayed in no matter the level the staff have smiled. i do not expect mardy house keepers with children in tow. grumpy reception staff who, it appeared had more important things to be doing than taking care of the customer. breakfast was a joke. rock hard pastries which appeared to have been microwaved and no meat for a continental buffet is just not acceptable. giving appologies is one thing but refunds and free nights is how to keep customers if they want to keep your business. plus i also had a valuable item of my luggage that went missing. i cant prove anything, but i have my suspicions. overall not impressed", "external_links": [], "published": "2017-03-27T03:00:00.000+03:00", "crawled": "2017-03-31T20:30:32.639+03:00", "highlightTitle": ""}