{"organizations": [], "uuid": "142a9f1af5a272aa60472044876a03697d11a6a3", "thread": {"social": {"gplus": {"shares": 0}, "pinterest": {"shares": 0}, "vk": {"shares": 0}, "linkedin": {"shares": 0}, "facebook": {"likes": 0, "shares": 0, "comments": 0}, "stumbledupon": {"shares": 0}}, "site_full": "www.tripadvisor.com", "main_image": "https://media-cdn.tripadvisor.com/media/photo-s/0d/f2/92/18/terrace-with-esbview.jpg", "site_section": "https://www.tripadvisor.com/Hotel_Review-g60763-d80110-Reviews-or10-The_Roger-New_York_City_New_York.html", "section_title": "The Roger - UPDATED 2017 Hotel Reviews &amp; Price Comparison (New York City) - TripAdvisor", "url": "https://www.tripadvisor.com/ShowUserReviews-g60763-d80110-r469397695-The_Roger-New_York_City_New_York.html", "country": "US", "domain_rank": 189, "title": "Room smelled like cigarettes", "performance_score": 0, "site": "tripadvisor.com", "participants_count": 1, "title_full": "Room smelled like cigarettes - Review of The Roger, New York City, NY - TripAdvisor", "spam_score": 0.001, "site_type": "discussions", "published": "2017-03-22T02:00:00.000+02:00", "replies_count": 0, "uuid": "142a9f1af5a272aa60472044876a03697d11a6a3"}, "author": "johnaw894", "url": "https://www.tripadvisor.com/ShowUserReviews-g60763-d80110-r469397695-The_Roger-New_York_City_New_York.html", "ord_in_thread": 0, "title": "Room smelled like cigarettes", "locations": [], "entities": {"persons": [], "locations": [], "organizations": []}, "highlightText": "", "language": "english", "persons": [], "text": "Room was sup par and smelled like cigarettes/ reported to hotel and they did nothing. Location was fine. Hotel has small lounge and bar- room service was fine. Staff seemed disinterested in making anyone's stay a friendly one.", "external_links": [], "published": "2017-03-22T02:00:00.000+02:00", "crawled": "2017-03-29T14:34:01.494+03:00", "highlightTitle": ""}