{"organizations": [], "uuid": "ad53371b73c7c6e3794d6f12c8f3cdc5f2a96be7", "thread": {"social": {"gplus": {"shares": 0}, "pinterest": {"shares": 0}, "vk": {"shares": 0}, "linkedin": {"shares": 0}, "facebook": {"likes": 0, "shares": 0, "comments": 0}, "stumbledupon": {"shares": 0}}, "site_full": "www.tripadvisor.com", "main_image": "https://media-cdn.tripadvisor.com/media/photo-s/0b/cd/22/80/lobby-3.jpg", "site_section": "https://www.tripadvisor.com/Hotel_Review-g186338-d193107-Reviews-St_Martins_Lane_London_Hotel-London_England.html", "section_title": "St Martins Lane London Hotel - UPDATED 2017 Reviews &amp; Price Comparison (England) - TripAdvisor", "url": "https://www.tripadvisor.com/ShowUserReviews-g186338-d193107-r470124229-St_Martins_Lane_London_Hotel-London_England.html", "country": "US", "domain_rank": 189, "title": "St Martins Hotel", "performance_score": 0, "site": "tripadvisor.com", "participants_count": 2, "title_full": "St Martins Hotel - Review of St Martins Lane London Hotel, London, England - TripAdvisor", "spam_score": 0.0, "site_type": "discussions", "published": "2017-03-25T03:00:00.000+03:00", "replies_count": 1, "uuid": "ad53371b73c7c6e3794d6f12c8f3cdc5f2a96be7"}, "author": "lapassey", "url": "https://www.tripadvisor.com/ShowUserReviews-g186338-d193107-r470124229-St_Martins_Lane_London_Hotel-London_England.html", "ord_in_thread": 0, "title": "St Martins Hotel", "locations": [], "entities": {"persons": [], "locations": [], "organizations": []}, "highlightText": "", "language": "english", "persons": [], "text": "Nothing fantastic about this hotel-overpriced. Rom was clean. Some staff were nice-some weren't so. Breakfast was edible but again nothing to rave about. Location was the best thing as very near the theatres", "external_links": [], "published": "2017-03-25T03:00:00.000+03:00", "crawled": "2017-03-31T18:19:50.550+03:00", "highlightTitle": ""}