{"organizations": [], "uuid": "4fc5865af5633eecce531028dd474faae5443098", "thread": {"social": {"gplus": {"shares": 0}, "pinterest": {"shares": 0}, "vk": {"shares": 0}, "linkedin": {"shares": 0}, "facebook": {"likes": 0, "shares": 0, "comments": 0}, "stumbledupon": {"shares": 0}}, "site_full": "www.tripadvisor.com", "main_image": "https://media-cdn.tripadvisor.com/media/photo-s/07/2f/f9/60/grange-rochester-hotel.jpg", "site_section": "https://www.tripadvisor.com/Hotel_Review-g186338-d224663-Reviews-Grange_Rochester_Hotel-London_England.html", "section_title": "Grange Rochester Hotel - UPDATED 2017 Reviews &amp; Price Comparison (London, England) - TripAdvisor", "url": "https://www.tripadvisor.com/ShowUserReviews-g186338-d224663-r471195693-Grange_Rochester_Hotel-London_England.html", "country": "US", "domain_rank": 189, "title": "Sardines would refuse this place...", "performance_score": 0, "site": "tripadvisor.com", "participants_count": 1, "title_full": "Sardines would refuse this place... - Review of Grange Rochester Hotel, London, England - TripAdvisor", "spam_score": 0.004, "site_type": "discussions", "published": "2017-03-29T03:00:00.000+03:00", "replies_count": 0, "uuid": "4fc5865af5633eecce531028dd474faae5443098"}, "author": "OzyLondon", "url": "https://www.tripadvisor.com/ShowUserReviews-g186338-d224663-r471195693-Grange_Rochester_Hotel-London_England.html", "ord_in_thread": 0, "title": "Sardines would refuse this place...", "locations": [], "entities": {"persons": [], "locations": [], "organizations": []}, "highlightText": "", "language": "english", "persons": [], "text": "Disgraceful to suggest a room is a twin or a triple when the beds are basically connected and cannot be separated due to the total lack of space in the room.\nThey have spare rooms available tonight and yet prefer our team to be squeezed into a room big enough for a small squashed sardine... poor customer service and quoting company policies does not support a very obvious lack of both health and safety, customer comfort and customer experience.\nSave your money and book somewhere else in London.", "external_links": [], "published": "2017-03-29T03:00:00.000+03:00", "crawled": "2017-03-31T18:41:50.976+03:00", "highlightTitle": ""}