{"organizations": [], "uuid": "689885c2f90581036a5fe539ed77afc0ec507f21", "thread": {"social": {"gplus": {"shares": 0}, "pinterest": {"shares": 0}, "vk": {"shares": 0}, "linkedin": {"shares": 0}, "facebook": {"likes": 0, "shares": 0, "comments": 0}, "stumbledupon": {"shares": 0}}, "site_full": "www.tripadvisor.com", "main_image": "https://media-cdn.tripadvisor.com/media/photo-s/03/31/be/94/hotel-altona.jpg", "site_section": "https://www.tripadvisor.com/Hotel_Review-g187147-d280081-Reviews-Hotel_Altona-Paris_Ile_de_France.html", "section_title": "Hotel Altona - UPDATED 2017 Reviews &amp; Price Comparison (Paris, France) - TripAdvisor", "url": "https://www.tripadvisor.com/ShowUserReviews-g187147-d280081-r469564690-Hotel_Altona-Paris_Ile_de_France.html", "country": "US", "domain_rank": 189, "title": "Budget Hotel with very less facilities.", "performance_score": 0, "site": "tripadvisor.com", "participants_count": 1, "title_full": "Budget Hotel with very less facilities. - Review of Hotel Altona, Paris, France - TripAdvisor", "spam_score": 0.209, "site_type": "discussions", "published": "2017-03-23T02:00:00.000+02:00", "replies_count": 0, "uuid": "689885c2f90581036a5fe539ed77afc0ec507f21"}, "author": "Fahim H", "url": "https://www.tripadvisor.com/ShowUserReviews-g187147-d280081-r469564690-Hotel_Altona-Paris_Ile_de_France.html", "ord_in_thread": 0, "title": "Budget Hotel with very less facilities.", "locations": [], "entities": {"persons": [], "locations": [], "organizations": []}, "highlightText": "", "language": "english", "persons": [], "text": "Goods:\n- Close to the Metro Station (Barbès - Rochechouart) which has access to Metro 2 & Metro 4.\n- Bus station is also close.\n- One of the most popular tourist destination at Paris Sacré-Cœur Basilica is just one Metro station away from the Hotel and 15 mins walking distance.\n- One 24x7 Store is there just at the main entrance of the Hotel.\nBads:\n- The area seem to be not very safe, mostly at night. Some of the locals have also warned us to be careful while at a lonely street.\n- The metro station close to the hotel is very dirty and filled with unwanted and rough people around it.\n- Rooms are very old and not clean at all. But the stuff is friendly.\n- No restaurant is available, only one small cafe for breakfast.\nRoom Tip: Accessible, Metro Station, Poor safety See more room tips", "external_links": ["https://static.tacdn.com/img2/x.gif"], "published": "2017-03-23T02:00:00.000+02:00", "crawled": "2017-03-28T06:57:46.330+03:00", "highlightTitle": ""}