{"organizations": [], "uuid": "3c5a899536c3b38bde78dca2e00b12005241c4cf", "thread": {"social": {"gplus": {"shares": 0}, "pinterest": {"shares": 0}, "vk": {"shares": 0}, "linkedin": {"shares": 0}, "facebook": {"likes": 0, "shares": 0, "comments": 0}, "stumbledupon": {"shares": 0}}, "site_full": "www.tripadvisor.com", "main_image": "https://media-cdn.tripadvisor.com/media/photo-s/07/07/de/35/hudson-hotel-new-york.jpg", "site_section": "https://www.tripadvisor.com/Hotel_Review-g60763-d223023-Reviews-or20-Hudson_Hotel_New_York-New_York_City_New_York.html", "section_title": "Hudson Hotel New York - UPDATED 2017 Reviews &amp; Price Comparison (New York City) - TripAdvisor", "url": "https://www.tripadvisor.com/ShowUserReviews-g60763-d223023-r469140692-Hudson_Hotel_New_York-New_York_City_New_York.html", "country": "US", "domain_rank": 189, "title": "...not so much", "performance_score": 0, "site": "tripadvisor.com", "participants_count": 2, "title_full": "...not so much - Review of Hudson Hotel New York, New York City, NY - TripAdvisor", "spam_score": 0.0, "site_type": "discussions", "published": "2017-03-21T02:00:00.000+02:00", "replies_count": 1, "uuid": "3c5a899536c3b38bde78dca2e00b12005241c4cf"}, "author": "AleArriaza", "url": "https://www.tripadvisor.com/ShowUserReviews-g60763-d223023-r469140692-Hudson_Hotel_New_York-New_York_City_New_York.html", "ord_in_thread": 0, "title": "...not so much", "locations": [], "entities": {"persons": [], "locations": [], "organizations": []}, "highlightText": "", "language": "english", "persons": [], "text": "I stayed there with my wife for two nights.\nRoom was ok, place was cool, the hotel has a nice mood going on; BUT, staff was not friendly at all. Specially after they told me about all this \"extra\" fees, and \"hidden fees for credit ....crap\" I had to pay at the moment I was checking in. That is not cool, we just needed a place to sleep, probably have breakfast...and they were charging us credit in advance just in case we wanted to consume their stuff (if we didnt used the credit, on that exact day, we lose it... yeah, they charged it every day of our stay\".\nOverall... there are MANY other places you can stay in NY, and avoid all this nonesense.", "external_links": [], "published": "2017-03-21T02:00:00.000+02:00", "crawled": "2017-03-30T00:59:03.747+03:00", "highlightTitle": ""}