{"organizations": [], "uuid": "9b44873373426bf87d70d104e13e8d97a3bc4e1a", "thread": {"social": {"gplus": {"shares": 0}, "pinterest": {"shares": 0}, "vk": {"shares": 0}, "linkedin": {"shares": 0}, "facebook": {"likes": 0, "shares": 0, "comments": 0}, "stumbledupon": {"shares": 0}}, "site_full": "www.tripadvisor.com", "main_image": "https://media-cdn.tripadvisor.com/media/photo-s/0b/53/20/7b/guest-room.jpg", "site_section": "https://www.tripadvisor.com/Hotel_Review-g187147-d1230381-Reviews-Ibis_Styles_Paris_Lafayette_Opera-Paris_Ile_de_France.html", "section_title": "Ibis Styles Paris Lafayette Opera - UPDATED 2017 Hotel Reviews &amp; Price Comparison (France) - TripAdvisor", "url": "https://www.tripadvisor.com/ShowUserReviews-g187147-d1230381-r461258656-Ibis_Styles_Paris_Lafayette_Opera-Paris_Ile_de_France.html", "country": "US", "domain_rank": 189, "title": "very noisy and small", "performance_score": 0, "site": "tripadvisor.com", "participants_count": 2, "title_full": "very noisy and small - Review of Ibis Styles Paris Lafayette Opera, Paris, France - TripAdvisor", "spam_score": 0.0, "site_type": "discussions", "published": "2017-03-15T02:00:00.000+02:00", "replies_count": 1, "uuid": "9b44873373426bf87d70d104e13e8d97a3bc4e1a"}, "author": "Alireza B", "url": "https://www.tripadvisor.com/ShowUserReviews-g187147-d1230381-r461258656-Ibis_Styles_Paris_Lafayette_Opera-Paris_Ile_de_France.html", "ord_in_thread": 0, "title": "very noisy and small", "locations": [], "entities": {"persons": [], "locations": [], "organizations": []}, "highlightText": "", "language": "english", "persons": [], "text": "We entered to hotel January 15. The rooms are small but includes are necessary. Staff are friendly with guests. The most important advantage is location. Very close to grands boulevard station and close to hussmann boulevard, Lafayette, opera.\nLots of café, restaurants around you can enjoy evenings. There is a very big shopping center (galleries Lafayette haussmann) ten minutes west including lots of famous brands.", "external_links": [], "published": "2017-03-15T02:00:00.000+02:00", "crawled": "2017-03-30T22:30:10.034+03:00", "highlightTitle": ""}