{"organizations": [], "uuid": "54c8e5a270416f1c3982984b09cdcc9d8c6793ee", "thread": {"social": {"gplus": {"shares": 0}, "pinterest": {"shares": 0}, "vk": {"shares": 0}, "linkedin": {"shares": 0}, "facebook": {"likes": 0, "shares": 0, "comments": 0}, "stumbledupon": {"shares": 0}}, "site_full": "www.tripadvisor.com", "main_image": "https://media-cdn.tripadvisor.com/media/photo-s/07/6f/45/f9/hyatt-union-square-new.jpg", "site_section": "https://www.tripadvisor.com/Hotel_Review-g60763-d3533197-Reviews-Hyatt_Union_Square_New_York-New_York_City_New_York.html", "section_title": "Hyatt Union Square New York - UPDATED 2017 Hotel Reviews &amp; Price Comparison (New York City) - TripAdvisor", "url": "https://www.tripadvisor.com/ShowUserReviews-g60763-d3533197-r468946188-Hyatt_Union_Square_New_York-New_York_City_New_York.html", "country": "US", "domain_rank": 189, "title": "Do not stay here.", "performance_score": 0, "site": "tripadvisor.com", "participants_count": 2, "title_full": "Do not stay here. - Review of Hyatt Union Square New York, New York City, NY - TripAdvisor", "spam_score": 0.001, "site_type": "discussions", "published": "2017-03-20T02:00:00.000+02:00", "replies_count": 1, "uuid": "54c8e5a270416f1c3982984b09cdcc9d8c6793ee"}, "author": "lisamarys2017", "url": "https://www.tripadvisor.com/ShowUserReviews-g60763-d3533197-r468946188-Hyatt_Union_Square_New_York-New_York_City_New_York.html", "ord_in_thread": 0, "title": "Do not stay here.", "locations": [], "entities": {"persons": [], "locations": [], "organizations": []}, "highlightText": "", "language": "english", "persons": [], "text": "We had something either stolen or thrown away worth hundreds of dollars. We spoke to 2 managers neither of whom were interested in helping get to the bottom of what happened. They also have charged our card for something that they can't even tell us what it was.", "external_links": [], "published": "2017-03-20T02:00:00.000+02:00", "crawled": "2017-03-30T22:58:08.406+03:00", "highlightTitle": ""}