{"organizations": [], "uuid": "f64e9064a8ec3565fb2c011eb39607619d0b901d", "thread": {"social": {"gplus": {"shares": 0}, "pinterest": {"shares": 0}, "vk": {"shares": 0}, "linkedin": {"shares": 0}, "facebook": {"likes": 0, "shares": 0, "comments": 0}, "stumbledupon": {"shares": 0}}, "site_full": "www.tripadvisor.com", "main_image": "https://media-cdn.tripadvisor.com/media/photo-s/09/7e/13/be/rooftop-pool.jpg", "site_section": "https://www.tripadvisor.com/Hotel_Review-g294212-d1146087-Reviews-or10-Hilton_Beijing_Wangfujing-Beijing.html", "section_title": "Hilton Beijing Wangfujing - UPDATED 2017 Hotel Reviews &amp; Price Comparison (China) - TripAdvisor", "url": "https://www.tripadvisor.com/ShowUserReviews-g294212-d1146087-r465174517-Hilton_Beijing_Wangfujing-Beijing.html", "country": "US", "domain_rank": 189, "title": "Really need to be renovated", "performance_score": 0, "site": "tripadvisor.com", "participants_count": 2, "title_full": "Really need to be renovated - Review of Hilton Beijing Wangfujing, Beijing, China - TripAdvisor", "spam_score": 0.0, "site_type": "discussions", "published": "2017-03-06T02:00:00.000+02:00", "replies_count": 1, "uuid": "f64e9064a8ec3565fb2c011eb39607619d0b901d"}, "author": "Abraham S", "url": "https://www.tripadvisor.com/ShowUserReviews-g294212-d1146087-r465174517-Hilton_Beijing_Wangfujing-Beijing.html", "ord_in_thread": 0, "title": "Really need to be renovated", "locations": [], "entities": {"persons": [], "locations": [], "organizations": []}, "highlightText": "", "language": "english", "persons": [], "text": "This hotel urgently needs to be refurnish; our guest room smell to humidity and we requested to be changed but they did not have a better alternative. The lounge was dirty when we arrived, the general impression we had is that it was dirty and not well maintained. We cancel the stay after one night and move to other hotel.\nThe star tried to help us and were very friendly.", "external_links": [], "published": "2017-03-06T02:00:00.000+02:00", "crawled": "2017-03-27T15:09:51.200+03:00", "highlightTitle": ""}