{"organizations": [], "uuid": "81e350d3480069b2a4694b6a50ba01a52a21f9f0", "thread": {"social": {"gplus": {"shares": 0}, "pinterest": {"shares": 0}, "vk": {"shares": 0}, "linkedin": {"shares": 0}, "facebook": {"likes": 0, "shares": 0, "comments": 0}, "stumbledupon": {"shares": 0}}, "site_full": "www.tripadvisor.com", "main_image": "https://media-cdn.tripadvisor.com/media/photo-s/08/62/13/df/welcome-to-the-doubletree.jpg", "site_section": "https://www.tripadvisor.com/Hotel_Review-g32112-d217296-Reviews-or10-DoubleTree_by_Hilton_Hotel_San_Francisco_Airport_North-Brisbane_California.html", "section_title": "DoubleTree by Hilton Hotel San Francisco Airport North - UPDATED 2017 Reviews &amp; Price Comparison (Brisbane, CA) - TripAdvisor", "url": "https://www.tripadvisor.com/ShowUserReviews-g32112-d217296-r462615540-DoubleTree_by_Hilton_Hotel_San_Francisco_Airport_North-Brisbane_California.html", "country": "ZA", "domain_rank": 189, "title": "Terrible hotel experience", "performance_score": 0, "site": "tripadvisor.com", "participants_count": 1, "title_full": "Terrible hotel experience - Review of DoubleTree by Hilton Hotel San Francisco Airport North, Brisbane, CA - TripAdvisor", "spam_score": 0.001, "site_type": "discussions", "published": "2017-02-24T02:00:00.000+02:00", "replies_count": 0, "uuid": "81e350d3480069b2a4694b6a50ba01a52a21f9f0"}, "author": "leidac2017", "url": "https://www.tripadvisor.com/ShowUserReviews-g32112-d217296-r462615540-DoubleTree_by_Hilton_Hotel_San_Francisco_Airport_North-Brisbane_California.html", "ord_in_thread": 0, "title": "Terrible hotel experience", "locations": [], "entities": {"persons": [], "locations": [], "organizations": []}, "highlightText": "", "language": "english", "persons": [], "text": "Booked and pre-paid for a room with 2 queen size beds but was told there was none left! Terrible experience with the hotel. Dishonest person at the front desk! If you want to have the room you booked, don't stay at this hotel!", "external_links": [], "published": "2017-02-24T02:00:00.000+02:00", "crawled": "2017-03-26T20:00:40.244+03:00", "highlightTitle": ""}