{"organizations": [], "uuid": "5a02c4601bac5524ffd172e30a5a738362f54009", "thread": {"social": {"gplus": {"shares": 0}, "pinterest": {"shares": 0}, "vk": {"shares": 0}, "linkedin": {"shares": 0}, "facebook": {"likes": 0, "shares": 0, "comments": 0}, "stumbledupon": {"shares": 0}}, "site_full": "www.tripadvisor.com", "main_image": "https://media-cdn.tripadvisor.com/media/photo-s/02/a4/1d/41/chambre.jpg", "site_section": "https://www.tripadvisor.com/Hotel_Review-g187147-d2301962-Reviews-BEST_WESTERN_Plus_Elysee_Secret-Paris_Ile_de_France.html", "section_title": "BEST WESTERN Plus Elysee Secret - UPDATED 2017 Hotel Reviews &amp; Price Comparison (Paris, France) - TripAdvisor", "url": "https://www.tripadvisor.com/ShowUserReviews-g187147-d2301962-r469773172-BEST_WESTERN_Plus_Elysee_Secret-Paris_Ile_de_France.html", "country": "US", "domain_rank": 189, "title": "Smallest room I've ever had", "performance_score": 0, "site": "tripadvisor.com", "participants_count": 1, "title_full": "Smallest room I've ever had - Review of BEST WESTERN Plus Elysee Secret, Paris, France - TripAdvisor", "spam_score": 0.0, "site_type": "discussions", "published": "2017-03-24T03:00:00.000+03:00", "replies_count": 0, "uuid": "5a02c4601bac5524ffd172e30a5a738362f54009"}, "author": "chrislunch", "url": "https://www.tripadvisor.com/ShowUserReviews-g187147-d2301962-r469773172-BEST_WESTERN_Plus_Elysee_Secret-Paris_Ile_de_France.html", "ord_in_thread": 0, "title": "Smallest room I've ever had", "locations": [], "entities": {"persons": [], "locations": [], "organizations": []}, "highlightText": "", "language": "english", "persons": [], "text": "Stayed here in March 2017, client company booked us in. My colleague booked two nights as he wanted to check in very early from an overnight flight, I arrived late in the evening checking in just before midnight, the hotel had been warned I'd arrive late.\nThe hotel is well located but absolutely tiny, almost Lilliputian. Check in desk/lobby is about the size of a counter at a dry cleaners. The lift barely carries one person and suitcase. I had room 602, on top floor, and the sloping roof meant I could only stand up on one side of the room. The bed filled the room. The wardrobe was a cupboard I original thought contained an electricity meter - on opening it I discovered some hangers, but the whole unit was half the height of the wall. My jacket would have draped on the floor had I used it.\nI'm six foot one, and could probably have stretched out in bed and touched both walls. The shower was too short for me, by about four inches, and I had to duck to get under it.\nThe room smelt as if it was a smoking room, and my colleague reported his room on the third floor was taller, but no bigger, and not clean.\nWe checked out and didn't take breakfast, as the breakfast room was too small for us to chat and work in. In total these three nights cost us over €500. We'll be recommending to our client that they don't book this hotel again.\nScoring for location only - avoid otherwise.", "external_links": [], "published": "2017-03-24T03:00:00.000+03:00", "crawled": "2017-03-27T04:55:33.982+03:00", "highlightTitle": ""}