{"organizations": [], "uuid": "6ac32a9434128749ea845c1267d90de37cdcc934", "thread": {"social": {"gplus": {"shares": 0}, "pinterest": {"shares": 0}, "vk": {"shares": 0}, "linkedin": {"shares": 0}, "facebook": {"likes": 0, "shares": 0, "comments": 0}, "stumbledupon": {"shares": 0}}, "site_full": "www.tripadvisor.com", "main_image": "https://media-cdn.tripadvisor.com/media/photo-s/01/d1/33/74/the-trafalgar-hotel.jpg", "site_section": "https://www.tripadvisor.com/Hotel_Review-g186338-d209237-Reviews-or20-The_Trafalgar_Hotel-London_England.html", "section_title": "The Trafalgar Hotel - UPDATED 2017 Reviews &amp; Price Comparison (London, England) - TripAdvisor", "url": "https://www.tripadvisor.com/ShowUserReviews-g186338-d209237-r461905456-The_Trafalgar_Hotel-London_England.html", "country": "US", "domain_rank": 189, "title": "Not a Hilton standard hotel", "performance_score": 0, "site": "tripadvisor.com", "participants_count": 2, "title_full": "Not a Hilton standard hotel - Review of The Trafalgar Hotel, London, England - TripAdvisor", "spam_score": 0.003, "site_type": "discussions", "published": "2017-03-03T02:00:00.000+02:00", "replies_count": 1, "uuid": "6ac32a9434128749ea845c1267d90de37cdcc934"}, "author": "Amie N", "url": "https://www.tripadvisor.com/ShowUserReviews-g186338-d209237-r461905456-The_Trafalgar_Hotel-London_England.html", "ord_in_thread": 0, "title": "Not a Hilton standard hotel", "locations": [], "entities": {"persons": [], "locations": [], "organizations": []}, "highlightText": "", "language": "english", "persons": [], "text": "Disappointing breakfast, dated decor and furniture in the bedroom and bathroom and poor communication about the use of the rooftop bar. Not what we expect from a Hilton. Even though the roof top bar and view are listed as a feature of the hotel this was shut and we weren't made aware until we arrived. Overall disappointing stay and service.", "external_links": [], "published": "2017-03-03T02:00:00.000+02:00", "crawled": "2017-03-31T18:33:10.620+03:00", "highlightTitle": ""}