{"organizations": [], "uuid": "4f8643991cba53b7bd0046ed2eb026835372c432", "thread": {"social": {"gplus": {"shares": 0}, "pinterest": {"shares": 0}, "vk": {"shares": 0}, "linkedin": {"shares": 0}, "facebook": {"likes": 0, "shares": 0, "comments": 0}, "stumbledupon": {"shares": 0}}, "site_full": "www.tripadvisor.com", "main_image": "https://media-cdn.tripadvisor.com/media/photo-s/0d/b9/b7/e0/superior-room.jpg", "site_section": "https://www.tripadvisor.com/Hotel_Review-g186338-d1803696-Reviews-Hotel_Indigo_London_Tower_Hill-London_England.html", "section_title": "Hotel Indigo London Tower Hill - UPDATED 2017 Reviews &amp; Price Comparison (England) - TripAdvisor", "url": "https://www.tripadvisor.com/ShowUserReviews-g186338-d1803696-r464957527-Hotel_Indigo_London_Tower_Hill-London_England.html", "country": "US", "domain_rank": 189, "title": "Partially blocked fire escapes", "performance_score": 0, "site": "tripadvisor.com", "participants_count": 2, "title_full": "Partially blocked fire escapes - Review of Hotel Indigo London Tower Hill, London, England - TripAdvisor", "spam_score": 0.002, "site_type": "discussions", "published": "2017-03-06T02:00:00.000+02:00", "replies_count": 1, "uuid": "4f8643991cba53b7bd0046ed2eb026835372c432"}, "author": "shepwhites2016", "url": "https://www.tripadvisor.com/ShowUserReviews-g186338-d1803696-r464957527-Hotel_Indigo_London_Tower_Hill-London_England.html", "ord_in_thread": 0, "title": "Partially blocked fire escapes", "locations": [], "entities": {"persons": [], "locations": [], "organizations": []}, "highlightText": "", "language": "english", "persons": [], "text": "Twice asked at front desk about Laundry in fire escapes. Duty manager on my first night there said she would get stuff shifted, hotel Manager (also their HSE manager) at checkout said it was not a problem, and he had checked it was OK with fire brigade and HSE... Personally I don't believe him. I don't think combustible materials should obstruct fire escapes. See attached photos and decide if you want to stay here.", "external_links": ["https://static.tacdn.com/img2/x.gif"], "published": "2017-03-06T02:00:00.000+02:00", "crawled": "2017-03-31T21:08:50.981+03:00", "highlightTitle": ""}