{"organizations": [], "uuid": "b457ad5ef33422b5795a8b0c6e7243f89c869deb", "thread": {"social": {"gplus": {"shares": 0}, "pinterest": {"shares": 0}, "vk": {"shares": 0}, "linkedin": {"shares": 0}, "facebook": {"likes": 0, "shares": 0, "comments": 0}, "stumbledupon": {"shares": 0}}, "site_full": "www.tripadvisor.com", "main_image": "https://media-cdn.tripadvisor.com/media/photo-s/07/ed/09/fc/les-bains.jpg", "site_section": "https://www.tripadvisor.com/Hotel_Review-g187147-d7740508-Reviews-Les_Bains-Paris_Ile_de_France.html", "section_title": "Les Bains - UPDATED 2017 Hotel Reviews &amp; Price Comparison (Paris, France) - TripAdvisor", "url": "https://www.tripadvisor.com/ShowUserReviews-g187147-d7740508-r470308149-Les_Bains-Paris_Ile_de_France.html", "country": "US", "domain_rank": 189, "title": "Great history, horrendous service", "performance_score": 0, "site": "tripadvisor.com", "participants_count": 1, "title_full": "Great history, horrendous service - Review of Les Bains, Paris, France - TripAdvisor", "spam_score": 0.217, "site_type": "discussions", "published": "2017-03-26T03:00:00.000+03:00", "replies_count": 0, "uuid": "b457ad5ef33422b5795a8b0c6e7243f89c869deb"}, "author": "tylermcd", "url": "https://www.tripadvisor.com/ShowUserReviews-g187147-d7740508-r470308149-Les_Bains-Paris_Ile_de_France.html", "ord_in_thread": 0, "title": "Great history, horrendous service", "locations": [], "entities": {"persons": [], "locations": [], "organizations": []}, "highlightText": "", "language": "english", "persons": [], "text": "No personalized greeting at check in. I had requested an early check-in and wasn't given a room til after 4pm. Just seemed to not want to deal with me when I tried to ask questions. Loud music in the bar/courtyard til 2am that was easily heard in the room.", "external_links": [], "published": "2017-03-26T03:00:00.000+03:00", "crawled": "2017-03-27T23:59:40.418+03:00", "highlightTitle": ""}