{"organizations": [], "uuid": "e95f964ce52c326473e09c114f297523e4e2b546", "thread": {"social": {"gplus": {"shares": 0}, "pinterest": {"shares": 0}, "vk": {"shares": 0}, "linkedin": {"shares": 0}, "facebook": {"likes": 0, "shares": 0, "comments": 0}, "stumbledupon": {"shares": 0}}, "site_full": "www.tripadvisor.com", "main_image": "https://media-cdn.tripadvisor.com/media/photo-s/08/8a/f0/71/lobby-main.jpg", "site_section": "https://www.tripadvisor.com/Hotel_Review-g60763-d99766-Reviews-or40-The_Roosevelt_Hotel-New_York_City_New_York.html", "section_title": "The Roosevelt Hotel - UPDATED 2017 Reviews &amp; Price Comparison (New York City) - TripAdvisor", "url": "https://www.tripadvisor.com/ShowUserReviews-g60763-d99766-r468308004-The_Roosevelt_Hotel-New_York_City_New_York.html", "country": "US", "domain_rank": 189, "title": "Who charges for wifi these days?!", "performance_score": 0, "site": "tripadvisor.com", "participants_count": 1, "title_full": "Who charges for wifi these days?! - Review of The Roosevelt Hotel, New York City, NY - TripAdvisor", "spam_score": 0.0, "site_type": "discussions", "published": "2017-03-18T02:00:00.000+02:00", "replies_count": 0, "uuid": "e95f964ce52c326473e09c114f297523e4e2b546"}, "author": "Robin K", "url": "https://www.tripadvisor.com/ShowUserReviews-g60763-d99766-r468308004-The_Roosevelt_Hotel-New_York_City_New_York.html", "ord_in_thread": 0, "title": "Who charges for wifi these days?!", "locations": [], "entities": {"persons": [], "locations": [], "organizations": []}, "highlightText": "", "language": "english", "persons": [], "text": "Nice location, quite an old hotel but the price reflects the standard of the rooms. Really annoyed about the crazy wifi charges $15/day is too much when you're here for a week. There is an app offering free wifi but it wouldn't work for me and when I asked reception they said there was no free wifi option, and that there was no one who knew about it.", "external_links": [], "published": "2017-03-18T02:00:00.000+02:00", "crawled": "2017-03-31T18:40:50.046+03:00", "highlightTitle": ""}