{"organizations": [], "uuid": "9f4016dc1f63c890a86e9e47a2bf130d1e63d045", "thread": {"social": {"gplus": {"shares": 0}, "pinterest": {"shares": 0}, "vk": {"shares": 0}, "linkedin": {"shares": 0}, "facebook": {"likes": 0, "shares": 0, "comments": 0}, "stumbledupon": {"shares": 0}}, "site_full": "www.tripadvisor.com", "main_image": "https://media-cdn.tripadvisor.com/media/photo-s/0d/e1/39/b0/hotel-exterior.jpg", "site_section": "https://www.tripadvisor.com/Hotel_Review-g60763-d611947-Reviews-or20-New_York_Hilton_Midtown-New_York_City_New_York.html", "section_title": "New York Hilton Midtown - UPDATED 2017 Hotel Reviews &amp; Price Comparison (New York City) - TripAdvisor", "url": "https://www.tripadvisor.com/ShowUserReviews-g60763-d611947-r467966238-New_York_Hilton_Midtown-New_York_City_New_York.html", "country": "US", "domain_rank": 189, "title": "Very bad service hotel with a below average room", "performance_score": 0, "site": "tripadvisor.com", "participants_count": 2, "title_full": "Very bad service hotel with a below average room - Review of New York Hilton Midtown, New York City, NY - TripAdvisor", "spam_score": 0.002, "site_type": "discussions", "published": "2017-03-16T02:00:00.000+02:00", "replies_count": 1, "uuid": "9f4016dc1f63c890a86e9e47a2bf130d1e63d045"}, "author": "Fajhan", "url": "https://www.tripadvisor.com/ShowUserReviews-g60763-d611947-r467966238-New_York_Hilton_Midtown-New_York_City_New_York.html", "ord_in_thread": 0, "title": "Very bad service hotel with a below average room", "locations": [], "entities": {"persons": [], "locations": [], "organizations": []}, "highlightText": "", "language": "english", "persons": [], "text": "We had a business event and our group choose to stay in this hotel. I was choked that with the high price we paid (around 350 a night) we ended up with a outdated below average room, very bad service from the reception and the concierge personal. I don't recommend to stay there and it is not worth spending your money there.", "external_links": [], "published": "2017-03-16T02:00:00.000+02:00", "crawled": "2017-03-30T17:52:15.649+03:00", "highlightTitle": ""}