{"organizations": [], "uuid": "3a0cb7578faa510ad0eb3c8710752a2f481b5f6f", "thread": {"social": {"gplus": {"shares": 0}, "pinterest": {"shares": 0}, "vk": {"shares": 0}, "linkedin": {"shares": 0}, "facebook": {"likes": 0, "shares": 0, "comments": 0}, "stumbledupon": {"shares": 0}}, "site_full": "www.tripadvisor.com", "main_image": "https://media-cdn.tripadvisor.com/media/photo-s/0a/f7/ca/e4/suite.jpg", "site_section": "https://www.tripadvisor.com/Hotel_Review-g187147-d305850-Reviews-Hotel_de_Sers-Paris_Ile_de_France.html", "section_title": "Hotel de Sers - UPDATED 2017 Reviews &amp; Price Comparison (Paris, France) - TripAdvisor", "url": "https://www.tripadvisor.com/ShowUserReviews-g187147-d305850-r471228835-Hotel_de_Sers-Paris_Ile_de_France.html", "country": "US", "domain_rank": 189, "title": "Terrible Service", "performance_score": 0, "site": "tripadvisor.com", "participants_count": 1, "title_full": "Terrible Service - Review of Hotel de Sers, Paris, France - TripAdvisor", "spam_score": 0.0, "site_type": "discussions", "published": "2017-03-29T03:00:00.000+03:00", "replies_count": 0, "uuid": "3a0cb7578faa510ad0eb3c8710752a2f481b5f6f"}, "author": "alwaysontheroad2017", "url": "https://www.tripadvisor.com/ShowUserReviews-g187147-d305850-r471228835-Hotel_de_Sers-Paris_Ile_de_France.html", "ord_in_thread": 0, "title": "Terrible Service", "locations": [], "entities": {"persons": [], "locations": [], "organizations": []}, "highlightText": "", "language": "english", "persons": [], "text": "I stayed at the hotel for 8 days, during that time my partner was screamed at in the restaraunt while employees watched. An employee of my company was physically harassed in the elevator at night buy their night security manager. I'm SHOCKED by the level of unprofessionalism i experienced.", "external_links": [], "published": "2017-03-29T03:00:00.000+03:00", "crawled": "2017-03-30T22:27:37.950+03:00", "highlightTitle": ""}