{"organizations": [], "uuid": "a89695ed985c488e66254ef77ba7cd4e7a3de5cb", "thread": {"social": {"gplus": {"shares": 0}, "pinterest": {"shares": 0}, "vk": {"shares": 0}, "linkedin": {"shares": 0}, "facebook": {"likes": 0, "shares": 0, "comments": 0}, "stumbledupon": {"shares": 0}}, "site_full": "www.tripadvisor.com", "main_image": "https://media-cdn.tripadvisor.com/media/photo-s/06/4b/3d/ec/executive-park-view-king.jpg", "site_section": "https://www.tripadvisor.com/Hotel_Review-g60763-d93579-Reviews-or10-Park_Lane_Hotel-New_York_City_New_York.html", "section_title": "Park Lane Hotel - UPDATED 2017 Reviews &amp; Price Comparison (New York City) - TripAdvisor", "url": "https://www.tripadvisor.com/ShowUserReviews-g60763-d93579-r469826777-Park_Lane_Hotel-New_York_City_New_York.html", "country": "US", "domain_rank": 189, "title": "Dissapointing experience, deteriorating standards, zero service attitude.", "performance_score": 0, "site": "tripadvisor.com", "participants_count": 2, "title_full": "Dissapointing experience, deteriorating standards, zero service attitude. - Review of Park Lane Hotel, New York City, NY - TripAdvisor", "spam_score": 0.0, "site_type": "discussions", "published": "2017-03-24T03:00:00.000+03:00", "replies_count": 1, "uuid": "a89695ed985c488e66254ef77ba7cd4e7a3de5cb"}, "author": "557btl", "url": "https://www.tripadvisor.com/ShowUserReviews-g60763-d93579-r469826777-Park_Lane_Hotel-New_York_City_New_York.html", "ord_in_thread": 0, "title": "Dissapointing experience, deteriorating standards, zero service attitude.", "locations": [], "entities": {"persons": [], "locations": [], "organizations": []}, "highlightText": "", "language": "english", "persons": [], "text": "Rooms fair but worn. Unable to get A/C working. The so called Hospitality Reception is totally overcrowded, and not enough seating space for all guests. Staff seems de-motivated and uninterested (with a couple of exception). Deteriorating standards compared with previous visits, and seems to be worse every time I visit. Clearly lack of proper hotel management.\nRoom Tip: Park views are nice See more room tips", "external_links": [], "published": "2017-03-24T03:00:00.000+03:00", "crawled": "2017-03-31T20:05:29.633+03:00", "highlightTitle": ""}