{"organizations": [], "uuid": "88547137407c9bb1cb1e3bad4b9d1e668d4df7a2", "thread": {"social": {"gplus": {"shares": 0}, "pinterest": {"shares": 0}, "vk": {"shares": 0}, "linkedin": {"shares": 0}, "facebook": {"likes": 0, "shares": 0, "comments": 0}, "stumbledupon": {"shares": 0}}, "site_full": "www.tripadvisor.com", "main_image": "https://media-cdn.tripadvisor.com/media/photo-s/0c/7d/34/1c/room2.jpg", "site_section": "https://www.tripadvisor.com/Hotel_Review-g187147-d228734-Reviews-Timhotel_Nation-Paris_Ile_de_France.html", "section_title": "Timhotel Nation - UPDATED 2017 Hotel Reviews &amp; Price Comparison (Paris, France) - TripAdvisor", "url": "https://www.tripadvisor.com/ShowUserReviews-g187147-d228734-r470744542-Timhotel_Nation-Paris_Ile_de_France.html", "country": "US", "domain_rank": 189, "title": "Paris weekend", "performance_score": 0, "site": "tripadvisor.com", "participants_count": 1, "title_full": "Paris weekend - Review of Timhotel Nation, Paris, France - TripAdvisor", "spam_score": 0.018, "site_type": "discussions", "published": "2017-03-27T03:00:00.000+03:00", "replies_count": 0, "uuid": "88547137407c9bb1cb1e3bad4b9d1e668d4df7a2"}, "author": "hilarysmith35", "url": "https://www.tripadvisor.com/ShowUserReviews-g187147-d228734-r470744542-Timhotel_Nation-Paris_Ile_de_France.html", "ord_in_thread": 0, "title": "Paris weekend", "locations": [], "entities": {"persons": [], "locations": [], "organizations": []}, "highlightText": "", "language": "english", "persons": [], "text": "Shabby hotel has seen better days. Tea and coffee was non existent ( didn't top up after first day), room tiny, towels tiny, no security on wifi, keycard didn't work so locked out of room twice. Quite cheap so get what you pay for.", "external_links": [], "published": "2017-03-27T03:00:00.000+03:00", "crawled": "2017-03-30T04:30:12.382+03:00", "highlightTitle": ""}