{"organizations": [], "uuid": "5654c44d8a3aaaca96468b54c45731e106ffc7d3", "thread": {"social": {"gplus": {"shares": 0}, "pinterest": {"shares": 0}, "vk": {"shares": 0}, "linkedin": {"shares": 0}, "facebook": {"likes": 0, "shares": 0, "comments": 0}, "stumbledupon": {"shares": 0}}, "site_full": "www.tripadvisor.com", "main_image": "https://media-cdn.tripadvisor.com/media/photo-s/0e/bd/35/b3/studio-suite.jpg", "site_section": "https://www.tripadvisor.com/Hotel_Review-g186338-d192033-Reviews-Radisson_Blu_Edwardian_Hampshire_Hotel-London_England.html", "section_title": "Radisson Blu Edwardian Hampshire Hotel - UPDATED 2017 Reviews &amp; Price Comparison (London, England) - TripAdvisor", "url": "https://www.tripadvisor.com/ShowUserReviews-g186338-d192033-r470482041-Radisson_Blu_Edwardian_Hampshire_Hotel-London_England.html", "country": "US", "domain_rank": 189, "title": "No Value for Money here!", "performance_score": 0, "site": "tripadvisor.com", "participants_count": 2, "title_full": "No Value for Money here! - Review of Radisson Blu Edwardian Hampshire Hotel, London, England - TripAdvisor", "spam_score": 0.0, "site_type": "discussions", "published": "2017-03-27T03:00:00.000+03:00", "replies_count": 1, "uuid": "5654c44d8a3aaaca96468b54c45731e106ffc7d3"}, "author": "Bigboy1959", "url": "https://www.tripadvisor.com/ShowUserReviews-g186338-d192033-r470482041-Radisson_Blu_Edwardian_Hampshire_Hotel-London_England.html", "ord_in_thread": 0, "title": "No Value for Money here!", "locations": [], "entities": {"persons": [], "locations": [], "organizations": []}, "highlightText": "", "language": "english", "persons": [], "text": "Not a five star property!\nPoor value compared to Sheraton or Intercontinental hotels nearby.\nNoisey street hotel.\nDull and drab interior.\nConstruction work from 6am on the building.\nHotel should be closed during reformations!\nAtmosphere totally lacking in the bar area.\nBreakfast ok but not 5* no quality / finness\nReception have limited authority to resolve complaints effectively.\nRequested a quiet room when reserving and was allocated a 1st floor room above reception, immediately opposite elevators!!\nReally\nFamily room at £485/night - a joke!", "external_links": [], "published": "2017-03-27T03:00:00.000+03:00", "crawled": "2017-03-31T18:17:04.372+03:00", "highlightTitle": ""}