{"organizations": [], "uuid": "feeab9c1c138b379970dc1b67610b9a8180c6fac", "thread": {"social": {"gplus": {"shares": 0}, "pinterest": {"shares": 0}, "vk": {"shares": 0}, "linkedin": {"shares": 0}, "facebook": {"likes": 0, "shares": 0, "comments": 0}, "stumbledupon": {"shares": 0}}, "site_full": "www.tripadvisor.com", "main_image": "https://media-cdn.tripadvisor.com/media/photo-s/0a/ac/68/1a/chambre.jpg", "site_section": "https://www.tripadvisor.com/Hotel_Review-g187147-d228835-Reviews-Hotel_Madeleine_Plaza-Paris_Ile_de_France.html", "section_title": "Hotel Madeleine Plaza - UPDATED 2017 Reviews &amp; Price Comparison (Paris, France) - TripAdvisor", "url": "https://www.tripadvisor.com/ShowUserReviews-g187147-d228835-r470159369-Hotel_Madeleine_Plaza-Paris_Ile_de_France.html", "country": "US", "domain_rank": 189, "title": "Would rather lock guests outside than pay for more staff", "performance_score": 0, "site": "tripadvisor.com", "participants_count": 2, "title_full": "Would rather lock guests outside than pay for more staff - Review of Hotel Madeleine Plaza, Paris, France - TripAdvisor", "spam_score": 0.0, "site_type": "discussions", "published": "2017-03-25T03:00:00.000+03:00", "replies_count": 1, "uuid": "feeab9c1c138b379970dc1b67610b9a8180c6fac"}, "author": "nielpio", "url": "https://www.tripadvisor.com/ShowUserReviews-g187147-d228835-r470159369-Hotel_Madeleine_Plaza-Paris_Ile_de_France.html", "ord_in_thread": 0, "title": "Would rather lock guests outside than pay for more staff", "locations": [], "entities": {"persons": [], "locations": [], "organizations": []}, "highlightText": "", "language": "english", "persons": [], "text": "Just got back into our hotel after waiting outside in the cold for about 7 min at 11:15pm (23:15), other guests also gathered with us standing outside hoping someone would have the courtesy to let their paying guests in. Then when he clerk finally came, offered no apologies and acted like this was acceptable at a 4 star hotel. To add insult to injury he started to argue with me about the length of time he was absent from the desk. Completely unacceptable. Avoid this hotel if if you want to go out after sunset.", "external_links": [], "published": "2017-03-25T03:00:00.000+03:00", "crawled": "2017-03-30T06:39:50.457+03:00", "highlightTitle": ""}