{"organizations": [], "uuid": "d26d947320389eef15236dc67d4bc96b9e5b6709", "thread": {"social": {"gplus": {"shares": 0}, "pinterest": {"shares": 0}, "vk": {"shares": 0}, "linkedin": {"shares": 0}, "facebook": {"likes": 0, "shares": 0, "comments": 0}, "stumbledupon": {"shares": 0}}, "site_full": "www.tripadvisor.com", "main_image": "https://media-cdn.tripadvisor.com/media/photo-s/0a/e7/94/f6/club-room.jpg", "site_section": "https://www.tripadvisor.com/Hotel_Review-g60763-d4451787-Reviews-Club_Quarters_Hotel_Grand_Central-New_York_City_New_York.html", "section_title": "Club Quarters Hotel, Grand Central - UPDATED 2017 Reviews &amp; Price Comparison (New York City) - TripAdvisor", "url": "https://www.tripadvisor.com/ShowUserReviews-g60763-d4451787-r468820683-Club_Quarters_Hotel_Grand_Central-New_York_City_New_York.html", "country": "US", "domain_rank": 189, "title": "Lost checked bags", "performance_score": 0, "site": "tripadvisor.com", "participants_count": 2, "title_full": "Lost checked bags - Review of Club Quarters Hotel, Grand Central, New York City, NY - TripAdvisor", "spam_score": 0.004, "site_type": "discussions", "published": "2017-03-20T02:00:00.000+02:00", "replies_count": 1, "uuid": "d26d947320389eef15236dc67d4bc96b9e5b6709"}, "author": "Karsten G", "url": "https://www.tripadvisor.com/ShowUserReviews-g60763-d4451787-r468820683-Club_Quarters_Hotel_Grand_Central-New_York_City_New_York.html", "ord_in_thread": 0, "title": "Lost checked bags", "locations": [], "entities": {"persons": [], "locations": [], "organizations": []}, "highlightText": "", "language": "english", "persons": [], "text": "After check-out, I gave my bags to the hotel to hold for a few hours. Upon return, staff were unable to find them. I insisted to help with the search, and we went from room to room. Finally, we found my bags not in a storage facility, but in some guest room (not mine). What were my belongings doing in someone else's room? How did they get there?", "external_links": [], "published": "2017-03-20T02:00:00.000+02:00", "crawled": "2017-03-29T05:08:38.283+03:00", "highlightTitle": ""}