{"organizations": [], "uuid": "d46fa2ab0e9d54e17ec4651a17cdf88399c107fb", "thread": {"social": {"gplus": {"shares": 0}, "pinterest": {"shares": 0}, "vk": {"shares": 0}, "linkedin": {"shares": 0}, "facebook": {"likes": 0, "shares": 0, "comments": 0}, "stumbledupon": {"shares": 0}}, "site_full": "www.tripadvisor.com", "main_image": "https://media-cdn.tripadvisor.com/media/photo-s/01/d4/ba/08/breakfast-room.jpg", "site_section": "https://www.tripadvisor.com/Hotel_Review-g187147-d229532-Reviews-Duminy_Vendome-Paris_Ile_de_France.html", "section_title": "Duminy Vendome - UPDATED 2017 Hotel Reviews &amp; Price Comparison (Paris, France) - TripAdvisor", "url": "https://www.tripadvisor.com/ShowUserReviews-g187147-d229532-r467196849-Duminy_Vendome-Paris_Ile_de_France.html", "country": "US", "domain_rank": 189, "title": "One night: business trip", "performance_score": 0, "site": "tripadvisor.com", "participants_count": 2, "title_full": "One night: business trip - Review of Duminy Vendome, Paris, France - TripAdvisor", "spam_score": 0.0, "site_type": "discussions", "published": "2017-03-14T02:00:00.000+02:00", "replies_count": 1, "uuid": "d46fa2ab0e9d54e17ec4651a17cdf88399c107fb"}, "author": "Lluisfs", "url": "https://www.tripadvisor.com/ShowUserReviews-g187147-d229532-r467196849-Duminy_Vendome-Paris_Ile_de_France.html", "ord_in_thread": 0, "title": "One night: business trip", "locations": [], "entities": {"persons": [], "locations": [], "organizations": []}, "highlightText": "", "language": "english", "persons": [], "text": "I choose the hotel because of the location, very close to my business meeting place. In fact the hotel is very well located in a quiet street, people from reception was very professional and the room was normal. The problem was the noise at night. I was at room 511 and in the building in front of the office there was a party which ended not before 2:00 at night. It was terrible. I informed front desk and I think that they could do more in terms of coordinating the situation.", "external_links": [], "published": "2017-03-14T02:00:00.000+02:00", "crawled": "2017-03-27T12:45:03.827+03:00", "highlightTitle": ""}