{"organizations": [], "uuid": "f6d8712136ad0a0ee5319e09650895c131e8d1f1", "thread": {"social": {"gplus": {"shares": 0}, "pinterest": {"shares": 0}, "vk": {"shares": 0}, "linkedin": {"shares": 0}, "facebook": {"likes": 0, "shares": 0, "comments": 0}, "stumbledupon": {"shares": 0}}, "site_full": "www.tripadvisor.com", "main_image": "https://media-cdn.tripadvisor.com/media/photo-s/0e/c0/83/7c/exterior.jpg", "site_section": "https://www.tripadvisor.com/Hotel_Review-g187147-d653824-Reviews-Mercure_Paris_Terminus_Nord-Paris_Ile_de_France.html", "section_title": "Mercure Paris Terminus Nord - UPDATED 2017 Hotel Reviews &amp; Price Comparison (France) - TripAdvisor", "url": "https://www.tripadvisor.com/ShowUserReviews-g187147-d653824-r468034468-Mercure_Paris_Terminus_Nord-Paris_Ile_de_France.html", "country": "US", "domain_rank": 189, "title": "Only location is an asset", "performance_score": 0, "site": "tripadvisor.com", "participants_count": 1, "title_full": "Only location is an asset - Review of Mercure Paris Terminus Nord, Paris, France - TripAdvisor", "spam_score": 0.063, "site_type": "discussions", "published": "2017-03-17T02:00:00.000+02:00", "replies_count": 0, "uuid": "f6d8712136ad0a0ee5319e09650895c131e8d1f1"}, "author": "Peter v", "url": "https://www.tripadvisor.com/ShowUserReviews-g187147-d653824-r468034468-Mercure_Paris_Terminus_Nord-Paris_Ile_de_France.html", "ord_in_thread": 0, "title": "Only location is an asset", "locations": [], "entities": {"persons": [], "locations": [], "organizations": []}, "highlightText": "", "language": "english", "persons": [], "text": "The hotel is old with very small rooms. Bad quality/price. I am a frequent visitor of Accor hotels, but this hotel is not worth the visit. Too expensive and completely outdated. After three bad expereinces I will not come here again.", "external_links": [], "published": "2017-03-17T02:00:00.000+02:00", "crawled": "2017-03-27T05:15:58.483+03:00", "highlightTitle": ""}