{"organizations": [], "uuid": "38c9989ab92d0776f0ec6a2680825f6a2a7e537f", "thread": {"social": {"gplus": {"shares": 0}, "pinterest": {"shares": 0}, "vk": {"shares": 0}, "linkedin": {"shares": 0}, "facebook": {"likes": 0, "shares": 0, "comments": 0}, "stumbledupon": {"shares": 0}}, "site_full": "www.tripadvisor.com", "main_image": "https://media-cdn.tripadvisor.com/media/photo-s/0e/c0/9b/9c/exterior.jpg", "site_section": "https://www.tripadvisor.com/Hotel_Review-g187147-d233797-Reviews-Mercure_Paris_Opera_Lafayette-Paris_Ile_de_France.html", "section_title": "Mercure Paris Opera Lafayette - UPDATED 2017 Hotel Reviews &amp; Price Comparison (France) - TripAdvisor", "url": "https://www.tripadvisor.com/ShowUserReviews-g187147-d233797-r463787642-Mercure_Paris_Opera_Lafayette-Paris_Ile_de_France.html", "country": "US", "domain_rank": 189, "title": "Very poor conditions", "performance_score": 0, "site": "tripadvisor.com", "participants_count": 1, "title_full": "Very poor conditions - Review of Mercure Paris Opera Lafayette, Paris, France - TripAdvisor", "spam_score": 0.461, "site_type": "discussions", "published": "2017-03-01T02:00:00.000+02:00", "replies_count": 0, "uuid": "38c9989ab92d0776f0ec6a2680825f6a2a7e537f"}, "author": "franczakj", "url": "https://www.tripadvisor.com/ShowUserReviews-g187147-d233797-r463787642-Mercure_Paris_Opera_Lafayette-Paris_Ile_de_France.html", "ord_in_thread": 0, "title": "Very poor conditions", "locations": [], "entities": {"persons": [], "locations": [], "organizations": []}, "highlightText": "", "language": "english", "persons": [], "text": "The place isn't value for money even for Paris standards. The bedding smelled of mould, the room was awfully small, noise in the bathroom woke us up- it sounded like a rat in the pipes. And the worse of all - we asked for an iron and we were told that theu do not have any anywhere in the hotel, which i find shocking!", "external_links": [], "published": "2017-03-01T02:00:00.000+02:00", "crawled": "2017-03-29T13:47:03.364+03:00", "highlightTitle": ""}