{"organizations": [], "uuid": "5f78ff36a34254e04dd8749691eda16bc1266d3c", "thread": {"social": {"gplus": {"shares": 0}, "pinterest": {"shares": 0}, "vk": {"shares": 0}, "linkedin": {"shares": 0}, "facebook": {"likes": 0, "shares": 0, "comments": 0}, "stumbledupon": {"shares": 0}}, "site_full": "www.tripadvisor.com", "main_image": "https://media-cdn.tripadvisor.com/media/photo-s/07/07/de/35/hudson-hotel-new-york.jpg", "site_section": "https://www.tripadvisor.com/Hotel_Review-g60763-d223023-Reviews-or40-Hudson_Hotel_New_York-New_York_City_New_York.html", "section_title": "Hudson Hotel New York - UPDATED 2017 Reviews &amp; Price Comparison (New York City) - TripAdvisor", "url": "https://www.tripadvisor.com/ShowUserReviews-g60763-d223023-r467045515-Hudson_Hotel_New_York-New_York_City_New_York.html", "country": "US", "domain_rank": 189, "title": "Smallest room I've ever seen", "performance_score": 0, "site": "tripadvisor.com", "participants_count": 2, "title_full": "Smallest room I've ever seen - Review of Hudson Hotel New York, New York City, NY - TripAdvisor", "spam_score": 0.0, "site_type": "discussions", "published": "2017-03-13T02:00:00.000+02:00", "replies_count": 1, "uuid": "5f78ff36a34254e04dd8749691eda16bc1266d3c"}, "author": "Jossister", "url": "https://www.tripadvisor.com/ShowUserReviews-g60763-d223023-r467045515-Hudson_Hotel_New_York-New_York_City_New_York.html", "ord_in_thread": 0, "title": "Smallest room I've ever seen", "locations": [], "entities": {"persons": [], "locations": [], "organizations": []}, "highlightText": "", "language": "english", "persons": [], "text": "Small room, bizarre layout (the shower wall is a glass window looking into bedroom), room credit was misleading, first room was rejected because of flooding after toilet was flushed, location was convenient for end of NYC marathon.", "external_links": [], "published": "2017-03-13T02:00:00.000+02:00", "crawled": "2017-03-30T01:53:00.632+03:00", "highlightTitle": ""}