{"organizations": [], "uuid": "ebe9cb975a6429984ce1f9ddfb5111a05a0c1c3d", "thread": {"social": {"gplus": {"shares": 0}, "pinterest": {"shares": 0}, "vk": {"shares": 0}, "linkedin": {"shares": 0}, "facebook": {"likes": 0, "shares": 0, "comments": 0}, "stumbledupon": {"shares": 0}}, "site_full": "www.tripadvisor.com", "main_image": "https://media-cdn.tripadvisor.com/media/photo-s/0e/9d/6a/ea/marriott-vacation-club.jpg", "site_section": "https://www.tripadvisor.com/Hotel_Review-g60763-d1186070-Reviews-Marriott_Vacation_Club_Pulse_New_York_City-New_York_City_New_York.html", "section_title": "Marriott Vacation Club Pulse, New York City - UPDATED 2017 Hotel Reviews &amp; Price Comparison - TripAdvisor", "url": "https://www.tripadvisor.com/ShowUserReviews-g60763-d1186070-r469651342-Marriott_Vacation_Club_Pulse_New_York_City-New_York_City_New_York.html", "country": "US", "domain_rank": 189, "title": "Under Construction", "performance_score": 0, "site": "tripadvisor.com", "participants_count": 2, "title_full": "Under Construction - Review of Marriott Vacation Club Pulse, New York City, New York City, NY - TripAdvisor", "spam_score": 0.0, "site_type": "discussions", "published": "2017-03-23T02:00:00.000+02:00", "replies_count": 1, "uuid": "ebe9cb975a6429984ce1f9ddfb5111a05a0c1c3d"}, "author": "Kirk H", "url": "https://www.tripadvisor.com/ShowUserReviews-g60763-d1186070-r469651342-Marriott_Vacation_Club_Pulse_New_York_City-New_York_City_New_York.html", "ord_in_thread": 0, "title": "Under Construction", "locations": [], "entities": {"persons": [], "locations": [], "organizations": []}, "highlightText": "", "language": "english", "persons": [], "text": "The hotel is undergoing major reconstruction so there is noise, paint fumes, and rude workers controlling the elevators all day long. We had a newly renovated room with lights you can't control and furniture you will trip over. All this while paying top dollar prices for a broom closet experience. Avoid this place!!", "external_links": [], "published": "2017-03-23T02:00:00.000+02:00", "crawled": "2017-03-31T21:34:44.639+03:00", "highlightTitle": ""}