{"organizations": [], "uuid": "b03230af1ac507d0d6b0663ad1b6079a352dc7d2", "thread": {"social": {"gplus": {"shares": 0}, "pinterest": {"shares": 0}, "vk": {"shares": 0}, "linkedin": {"shares": 0}, "facebook": {"likes": 0, "shares": 0, "comments": 0}, "stumbledupon": {"shares": 0}}, "site_full": "www.tripadvisor.com", "main_image": "https://media-cdn.tripadvisor.com/media/photo-s/01/3e/27/c3/caption.jpg", "site_section": "https://www.tripadvisor.com/Hotel_Review-g187147-d198100-Reviews-BEST_WESTERN_Gaillon_Opera-Paris_Ile_de_France.html", "section_title": "BEST WESTERN Gaillon Opera - UPDATED 2017 Hotel Reviews &amp; Price Comparison (Paris, France) - TripAdvisor", "url": "https://www.tripadvisor.com/ShowUserReviews-g187147-d198100-r464656644-BEST_WESTERN_Gaillon_Opera-Paris_Ile_de_France.html", "country": "US", "domain_rank": 189, "title": "book it without breakfast", "performance_score": 0, "site": "tripadvisor.com", "participants_count": 1, "title_full": "book it without breakfast - Review of BEST WESTERN Gaillon Opera, Paris, France - TripAdvisor", "spam_score": 0.0, "site_type": "discussions", "published": "2017-03-04T02:00:00.000+02:00", "replies_count": 0, "uuid": "b03230af1ac507d0d6b0663ad1b6079a352dc7d2"}, "author": "soloeast", "url": "https://www.tripadvisor.com/ShowUserReviews-g187147-d198100-r464656644-BEST_WESTERN_Gaillon_Opera-Paris_Ile_de_France.html", "ord_in_thread": 0, "title": "book it without breakfast", "locations": [], "entities": {"persons": [], "locations": [], "organizations": []}, "highlightText": "", "language": "english", "persons": [], "text": "The breakfast is not worthy of 13 euros. Should get a rate without breakfast. Every hotel in Paris is good location. The receptionist are polite. Room quality is practical. Beware of the altitude of one housekeeper. She is absolutely a Buzz Killer.", "external_links": [], "published": "2017-03-04T02:00:00.000+02:00", "crawled": "2017-03-27T04:54:26.165+03:00", "highlightTitle": ""}