{"organizations": [], "uuid": "ec524cd4398c3935b980d5e1cf7218f9f0403925", "thread": {"social": {"gplus": {"shares": 0}, "pinterest": {"shares": 0}, "vk": {"shares": 0}, "linkedin": {"shares": 0}, "facebook": {"likes": 0, "shares": 0, "comments": 0}, "stumbledupon": {"shares": 0}}, "site_full": "www.tripadvisor.com", "main_image": "https://media-cdn.tripadvisor.com/media/photo-s/03/b3/d9/1a/hotel-les-jardins-de.jpg", "site_section": "https://www.tripadvisor.com/Hotel_Review-g187147-d197572-Reviews-Hotel_Les_Jardins_de_Montmartre-Paris_Ile_de_France.html", "section_title": "Hotel Les Jardins de Montmartre - UPDATED 2017 Reviews &amp; Price Comparison (Paris, France) - TripAdvisor", "url": "https://www.tripadvisor.com/ShowUserReviews-g187147-d197572-r460411325-Hotel_Les_Jardins_de_Montmartre-Paris_Ile_de_France.html", "country": "US", "domain_rank": 189, "title": "mediocre", "performance_score": 0, "site": "tripadvisor.com", "participants_count": 2, "title_full": "mediocre - Review of Hotel Les Jardins de Montmartre, Paris, France - TripAdvisor", "spam_score": 0.234, "site_type": "discussions", "published": "2017-02-27T02:00:00.000+02:00", "replies_count": 1, "uuid": "ec524cd4398c3935b980d5e1cf7218f9f0403925"}, "author": "DSBURNS", "url": "https://www.tripadvisor.com/ShowUserReviews-g187147-d197572-r460411325-Hotel_Les_Jardins_de_Montmartre-Paris_Ile_de_France.html", "ord_in_thread": 0, "title": "mediocre", "locations": [], "entities": {"persons": [], "locations": [], "organizations": []}, "highlightText": "", "language": "english", "persons": [], "text": "Ok on the good side the room was clean and nice. But the rest of the place looks like a hostel and the area is very offbeat urban. Not pleasant. Someone possibly needs to show the male manager on duty that his jokes are also uncomfortable and inappropriate. He joked that i was with not my usual women? in front of my girlfriend? On valentines day? really??", "external_links": [], "published": "2017-02-27T02:00:00.000+02:00", "crawled": "2017-03-28T11:43:22.886+03:00", "highlightTitle": ""}