{"organizations": [], "uuid": "f164579e3174e02ee4ef61c47db36e51d08bd8f9", "thread": {"social": {"gplus": {"shares": 0}, "pinterest": {"shares": 0}, "vk": {"shares": 0}, "linkedin": {"shares": 0}, "facebook": {"likes": 0, "shares": 0, "comments": 0}, "stumbledupon": {"shares": 0}}, "site_full": "www.tripadvisor.com", "main_image": "https://media-cdn.tripadvisor.com/media/photo-s/0b/48/b0/f4/royal-park-hotel-room.jpg", "site_section": "https://www.tripadvisor.com/Hotel_Review-g60763-d1155229-Reviews-Royal_Park_Hotel-New_York_City_New_York.html", "section_title": "Royal Park Hotel - UPDATED 2017 Reviews &amp; Price Comparison (New York City) - TripAdvisor", "url": "https://www.tripadvisor.com/ShowUserReviews-g60763-d1155229-r465194703-Royal_Park_Hotel-New_York_City_New_York.html", "country": "US", "domain_rank": 189, "title": "Dirty, Scary, but great location", "performance_score": 0, "site": "tripadvisor.com", "participants_count": 2, "title_full": "Dirty, Scary, but great location - Review of Royal Park Hotel, New York City, NY - TripAdvisor", "spam_score": 0.0, "site_type": "discussions", "published": "2017-03-06T02:00:00.000+02:00", "replies_count": 1, "uuid": "f164579e3174e02ee4ef61c47db36e51d08bd8f9"}, "author": "LaylT", "url": "https://www.tripadvisor.com/ShowUserReviews-g60763-d1155229-r465194703-Royal_Park_Hotel-New_York_City_New_York.html", "ord_in_thread": 0, "title": "Dirty, Scary, but great location", "locations": [], "entities": {"persons": [], "locations": [], "organizations": []}, "highlightText": "", "language": "english", "persons": [], "text": "Right next to the train station but reeked of marijuana, scary because of so many random people and you never know what's around you, scary people, I got bit twice on my face after waking up. You do share the bathroom with everyone else on the floor but you have your own room and sink in your room. Oh, only 2 outlets worked and there is the tv, fridge (don't forget to plug it in yourself), your chargers, heater, microwave, more than 2 outlets worth. Not many channels. Not for long stays. Heater made a LOT of scary noises.", "external_links": [], "published": "2017-03-06T02:00:00.000+02:00", "crawled": "2017-03-29T06:11:46.836+03:00", "highlightTitle": ""}