{"organizations": [], "uuid": "293471747b16fc0f8fc64dc2f77bb81c547493c4", "thread": {"social": {"gplus": {"shares": 0}, "pinterest": {"shares": 0}, "vk": {"shares": 0}, "linkedin": {"shares": 0}, "facebook": {"likes": 0, "shares": 0, "comments": 0}, "stumbledupon": {"shares": 0}}, "site_full": "www.tripadvisor.com", "main_image": "https://media-cdn.tripadvisor.com/media/photo-s/06/4b/3d/ec/executive-park-view-king.jpg", "site_section": "https://www.tripadvisor.com/Hotel_Review-g60763-d93579-Reviews-or10-Park_Lane_Hotel-New_York_City_New_York.html", "section_title": "Park Lane Hotel - UPDATED 2017 Reviews &amp; Price Comparison (New York City) - TripAdvisor", "url": "https://www.tripadvisor.com/ShowUserReviews-g60763-d93579-r469708785-Park_Lane_Hotel-New_York_City_New_York.html", "country": "US", "domain_rank": 189, "title": "More of a dump every trip", "performance_score": 0, "site": "tripadvisor.com", "participants_count": 2, "title_full": "More of a dump every trip - Review of Park Lane Hotel, New York City, NY - TripAdvisor", "spam_score": 0.0, "site_type": "discussions", "published": "2017-03-23T02:00:00.000+02:00", "replies_count": 1, "uuid": "293471747b16fc0f8fc64dc2f77bb81c547493c4"}, "author": "rstde", "url": "https://www.tripadvisor.com/ShowUserReviews-g60763-d93579-r469708785-Park_Lane_Hotel-New_York_City_New_York.html", "ord_in_thread": 0, "title": "More of a dump every trip", "locations": [], "entities": {"persons": [], "locations": [], "organizations": []}, "highlightText": "", "language": "english", "persons": [], "text": "I have stayed here many times and each time it's worse. I was told that the hotel will be closed, sold, renovated, converted, who knows. It certainly isn't maintained. So if you can get a cheap last minute room maybe it's OK. But don't pay a lot because it's just not worth it. My room this time has noisy heat, and a stained bath. It's my last visit.", "external_links": ["https://static.tacdn.com/img2/x.gif"], "published": "2017-03-23T02:00:00.000+02:00", "crawled": "2017-03-31T20:06:15.971+03:00", "highlightTitle": ""}