{"organizations": [], "uuid": "27d9a5b2ad9914aee645ed3f9ef6eb6db461bf94", "thread": {"social": {"gplus": {"shares": 0}, "pinterest": {"shares": 0}, "vk": {"shares": 0}, "linkedin": {"shares": 0}, "facebook": {"likes": 0, "shares": 0, "comments": 0}, "stumbledupon": {"shares": 0}}, "site_full": "www.tripadvisor.com", "main_image": "https://media-cdn.tripadvisor.com/media/photo-s/0e/81/d4/15/hotel-exterior.jpg", "site_section": "https://www.tripadvisor.com/Hotel_Review-g60763-d208453-Reviews-or30-Hilton_Times_Square-New_York_City_New_York.html", "section_title": "Hilton Times Square - UPDATED 2017 Hotel Reviews &amp; Price Comparison (New York City) - TripAdvisor", "url": "https://www.tripadvisor.com/ShowUserReviews-g60763-d208453-r466629359-Hilton_Times_Square-New_York_City_New_York.html", "country": "US", "domain_rank": 189, "title": "Below expectations", "performance_score": 0, "site": "tripadvisor.com", "participants_count": 2, "title_full": "Below expectations - Review of Hilton Times Square, New York City, NY - TripAdvisor", "spam_score": 0.0, "site_type": "discussions", "published": "2017-03-12T02:00:00.000+02:00", "replies_count": 1, "uuid": "27d9a5b2ad9914aee645ed3f9ef6eb6db461bf94"}, "author": "Kevin S", "url": "https://www.tripadvisor.com/ShowUserReviews-g60763-d208453-r466629359-Hilton_Times_Square-New_York_City_New_York.html", "ord_in_thread": 0, "title": "Below expectations", "locations": [], "entities": {"persons": [], "locations": [], "organizations": []}, "highlightText": "", "language": "english", "persons": [], "text": "Housekeeping did the bare minimum. Beds were made and towels replaced but. Bother cleaning. Shower liner was covered with mold. Blood stain on toilet was not cleaned. Floor was not vacuumed. This was the worst housekeeping I have ever seen at a Hilton Hotel", "external_links": [], "published": "2017-03-12T02:00:00.000+02:00", "crawled": "2017-03-29T06:17:46.690+03:00", "highlightTitle": ""}