{"organizations": [], "uuid": "616748dfb80c1bf78aa8df4f095d4678f71f41ed", "thread": {"social": {"gplus": {"shares": 0}, "pinterest": {"shares": 0}, "vk": {"shares": 0}, "linkedin": {"shares": 0}, "facebook": {"likes": 0, "shares": 0, "comments": 0}, "stumbledupon": {"shares": 0}}, "site_full": "www.tripadvisor.com", "main_image": "https://media-cdn.tripadvisor.com/media/photo-s/0d/e3/99/1d/686609-guest-room.jpg", "site_section": "https://www.tripadvisor.com/Hotel_Review-g187791-d232860-Reviews-Hotel_Torino-Rome_Lazio.html", "section_title": "Hotel Torino - UPDATED 2017 Reviews &amp; Price Comparison (Rome, Italy) - TripAdvisor", "url": "https://www.tripadvisor.com/ShowUserReviews-g187791-d232860-r465662325-Hotel_Torino-Rome_Lazio.html", "country": "US", "domain_rank": 189, "title": "Torn expectations", "performance_score": 0, "site": "tripadvisor.com", "participants_count": 2, "title_full": "Torn expectations - Review of Hotel Torino, Rome, Italy - TripAdvisor", "spam_score": 0.001, "site_type": "discussions", "published": "2017-03-08T02:00:00.000+02:00", "replies_count": 1, "uuid": "616748dfb80c1bf78aa8df4f095d4678f71f41ed"}, "author": "Einar R", "url": "https://www.tripadvisor.com/ShowUserReviews-g187791-d232860-r465662325-Hotel_Torino-Rome_Lazio.html", "ord_in_thread": 0, "title": "Torn expectations", "locations": [], "entities": {"persons": [], "locations": [], "organizations": []}, "highlightText": "", "language": "english", "persons": [], "text": "Bed is sagging, sheet is torn, & so is the wallpaper. Not to mention the loose headboard for the bed. Foyer is okay. Hallway a bit dark. Bathroom is the nicest part of the room. Staff seems friendly. Won't stay here again.", "external_links": ["https://static.tacdn.com/img2/x.gif"], "published": "2017-03-08T02:00:00.000+02:00", "crawled": "2017-03-29T14:09:45.050+03:00", "highlightTitle": ""}