{"organizations": [], "uuid": "9ba958a3b49f747b6636c1c944a4c8198a324223", "thread": {"social": {"gplus": {"shares": 0}, "pinterest": {"shares": 0}, "vk": {"shares": 0}, "linkedin": {"shares": 0}, "facebook": {"likes": 0, "shares": 0, "comments": 0}, "stumbledupon": {"shares": 0}}, "site_full": "www.tripadvisor.com", "main_image": "https://media-cdn.tripadvisor.com/media/photo-s/02/84/e1/c1/executive-room-ground.jpg", "site_section": "https://www.tripadvisor.com/Hotel_Review-g187147-d269333-Reviews-Hotel_Therese-Paris_Ile_de_France.html", "section_title": "Hotel Therese - UPDATED 2017 Reviews &amp; Price Comparison (Paris, France) - TripAdvisor", "url": "https://www.tripadvisor.com/ShowUserReviews-g187147-d269333-r467396358-Hotel_Therese-Paris_Ile_de_France.html", "country": "US", "domain_rank": 189, "title": "Avoid this hotel", "performance_score": 0, "site": "tripadvisor.com", "participants_count": 1, "title_full": "Avoid this hotel - Review of Hotel Therese, Paris, France - TripAdvisor", "spam_score": 0.0, "site_type": "discussions", "published": "2017-03-14T02:00:00.000+02:00", "replies_count": 0, "uuid": "9ba958a3b49f747b6636c1c944a4c8198a324223"}, "author": "aprican74", "url": "https://www.tripadvisor.com/ShowUserReviews-g187147-d269333-r467396358-Hotel_Therese-Paris_Ile_de_France.html", "ord_in_thread": 0, "title": "Avoid this hotel", "locations": [], "entities": {"persons": [], "locations": [], "organizations": []}, "highlightText": "", "language": "english", "persons": [], "text": "Location is great... but if you want to have the feeling to share your room with the one aside: welcome! You can hear the occupant of the room in his shower and looking for his clothes...not mentioning the toilets!\nI mentioned that to the reception and told me that it is the first time that someone complaint. The receptionist's attitude was so arrogant (and I am French...).\nJust avoid this hotel if you want to rest and have the feeling to be alone in your room.\nIt is 1.00am and I have just been waken up by my neighboor who is having a bath..\nNot to mention that bathroom was far to be brand new, shower system not convenient... and suspicious carpet.\nIf you still want to try... avoid room 42 at least!", "external_links": [], "published": "2017-03-14T02:00:00.000+02:00", "crawled": "2017-03-27T06:26:14.118+03:00", "highlightTitle": ""}