{"organizations": [], "uuid": "9142f6a0e90b5697391febb3415e66f1a3885361", "thread": {"social": {"gplus": {"shares": 0}, "pinterest": {"shares": 0}, "vk": {"shares": 0}, "linkedin": {"shares": 0}, "facebook": {"likes": 0, "shares": 0, "comments": 0}, "stumbledupon": {"shares": 0}}, "site_full": "www.tripadvisor.com", "main_image": "https://media-cdn.tripadvisor.com/media/photo-s/0e/c5/16/00/double-room.jpg", "site_section": "https://www.tripadvisor.com/Hotel_Review-g186338-d2458180-Reviews-or20-Point_A_Hotel_London_Liverpool_Street-London_England.html", "section_title": "Point A Hotel, London Liverpool Street - UPDATED 2017 Reviews &amp; Price Comparison (England) - TripAdvisor", "url": "https://www.tripadvisor.com/ShowUserReviews-g186338-d2458180-r468786318-Point_A_Hotel_London_Liverpool_Street-London_England.html", "country": "US", "domain_rank": 189, "title": "Poor poor poor", "performance_score": 0, "site": "tripadvisor.com", "participants_count": 1, "title_full": "Poor poor poor - Review of Point A Hotel, London Liverpool Street, London, England - TripAdvisor", "spam_score": 0.027, "site_type": "discussions", "published": "2017-03-20T02:00:00.000+02:00", "replies_count": 0, "uuid": "9142f6a0e90b5697391febb3415e66f1a3885361"}, "author": "robpM8090AE", "url": "https://www.tripadvisor.com/ShowUserReviews-g186338-d2458180-r468786318-Point_A_Hotel_London_Liverpool_Street-London_England.html", "ord_in_thread": 0, "title": "Poor poor poor", "locations": [], "entities": {"persons": [], "locations": [], "organizations": []}, "highlightText": "", "language": "english", "persons": [], "text": "There is nothing good about this hotel I'm afraid. The rooms are so small and smell. The manager was kind enough to help but it is very difficult when there is nothing to offer. 25 minutes to check in was the start of a very bad experience.", "external_links": [], "published": "2017-03-20T02:00:00.000+02:00", "crawled": "2017-03-31T21:24:02.180+03:00", "highlightTitle": ""}