{"organizations": [], "uuid": "bffd8b5c8aa261aad0c167f1c208394aad762d66", "thread": {"social": {"gplus": {"shares": 0}, "pinterest": {"shares": 0}, "vk": {"shares": 0}, "linkedin": {"shares": 0}, "facebook": {"likes": 0, "shares": 0, "comments": 0}, "stumbledupon": {"shares": 0}}, "site_full": "www.tripadvisor.com", "main_image": "https://media-cdn.tripadvisor.com/media/photo-s/05/5c/46/22/exterior.jpg", "site_section": "https://www.tripadvisor.com/Hotel_Review-g186338-d2288957-Reviews-or20-Premier_Inn_London_Stratford_Hotel-London_England.html", "section_title": "Premier Inn London Stratford Hotel - UPDATED 2017 Reviews &amp; Price Comparison (England) - TripAdvisor", "url": "https://www.tripadvisor.com/ShowUserReviews-g186338-d2288957-r465495267-Premier_Inn_London_Stratford_Hotel-London_England.html", "country": "US", "domain_rank": 189, "title": "Freezing hotel rooms", "performance_score": 0, "site": "tripadvisor.com", "participants_count": 2, "title_full": "Freezing hotel rooms - Review of Premier Inn London Stratford Hotel, London, England - TripAdvisor", "spam_score": 0.009, "site_type": "discussions", "published": "2017-03-08T02:00:00.000+02:00", "replies_count": 1, "uuid": "bffd8b5c8aa261aad0c167f1c208394aad762d66"}, "author": "Russell C", "url": "https://www.tripadvisor.com/ShowUserReviews-g186338-d2288957-r465495267-Premier_Inn_London_Stratford_Hotel-London_England.html", "ord_in_thread": 0, "title": "Freezing hotel rooms", "locations": [], "entities": {"persons": [], "locations": [], "organizations": []}, "highlightText": "", "language": "english", "persons": [], "text": "Good location but hotel looking rather worn in places. Major problems with heating in room (see below) which made for a very uncomfortable night.\nHeating did not work in bedroom - even when turned up to the hottest setting was blowing cold air out. I had to sleep in the termals and socks which I had on at the football that evening. Not what you expect to need to do after spending £80 plus on a room.", "external_links": [], "published": "2017-03-08T02:00:00.000+02:00", "crawled": "2017-03-31T22:22:56.697+03:00", "highlightTitle": ""}