{"organizations": [], "uuid": "348313433c7e60321488aafa0e421f81b135ec6a", "thread": {"social": {"gplus": {"shares": 0}, "pinterest": {"shares": 0}, "vk": {"shares": 0}, "linkedin": {"shares": 0}, "facebook": {"likes": 0, "shares": 0, "comments": 0}, "stumbledupon": {"shares": 0}}, "site_full": "www.tripadvisor.com", "main_image": "https://media-cdn.tripadvisor.com/media/photo-s/0d/e1/39/b0/hotel-exterior.jpg", "site_section": "https://www.tripadvisor.com/Hotel_Review-g60763-d611947-Reviews-or20-New_York_Hilton_Midtown-New_York_City_New_York.html", "section_title": "New York Hilton Midtown - UPDATED 2017 Hotel Reviews &amp; Price Comparison (New York City) - TripAdvisor", "url": "https://www.tripadvisor.com/ShowUserReviews-g60763-d611947-r467637437-New_York_Hilton_Midtown-New_York_City_New_York.html", "country": "US", "domain_rank": 189, "title": "What a disaster", "performance_score": 0, "site": "tripadvisor.com", "participants_count": 2, "title_full": "What a disaster - Review of New York Hilton Midtown, New York City, NY - TripAdvisor", "spam_score": 0.0, "site_type": "discussions", "published": "2017-03-15T02:00:00.000+02:00", "replies_count": 1, "uuid": "348313433c7e60321488aafa0e421f81b135ec6a"}, "author": "Francois-Serge", "url": "https://www.tripadvisor.com/ShowUserReviews-g60763-d611947-r467637437-New_York_Hilton_Midtown-New_York_City_New_York.html", "ord_in_thread": 0, "title": "What a disaster", "locations": [], "entities": {"persons": [], "locations": [], "organizations": []}, "highlightText": "", "language": "english", "persons": [], "text": "The hotel had something like 300 young Italian teenagers staying there. Party and music all night in the rooms and corridors, use of illicit substances and alcohol despite being underage, sexual acts in public space, etc. I was unable to sleep the first two nights, and moved at another hotel (Mandarin Oriental) after that. Front desk did not care at all, the doorman apologized and agreed that \"it is really a mess\". I complained, got an email back saying that \"we consistently strive to achieve high standards of service and regret we failed to meet your expectations on this particular occasion\". What a joke!\nRoom Tip: Choose another hotel See more room tips", "external_links": [], "published": "2017-03-15T02:00:00.000+02:00", "crawled": "2017-03-30T17:51:45.364+03:00", "highlightTitle": ""}