{"organizations": [], "uuid": "6bdb7cf2cc0f2b2ba9c25c19e90eaf15c188ac66", "thread": {"social": {"gplus": {"shares": 0}, "pinterest": {"shares": 0}, "vk": {"shares": 0}, "linkedin": {"shares": 0}, "facebook": {"likes": 0, "shares": 0, "comments": 0}, "stumbledupon": {"shares": 0}}, "site_full": "www.tripadvisor.com", "main_image": "https://media-cdn.tripadvisor.com/media/photo-s/0e/55/ae/de/park-lounge-bar.jpg", "site_section": "https://www.tripadvisor.com/Hotel_Review-g60763-d93520-Reviews-Park_Central_Hotel_New_York-New_York_City_New_York.html", "section_title": "Park Central Hotel New York - UPDATED 2017 Reviews &amp; Price Comparison (New York City) - TripAdvisor", "url": "https://www.tripadvisor.com/ShowUserReviews-g60763-d93520-r471066715-Park_Central_Hotel_New_York-New_York_City_New_York.html", "country": "US", "domain_rank": 189, "title": "Watch your bags, staff steals money!", "performance_score": 0, "site": "tripadvisor.com", "participants_count": 1, "title_full": "Watch your bags, staff steals money! - Review of Park Central Hotel New York, New York City, NY - TripAdvisor", "spam_score": 0.059, "site_type": "discussions", "published": "2017-03-29T03:00:00.000+03:00", "replies_count": 0, "uuid": "6bdb7cf2cc0f2b2ba9c25c19e90eaf15c188ac66"}, "author": "Enrico0564", "url": "https://www.tripadvisor.com/ShowUserReviews-g60763-d93520-r471066715-Park_Central_Hotel_New_York-New_York_City_New_York.html", "ord_in_thread": 0, "title": "Watch your bags, staff steals money!", "locations": [], "entities": {"persons": [], "locations": [], "organizations": []}, "highlightText": "", "language": "english", "persons": [], "text": "Excellent location, spacious and clean rooms, friendly staff although no so much at reception. One big showstopper; STAFF STEALS MONEY FROM BAGS and management does not care. We left our bags for a couple of hours at deposit after check-out. Before dropping off my bags I checked my wallet and I had €200 in separate section. When we arrived back in Holland money was missing from my bag as well as my son's. I immediately called and left message on voicemail of Security Manager. No response. I called again and again no reaction. I emailed that management and again no reaction. Conclusion; watch your valuable belonings even when you leave them in the \"secured\" deposit. And don't expect too much from the management when things go wrong. Other than that, again, good value for money!\nRoom Tip: Try to get room with view at 7th. See more room tips", "external_links": [], "published": "2017-03-29T03:00:00.000+03:00", "crawled": "2017-03-31T19:58:37.812+03:00", "highlightTitle": ""}