{"organizations": [], "uuid": "d71ca0e4111d593e690e4d78d5c4055c092472eb", "thread": {"social": {"gplus": {"shares": 0}, "pinterest": {"shares": 0}, "vk": {"shares": 0}, "linkedin": {"shares": 0}, "facebook": {"likes": 0, "shares": 0, "comments": 0}, "stumbledupon": {"shares": 0}}, "site_full": "www.tripadvisor.com", "main_image": "https://media-cdn.tripadvisor.com/media/photo-s/05/3c/52/14/premier-inn-london-city.jpg", "site_section": "https://www.tripadvisor.com/Hotel_Review-g186338-d5494389-Reviews-Premier_Inn_London_Bank_Tower_Hotel-London_England.html", "section_title": "Premier Inn London Bank (Tower) Hotel - UPDATED 2017 Reviews &amp; Price Comparison (England) - TripAdvisor", "url": "https://www.tripadvisor.com/ShowUserReviews-g186338-d5494389-r470321939-Premier_Inn_London_Bank_Tower_Hotel-London_England.html", "country": "US", "domain_rank": 189, "title": "Great friendly hotel, poor restaurant", "performance_score": 0, "site": "tripadvisor.com", "participants_count": 2, "title_full": "Great friendly hotel, poor restaurant - Review of Premier Inn London Bank (Tower) Hotel, London, England - TripAdvisor", "spam_score": 0.001, "site_type": "discussions", "published": "2017-03-26T03:00:00.000+03:00", "replies_count": 1, "uuid": "d71ca0e4111d593e690e4d78d5c4055c092472eb"}, "author": "Simon-sedgewell", "url": "https://www.tripadvisor.com/ShowUserReviews-g186338-d5494389-r470321939-Premier_Inn_London_Bank_Tower_Hotel-London_England.html", "ord_in_thread": 0, "title": "Great friendly hotel, poor restaurant", "locations": [], "entities": {"persons": [], "locations": [], "organizations": []}, "highlightText": "", "language": "english", "persons": [], "text": "No complaints about hotel, much better than expected. Restaurant very nice but food awful, i had fish and chips, not sure what fish it was, it was defiantly frozen and could not eat it. Steak for the wife was ok but not great quality. Ice cream for desert was awful, and flakes were some poor quality alternative, for £75 for 2 adults and 2 children i expect better. I would venture out of hotel for a decent meal.\nRoom Tip: No view from room! See more room tips", "external_links": [], "published": "2017-03-26T03:00:00.000+03:00", "crawled": "2017-03-31T19:43:02.295+03:00", "highlightTitle": ""}