{"organizations": [], "uuid": "109e1e8060290b1e6866e599b32c1d016760a69c", "thread": {"social": {"gplus": {"shares": 0}, "pinterest": {"shares": 0}, "vk": {"shares": 0}, "linkedin": {"shares": 0}, "facebook": {"likes": 0, "shares": 0, "comments": 0}, "stumbledupon": {"shares": 0}}, "site_full": "www.tripadvisor.com", "main_image": "https://media-cdn.tripadvisor.com/media/photo-s/06/a1/27/cd/exterior.jpg", "site_section": "https://www.tripadvisor.com/Hotel_Review-g60763-d93390-Reviews-or10-Hotel_Belleclaire-New_York_City_New_York.html", "section_title": "Hotel Belleclaire - UPDATED 2017 Reviews &amp; Price Comparison (New York City) - TripAdvisor", "url": "https://www.tripadvisor.com/ShowUserReviews-g60763-d93390-r468511234-Hotel_Belleclaire-New_York_City_New_York.html", "country": "US", "domain_rank": 189, "title": "Complain", "performance_score": 0, "site": "tripadvisor.com", "participants_count": 2, "title_full": "Complain - Review of Hotel Belleclaire, New York City, NY - TripAdvisor", "spam_score": 0.0, "site_type": "discussions", "published": "2017-03-19T02:00:00.000+02:00", "replies_count": 1, "uuid": "109e1e8060290b1e6866e599b32c1d016760a69c"}, "author": "ritapA5338MN", "url": "https://www.tripadvisor.com/ShowUserReviews-g60763-d93390-r468511234-Hotel_Belleclaire-New_York_City_New_York.html", "ord_in_thread": 0, "title": "Complain", "locations": [], "entities": {"persons": [], "locations": [], "organizations": []}, "highlightText": "", "language": "english", "persons": [], "text": "See our message to Mr. Holmes, General Manager of Hotel Belleclaire\nWe were during the winterstorm named 'Stella' in New York and were put on s chaotic situation dur to the unprofessional treatment of the front desk manager Jonathan", "external_links": [], "published": "2017-03-19T02:00:00.000+02:00", "crawled": "2017-03-29T07:16:27.501+03:00", "highlightTitle": ""}