{"organizations": [], "uuid": "bc6dfd66e3ba005876145c7b61f08dec9fd9d759", "thread": {"social": {"gplus": {"shares": 0}, "pinterest": {"shares": 0}, "vk": {"shares": 0}, "linkedin": {"shares": 0}, "facebook": {"likes": 0, "shares": 0, "comments": 0}, "stumbledupon": {"shares": 0}}, "site_full": "www.tripadvisor.com", "main_image": "https://media-cdn.tripadvisor.com/media/photo-s/0d/38/0c/29/exterior-main-shot.jpg", "site_section": "https://www.tripadvisor.com/Hotel_Review-g60763-d641209-Reviews-Hilton_Garden_Inn_New_York_Manhattan_Chelsea-New_York_City_New_York.html", "section_title": "Hilton Garden Inn New York/Manhattan-Chelsea - UPDATED 2017 Hotel Reviews &amp; Price Comparison (New York City) - TripAdvisor", "url": "https://www.tripadvisor.com/ShowUserReviews-g60763-d641209-r471011942-Hilton_Garden_Inn_New_York_Manhattan_Chelsea-New_York_City_New_York.html", "country": "US", "domain_rank": 189, "title": "Great hotel, HORRIBLE STAFF.", "performance_score": 0, "site": "tripadvisor.com", "participants_count": 1, "title_full": "Great hotel, HORRIBLE STAFF. - Review of Hilton Garden Inn New York/Manhattan-Chelsea, New York City, NY - TripAdvisor", "spam_score": 0.0, "site_type": "discussions", "published": "2017-03-28T03:00:00.000+03:00", "replies_count": 0, "uuid": "bc6dfd66e3ba005876145c7b61f08dec9fd9d759"}, "author": "32leongc", "url": "https://www.tripadvisor.com/ShowUserReviews-g60763-d641209-r471011942-Hilton_Garden_Inn_New_York_Manhattan_Chelsea-New_York_City_New_York.html", "ord_in_thread": 0, "title": "Great hotel, HORRIBLE STAFF.", "locations": [], "entities": {"persons": [], "locations": [], "organizations": []}, "highlightText": "", "language": "english", "persons": [], "text": "I must say, location and hotel wise, this is a good place to stay. BUT THE STAFF IS HORRIBLE. They were rude and impatient when dealing with our reservation. There was also a lack of communication between staff. One staff will tell us something, and the other staff will tell us another, or respond with \"I don't know who told you that, but this is how it is.\" HORRIBLE. They also almost cancelled our booking during the snowstorm. CALL AHEAD before arriving. Billing wise, they charged my card twice and still hasn't issued a refund.", "external_links": [], "published": "2017-03-28T03:00:00.000+03:00", "crawled": "2017-03-30T20:25:03.822+03:00", "highlightTitle": ""}