{"organizations": [], "uuid": "3f0382ec70c33eb7530137237a95e9211a786fb7", "thread": {"social": {"gplus": {"shares": 0}, "pinterest": {"shares": 0}, "vk": {"shares": 0}, "linkedin": {"shares": 0}, "facebook": {"likes": 0, "shares": 0, "comments": 0}, "stumbledupon": {"shares": 0}}, "site_full": "www.tripadvisor.com", "main_image": "https://media-cdn.tripadvisor.com/media/photo-s/09/ac/a5/e7/exterior.jpg", "site_section": "https://www.tripadvisor.com/Hotel_Review-g60763-d1139717-Reviews-or10-Holiday_Inn_Express_New_York_City_Times_Square-New_York_City_New_York.html", "section_title": "Holiday Inn Express New York City Times Square - UPDATED 2017 Hotel Reviews &amp; Price Comparison - TripAdvisor", "url": "https://www.tripadvisor.com/ShowUserReviews-g60763-d1139717-r460227430-Holiday_Inn_Express_New_York_City_Times_Square-New_York_City_New_York.html", "country": "US", "domain_rank": 189, "title": "Under construction", "performance_score": 0, "site": "tripadvisor.com", "participants_count": 2, "title_full": "Under construction - Review of Holiday Inn Express New York City Times Square, New York City, NY - TripAdvisor", "spam_score": 0.0, "site_type": "discussions", "published": "2017-03-01T02:00:00.000+02:00", "replies_count": 1, "uuid": "3f0382ec70c33eb7530137237a95e9211a786fb7"}, "author": "Kelly H", "url": "https://www.tripadvisor.com/ShowUserReviews-g60763-d1139717-r460227430-Holiday_Inn_Express_New_York_City_Times_Square-New_York_City_New_York.html", "ord_in_thread": 0, "title": "Under construction", "locations": [], "entities": {"persons": [], "locations": [], "organizations": []}, "highlightText": "", "language": "english", "persons": [], "text": "Clearly the hotel is under construction on many floors! Only 1 working elevator! Elevator wait Tim 20-30 minutes happened 4 times in a 1 night stay!\nHad to change roooms due to heating issue and door to room malfunctioning! 2nd room heat was either to hot or to cold, bathroom freezing!\nWent down 32 flights of stairs to change the room so we wouldn't be late for a birthday surprise!\nI complained and was told to be patient... I had no time to take it further due to time wasted with elevator, room change etc.\nWorst stay ever!!", "external_links": [], "published": "2017-03-01T02:00:00.000+02:00", "crawled": "2017-03-29T13:42:37.166+03:00", "highlightTitle": ""}