{"organizations": [], "uuid": "8503a1dd498fc809930e15b5f791a24b774d037d", "thread": {"social": {"gplus": {"shares": 0}, "pinterest": {"shares": 0}, "vk": {"shares": 0}, "linkedin": {"shares": 0}, "facebook": {"likes": 0, "shares": 0, "comments": 0}, "stumbledupon": {"shares": 0}}, "site_full": "www.tripadvisor.com", "main_image": "https://media-cdn.tripadvisor.com/media/photo-s/0d/a0/e4/e1/external.jpg", "site_section": "https://www.tripadvisor.com/Hotel_Review-g186338-d9950629-Reviews-or10-Hub_by_Premier_Inn_Spitalfields_Brick_Lane-London_England.html", "section_title": "hub by Premier Inn Spitalfields, Brick Lane - UPDATED 2017 Hotel Reviews &amp; Price Comparison (London, England) - TripAdvisor", "url": "https://www.tripadvisor.com/ShowUserReviews-g186338-d9950629-r468472353-Hub_by_Premier_Inn_Spitalfields_Brick_Lane-London_England.html", "country": "US", "domain_rank": 189, "title": "Bad service for long stay", "performance_score": 0, "site": "tripadvisor.com", "participants_count": 1, "title_full": "Bad service for long stay - Review of hub by Premier Inn Spitalfields, Brick Lane, London, England - TripAdvisor", "spam_score": 0.001, "site_type": "discussions", "published": "2017-03-19T02:00:00.000+02:00", "replies_count": 0, "uuid": "8503a1dd498fc809930e15b5f791a24b774d037d"}, "author": "Simon T", "url": "https://www.tripadvisor.com/ShowUserReviews-g186338-d9950629-r468472353-Hub_by_Premier_Inn_Spitalfields_Brick_Lane-London_England.html", "ord_in_thread": 0, "title": "Bad service for long stay", "locations": [], "entities": {"persons": [], "locations": [], "organizations": []}, "highlightText": "", "language": "english", "persons": [], "text": "The hotel was clean tidy great on arrival however bedding not changes till 4day after I asked for it to be done was told yes and still not done told that if I booked on a daily bases it would be fine every day they discriminate again long stay even free water on arrival told only get it if I booked it on a daily bases daily as I boookwd if for the 7 days only get it once ?", "external_links": [], "published": "2017-03-19T02:00:00.000+02:00", "crawled": "2017-03-31T19:49:35.289+03:00", "highlightTitle": ""}