{"organizations": [], "uuid": "994a7b324e6ea2f3a7cc061042c24e47f4787564", "thread": {"social": {"gplus": {"shares": 0}, "pinterest": {"shares": 0}, "vk": {"shares": 0}, "linkedin": {"shares": 0}, "facebook": {"likes": 0, "shares": 0, "comments": 0}, "stumbledupon": {"shares": 0}}, "site_full": "www.tripadvisor.com", "main_image": "https://media-cdn.tripadvisor.com/media/photo-s/0a/bf/fe/01/exterior.jpg", "site_section": "https://www.tripadvisor.com/Hotel_Review-g60763-d607712-Reviews-Club_Quarters_Hotel_opposite_Rockefeller_Center-New_York_City_New_York.html", "section_title": "Club Quarters Hotel, opposite Rockefeller Center - UPDATED 2017 Reviews &amp; Price Comparison (New York City) - TripAdvisor", "url": "https://www.tripadvisor.com/ShowUserReviews-g60763-d607712-r469187098-Club_Quarters_Hotel_opposite_Rockefeller_Center-New_York_City_New_York.html", "country": "US", "domain_rank": 189, "title": "Great location! Away from the noise of so many other places!!", "performance_score": 0, "site": "tripadvisor.com", "participants_count": 1, "title_full": "Great location! Away from the noise of so many other places!! - Review of Club Quarters Hotel, opposite Rockefeller Center, New York City, NY - TripAdvisor", "spam_score": 0.111, "site_type": "discussions", "published": "2017-03-21T02:00:00.000+02:00", "replies_count": 0, "uuid": "994a7b324e6ea2f3a7cc061042c24e47f4787564"}, "author": "sellshomesfaster", "url": "https://www.tripadvisor.com/ShowUserReviews-g60763-d607712-r469187098-Club_Quarters_Hotel_opposite_Rockefeller_Center-New_York_City_New_York.html", "ord_in_thread": 0, "title": "Great location! Away from the noise of so many other places!!", "locations": [], "entities": {"persons": [], "locations": [], "organizations": []}, "highlightText": "", "language": "english", "persons": [], "text": "We stayed four nights and had a very pleasant experience. Staff were always accomodating and we enjoyed coming back to The Terrace for a break for a relaxing drink and good food! We walked to St. Patrick's Church, Rockefeller Center and the skating rink! Subway was very close and many restaurants to choose from!!!\nRoom Tip: We had a great view of Rockefeller Center and St. Patrick's Cathedral!!! See more room tips", "external_links": [], "published": "2017-03-21T02:00:00.000+02:00", "crawled": "2017-03-30T02:33:50.080+03:00", "highlightTitle": ""}