{"organizations": [], "uuid": "770ecd5d918d26d9d8ed1b82792ac5655d889d37", "thread": {"social": {"gplus": {"shares": 0}, "pinterest": {"shares": 0}, "vk": {"shares": 0}, "linkedin": {"shares": 0}, "facebook": {"likes": 0, "shares": 0, "comments": 0}, "stumbledupon": {"shares": 0}}, "site_full": "www.tripadvisor.com", "main_image": "https://media-cdn.tripadvisor.com/media/photo-s/0c/e4/9f/ec/hotel-de-france-invalides.jpg", "site_section": "https://www.tripadvisor.com/Hotel_Review-g187147-d292872-Reviews-Hotel_de_France_Invalides-Paris_Ile_de_France.html", "section_title": "Hotel de France Invalides - UPDATED 2017 Reviews &amp; Price Comparison (Paris) - TripAdvisor", "url": "https://www.tripadvisor.com/ShowUserReviews-g187147-d292872-r460238527-Hotel_de_France_Invalides-Paris_Ile_de_France.html", "country": "US", "domain_rank": 189, "title": "Hotel de France Invalides", "performance_score": 0, "site": "tripadvisor.com", "participants_count": 2, "title_full": "Hotel de France Invalides - Review of Hotel de France Invalides, Paris, France - TripAdvisor", "spam_score": 0.0, "site_type": "discussions", "published": "2017-03-14T02:00:00.000+02:00", "replies_count": 1, "uuid": "770ecd5d918d26d9d8ed1b82792ac5655d889d37"}, "author": "Glinda2017", "url": "https://www.tripadvisor.com/ShowUserReviews-g187147-d292872-r460238527-Hotel_de_France_Invalides-Paris_Ile_de_France.html", "ord_in_thread": 0, "title": "Hotel de France Invalides", "locations": [], "entities": {"persons": [], "locations": [], "organizations": []}, "highlightText": "", "language": "english", "persons": [], "text": "This was an upgrade on our package to a three star. When we arrived in our room it was so small and dark I immediately went to the desk and asked if they had an upgrade room. We paid an extra 30 euros per night to get a room that had a little more room and windows facing the street. This was our fifth city and hotel on this trip and the most disappointing. The staff was very nice and accommodating but I would not chose this hotel again.", "external_links": [], "published": "2017-03-14T02:00:00.000+02:00", "crawled": "2017-03-31T05:39:08.637+03:00", "highlightTitle": ""}