{"organizations": [], "uuid": "533b857137b3a2c8e7395c19ac130b5bfa2739ad", "thread": {"social": {"gplus": {"shares": 0}, "pinterest": {"shares": 0}, "vk": {"shares": 0}, "linkedin": {"shares": 0}, "facebook": {"likes": 0, "shares": 0, "comments": 0}, "stumbledupon": {"shares": 0}}, "site_full": "www.tripadvisor.com", "main_image": "https://media-cdn.tripadvisor.com/media/photo-s/03/ad/f8/94/hotel-galileo.jpg", "site_section": "https://www.tripadvisor.com/Hotel_Review-g187147-d197576-Reviews-Hotel_Galileo-Paris_Ile_de_France.html", "section_title": "Hotel Galileo - UPDATED 2017 Reviews &amp; Price Comparison (Paris, France) - TripAdvisor", "url": "https://www.tripadvisor.com/ShowUserReviews-g187147-d197576-r468371464-Hotel_Galileo-Paris_Ile_de_France.html", "country": "US", "domain_rank": 189, "title": "They charge me for something I did not do", "performance_score": 0, "site": "tripadvisor.com", "participants_count": 2, "title_full": "They charge me for something I did not do - Review of Hotel Galileo, Paris, France - TripAdvisor", "spam_score": 0.001, "site_type": "discussions", "published": "2017-03-18T02:00:00.000+02:00", "replies_count": 1, "uuid": "533b857137b3a2c8e7395c19ac130b5bfa2739ad"}, "author": "hhijji_443209", "url": "https://www.tripadvisor.com/ShowUserReviews-g187147-d197576-r468371464-Hotel_Galileo-Paris_Ile_de_France.html", "ord_in_thread": 0, "title": "They charge me for something I did not do", "locations": [], "entities": {"persons": [], "locations": [], "organizations": []}, "highlightText": "", "language": "english", "persons": [], "text": "The hotel was nice, But when we arrive there was a lamp was a little bit broken. and the next day after they cleaned the room we could not find the lamp. and at the check out the charged me for the lamp and they accused me for doing which I did not", "external_links": [], "published": "2017-03-18T02:00:00.000+02:00", "crawled": "2017-03-31T03:31:48.400+03:00", "highlightTitle": ""}