{"organizations": [], "uuid": "24cde88838aeebae9e60fe051762e557c1d247d9", "thread": {"social": {"gplus": {"shares": 0}, "pinterest": {"shares": 0}, "vk": {"shares": 0}, "linkedin": {"shares": 0}, "facebook": {"likes": 0, "shares": 0, "comments": 0}, "stumbledupon": {"shares": 0}}, "site_full": "www.tripadvisor.com", "main_image": "https://media-cdn.tripadvisor.com/media/photo-s/08/62/13/df/welcome-to-the-doubletree.jpg", "site_section": "https://www.tripadvisor.com/Hotel_Review-g32112-d217296-Reviews-or10-DoubleTree_by_Hilton_Hotel_San_Francisco_Airport_North-Brisbane_California.html", "section_title": "DoubleTree by Hilton Hotel San Francisco Airport North - UPDATED 2017 Reviews &amp; Price Comparison (Brisbane, CA) - TripAdvisor", "url": "https://www.tripadvisor.com/ShowUserReviews-g32112-d217296-r465225473-DoubleTree_by_Hilton_Hotel_San_Francisco_Airport_North-Brisbane_California.html", "country": "ZA", "domain_rank": 189, "title": "Stay Away", "performance_score": 0, "site": "tripadvisor.com", "participants_count": 1, "title_full": "Stay Away - Review of DoubleTree by Hilton Hotel San Francisco Airport North, Brisbane, CA - TripAdvisor", "spam_score": 0.002, "site_type": "discussions", "published": "2017-03-06T02:00:00.000+02:00", "replies_count": 0, "uuid": "24cde88838aeebae9e60fe051762e557c1d247d9"}, "author": "Karen S", "url": "https://www.tripadvisor.com/ShowUserReviews-g32112-d217296-r465225473-DoubleTree_by_Hilton_Hotel_San_Francisco_Airport_North-Brisbane_California.html", "ord_in_thread": 0, "title": "Stay Away", "locations": [], "entities": {"persons": [], "locations": [], "organizations": []}, "highlightText": "", "language": "english", "persons": [], "text": "I was staying for business. Dirty rooms, bed sheets & pillows smell and bathroom was filthy with hair all over the floor. The toilet ran all night. Heater doesn't work, blows cold air. Staff was unresponsive to correct.", "external_links": [], "published": "2017-03-06T02:00:00.000+02:00", "crawled": "2017-03-26T20:01:20.971+03:00", "highlightTitle": ""}