{"organizations": [], "uuid": "d7cf992e3e3eb7fd1262b75857309642e80571f0", "thread": {"social": {"gplus": {"shares": 0}, "pinterest": {"shares": 0}, "vk": {"shares": 0}, "linkedin": {"shares": 0}, "facebook": {"likes": 0, "shares": 0, "comments": 0}, "stumbledupon": {"shares": 0}}, "site_full": "www.tripadvisor.com", "main_image": "https://media-cdn.tripadvisor.com/media/photo-s/02/a7/93/6c/exterior.jpg", "site_section": "https://www.tripadvisor.com/Hotel_Review-g293841-d1094898-Reviews-Imperial_Royale_Hotel-Kampala_Central_Region.html", "section_title": "Imperial Royale Hotel - UPDATED 2017 Reviews &amp; Price Comparison (Kampala, Uganda) - TripAdvisor", "url": "https://www.tripadvisor.com/ShowUserReviews-g293841-d1094898-r469327555-Imperial_Royale_Hotel-Kampala_Central_Region.html", "country": "US", "domain_rank": 189, "title": "Roaches everywhere. Need to fumigate!", "performance_score": 0, "site": "tripadvisor.com", "participants_count": 2, "title_full": "Roaches everywhere. Need to fumigate! - Review of Imperial Royale Hotel, Kampala, Uganda - TripAdvisor", "spam_score": 0.0, "site_type": "discussions", "published": "2017-03-22T02:00:00.000+02:00", "replies_count": 1, "uuid": "d7cf992e3e3eb7fd1262b75857309642e80571f0"}, "author": "Joel G", "url": "https://www.tripadvisor.com/ShowUserReviews-g293841-d1094898-r469327555-Imperial_Royale_Hotel-Kampala_Central_Region.html", "ord_in_thread": 0, "title": "Roaches everywhere. Need to fumigate!", "locations": [], "entities": {"persons": [], "locations": [], "organizations": []}, "highlightText": "", "language": "english", "persons": [], "text": "I have been a regular visitor to Imperial Royale over the last two years. However my last 2 visits in the last two months have fallen way short of my expectations. I was placed in two separate rooms with cockroaches crawling all over and there's need to improve on hygiene.", "external_links": ["https://static.tacdn.com/img2/x.gif"], "published": "2017-03-22T02:00:00.000+02:00", "crawled": "2017-03-27T19:20:58.547+03:00", "highlightTitle": ""}