{"organizations": [], "uuid": "48055b13032ece3a2c9cbbdf0d375ac7d5c75487", "thread": {"social": {"gplus": {"shares": 0}, "pinterest": {"shares": 0}, "vk": {"shares": 0}, "linkedin": {"shares": 0}, "facebook": {"likes": 0, "shares": 0, "comments": 0}, "stumbledupon": {"shares": 0}}, "site_full": "www.tripadvisor.com", "main_image": "https://media-cdn.tripadvisor.com/media/photo-s/07/7d/61/ce/exterior.jpg", "site_section": "https://www.tripadvisor.com/Hotel_Review-g60763-d1852917-Reviews-Element_New_York_Times_Square_West-New_York_City_New_York.html", "section_title": "Element New York Times Square West - UPDATED 2017 Hotel Reviews &amp; Price Comparison (New York City) - TripAdvisor", "url": "https://www.tripadvisor.com/ShowUserReviews-g60763-d1852917-r467291015-Element_New_York_Times_Square_West-New_York_City_New_York.html", "country": "US", "domain_rank": 189, "title": "I left stuff ... unfortunate this time", "performance_score": 0, "site": "tripadvisor.com", "participants_count": 2, "title_full": "I left stuff ... unfortunate this time - Review of Element New York Times Square West, New York City, NY - TripAdvisor", "spam_score": 0.0, "site_type": "discussions", "published": "2017-03-14T02:00:00.000+02:00", "replies_count": 1, "uuid": "48055b13032ece3a2c9cbbdf0d375ac7d5c75487"}, "author": "Mommyno1", "url": "https://www.tripadvisor.com/ShowUserReviews-g60763-d1852917-r467291015-Element_New_York_Times_Square_West-New_York_City_New_York.html", "ord_in_thread": 0, "title": "I left stuff ... unfortunate this time", "locations": [], "entities": {"persons": [], "locations": [], "organizations": []}, "highlightText": "", "language": "english", "persons": [], "text": "My husband book this hotel because of kitchen which we never use and he knew and room is little bigger than many hotels.good. But elevater is Only 3 for over40 floor? No way and yes I have to wait more than 3 min. Kitchen well equipped. They have plate cup, sponge , dish was soap, etc... they have gym good point bigger than some hotels also. ! No one use so I did yoga watching YouTube. Any way good so far. but when next day after I checked out I was unfortunate I forget my phone charger and adapter conecter for I phone. I called them ( already I was my home but my kid live in NYC) some times honest clean people giving to reception but this time not.. it was my mistake. But few times I was in NYC hotel I forget something in a hotel (already checked out) next day I asked and yes they keep stuff... many times I was lucky( I chenged hotels for work and day off) any way I think I never come back here", "external_links": [], "published": "2017-03-14T02:00:00.000+02:00", "crawled": "2017-03-30T03:29:54.043+03:00", "highlightTitle": ""}