{"organizations": [], "uuid": "25561761af2f04705e97d7ea41eb0b1b9ea0e2ea", "thread": {"social": {"gplus": {"shares": 0}, "pinterest": {"shares": 0}, "vk": {"shares": 0}, "linkedin": {"shares": 0}, "facebook": {"likes": 0, "shares": 0, "comments": 0}, "stumbledupon": {"shares": 0}}, "site_full": "www.tripadvisor.com", "main_image": "https://media-cdn.tripadvisor.com/media/photo-s/05/ff/a2/1a/paramount-hotel-times.jpg", "site_section": "https://www.tripadvisor.com/Hotel_Review-g60763-d93517-Reviews-or30-Paramount_Hotel_Times_Square_New_York-New_York_City_New_York.html", "section_title": "Paramount Hotel Times Square New York - UPDATED 2017 Reviews &amp; Price Comparison (New York City) - TripAdvisor", "url": "https://www.tripadvisor.com/ShowUserReviews-g60763-d93517-r466353137-Paramount_Hotel_Times_Square_New_York-New_York_City_New_York.html", "country": "US", "domain_rank": 189, "title": "Worst Rooms", "performance_score": 0, "site": "tripadvisor.com", "participants_count": 2, "title_full": "Worst Rooms - Review of Paramount Hotel Times Square New York, New York City, NY - TripAdvisor", "spam_score": 0.0, "site_type": "discussions", "published": "2017-03-11T02:00:00.000+02:00", "replies_count": 1, "uuid": "25561761af2f04705e97d7ea41eb0b1b9ea0e2ea"}, "author": "Charlene H", "url": "https://www.tripadvisor.com/ShowUserReviews-g60763-d93517-r466353137-Paramount_Hotel_Times_Square_New_York-New_York_City_New_York.html", "ord_in_thread": 0, "title": "Worst Rooms", "locations": [], "entities": {"persons": [], "locations": [], "organizations": []}, "highlightText": "", "language": "english", "persons": [], "text": "Just checked in and had to move to a different room because we felt claustrophobic in our \"Superior Queen Room\". The room we're in is a little bigger with a full size bed. Nowhere in the bathroom to put personals. Nowhere in room to put clothes so you need to leave them in the suitcase. I have never stayed in such an expensive room that offered no luxury at all. So very disappointed.", "external_links": [], "published": "2017-03-11T02:00:00.000+02:00", "crawled": "2017-03-30T19:12:10.614+03:00", "highlightTitle": ""}