{"organizations": [], "uuid": "05d87ef822ad95ede6a5b0c63d5e64b159ff527b", "thread": {"social": {"gplus": {"shares": 0}, "pinterest": {"shares": 0}, "vk": {"shares": 0}, "linkedin": {"shares": 0}, "facebook": {"likes": 0, "shares": 0, "comments": 0}, "stumbledupon": {"shares": 0}}, "site_full": "www.tripadvisor.com", "main_image": "https://media-cdn.tripadvisor.com/media/photo-s/01/c1/41/99/entree-de-l-hotel.jpg", "site_section": "https://www.tripadvisor.com/Hotel_Review-g187147-d229626-Reviews-Timhotel_Palais_Royal_Louvre-Paris_Ile_de_France.html", "section_title": "Timhotel Palais Royal Louvre - UPDATED 2017 Hotel Reviews &amp; Price Comparison (Paris, France) - TripAdvisor", "url": "https://www.tripadvisor.com/ShowUserReviews-g187147-d229626-r457167135-Timhotel_Palais_Royal_Louvre-Paris_Ile_de_France.html", "country": "US", "domain_rank": 189, "title": "Shutle bus to airport not booked", "performance_score": 0, "site": "tripadvisor.com", "participants_count": 1, "title_full": "Shutle bus to airport not booked - Review of Timhotel Palais Royal Louvre, Paris, France - TripAdvisor", "spam_score": 0.0, "site_type": "discussions", "published": "2017-03-22T02:00:00.000+02:00", "replies_count": 0, "uuid": "05d87ef822ad95ede6a5b0c63d5e64b159ff527b"}, "author": "cg2017396", "url": "https://www.tripadvisor.com/ShowUserReviews-g187147-d229626-r457167135-Timhotel_Palais_Royal_Louvre-Paris_Ile_de_France.html", "ord_in_thread": 0, "title": "Shutle bus to airport not booked", "locations": [], "entities": {"persons": [], "locations": [], "organizations": []}, "highlightText": "", "language": "english", "persons": [], "text": "Hotel confirmed that airport shuttle service is booked. Next morning there was no shuttle bus booked. Risk to be late to airport. Very disappointed. Receptionist was not supporting to find an option for airport transfer.", "external_links": [], "published": "2017-03-22T02:00:00.000+02:00", "crawled": "2017-03-30T17:11:11.413+03:00", "highlightTitle": ""}