{"organizations": [], "uuid": "d3bd6e75605ed1068eb48413b4c43e844bba2919", "thread": {"social": {"gplus": {"shares": 0}, "pinterest": {"shares": 0}, "vk": {"shares": 0}, "linkedin": {"shares": 0}, "facebook": {"likes": 0, "shares": 0, "comments": 0}, "stumbledupon": {"shares": 0}}, "site_full": "www.tripadvisor.com", "main_image": "https://media-cdn.tripadvisor.com/media/photo-s/0d/27/e5/7c/hotel-du-quai-voltaire.jpg", "site_section": "https://www.tripadvisor.com/Hotel_Review-g187147-d219981-Reviews-Hotel_du_Quai_Voltaire-Paris_Ile_de_France.html", "section_title": "Hotel du Quai-Voltaire - UPDATED 2017 Reviews &amp; Price Comparison (Paris, France) - TripAdvisor", "url": "https://www.tripadvisor.com/ShowUserReviews-g187147-d219981-r464907622-Hotel_du_Quai_Voltaire-Paris_Ile_de_France.html", "country": "US", "domain_rank": 189, "title": "On a 101 day holiday this was the worst hotel", "performance_score": 0, "site": "tripadvisor.com", "participants_count": 1, "title_full": "On a 101 day holiday this was the worst hotel - Review of Hotel du Quai-Voltaire, Paris, France - TripAdvisor", "spam_score": 0.0, "site_type": "discussions", "published": "2017-03-05T02:00:00.000+02:00", "replies_count": 0, "uuid": "d3bd6e75605ed1068eb48413b4c43e844bba2919"}, "author": "Archaeobuff", "url": "https://www.tripadvisor.com/ShowUserReviews-g187147-d219981-r464907622-Hotel_du_Quai_Voltaire-Paris_Ile_de_France.html", "ord_in_thread": 0, "title": "On a 101 day holiday this was the worst hotel", "locations": [], "entities": {"persons": [], "locations": [], "organizations": []}, "highlightText": "", "language": "english", "persons": [], "text": "The hotel had a lovely view and that was all. It was a 3 star dive with no air conditioning – I had no idea it would be so hot in Paris. But I had a fan. I lived on water in ice buckets from the bar downstairs. I stupidly left the window open the first night and found my ceiling covered in small insects when I went to bed. The night reception guy I went to see to get some insect spray could not assist me. What a terrible hotel. The hotel was very old and tired. Some attempts to renovate were evident but they were cheap superficial - like painting over cracks. Today this hotel barely qualifies for its grading but for the price I have maximum convenience for location. I could not be more in the centre of where I want to go - but I would not recommend this hotel to anyone else - they would deserve something better.", "external_links": [], "published": "2017-03-05T02:00:00.000+02:00", "crawled": "2017-03-30T06:38:09.203+03:00", "highlightTitle": ""}