{"organizations": [], "uuid": "1d70025a9f1ba492f96791a84c5ea7550162aec9", "thread": {"social": {"gplus": {"shares": 0}, "pinterest": {"shares": 0}, "vk": {"shares": 0}, "linkedin": {"shares": 0}, "facebook": {"likes": 0, "shares": 0, "comments": 0}, "stumbledupon": {"shares": 0}}, "site_full": "www.tripadvisor.com", "main_image": "https://media-cdn.tripadvisor.com/media/photo-s/09/a3/d7/92/crowne-plaza-times-square.jpg", "site_section": "https://www.tripadvisor.com/Hotel_Review-g60763-d93454-Reviews-or10-Crowne_Plaza_Times_Square_Manhattan-New_York_City_New_York.html", "section_title": "Crowne Plaza Times Square Manhattan - UPDATED 2017 Hotel Reviews &amp; Price Comparison (New York City) - TripAdvisor", "url": "https://www.tripadvisor.com/ShowUserReviews-g60763-d93454-r469684720-Crowne_Plaza_Times_Square_Manhattan-New_York_City_New_York.html", "country": "US", "domain_rank": 189, "title": "Should be better", "performance_score": 0, "site": "tripadvisor.com", "participants_count": 2, "title_full": "Should be better - Review of Crowne Plaza Times Square Manhattan, New York City, NY - TripAdvisor", "spam_score": 0.0, "site_type": "discussions", "published": "2017-03-23T02:00:00.000+02:00", "replies_count": 1, "uuid": "1d70025a9f1ba492f96791a84c5ea7550162aec9"}, "author": "whodoyouknow", "url": "https://www.tripadvisor.com/ShowUserReviews-g60763-d93454-r469684720-Crowne_Plaza_Times_Square_Manhattan-New_York_City_New_York.html", "ord_in_thread": 0, "title": "Should be better", "locations": [], "entities": {"persons": [], "locations": [], "organizations": []}, "highlightText": "", "language": "english", "persons": [], "text": "Can't adjust cooler temperature in rooms since they are only running heat. No soap in their lobby bathrooms. Too long a wait for front desk. Room not ready on time. Bar staff not friendly. Location good. Very busy hotel off Main Street, but no security we saw.", "external_links": [], "published": "2017-03-23T02:00:00.000+02:00", "crawled": "2017-03-30T01:19:43.244+03:00", "highlightTitle": ""}