{"organizations": [], "uuid": "6bfcf3d49fdbd1b9c71a2ed373ea532a2fc9f2e6", "thread": {"social": {"gplus": {"shares": 0}, "pinterest": {"shares": 0}, "vk": {"shares": 0}, "linkedin": {"shares": 0}, "facebook": {"likes": 0, "shares": 0, "comments": 0}, "stumbledupon": {"shares": 0}}, "site_full": "www.tripadvisor.com", "main_image": "https://media-cdn.tripadvisor.com/media/photo-s/03/19/a0/8e/guest-room.jpg", "site_section": "https://www.tripadvisor.com/Hotel_Review-g187147-d754315-Reviews-or20-Pavillon_Nation-Paris_Ile_de_France.html", "section_title": "Pavillon Nation - UPDATED 2016 Hotel Reviews &amp; Price Comparison (Paris, France) - TripAdvisor", "url": "https://www.tripadvisor.com/ShowUserReviews-g187147-d754315-r356705390-Pavillon_Nation-Paris_Ile_de_France.html", "country": "US", "domain_rank": 189, "title": "Unpleasant staff and unexpected fee", "performance_score": 0, "site": "tripadvisor.com", "participants_count": 2, "title_full": "Unpleasant staff and unexpected fee - Review of Pavillon Nation, Paris, France - TripAdvisor", "spam_score": 0.0, "site_type": "discussions", "published": "2017-03-14T02:00:00.000+02:00", "replies_count": 1, "uuid": "6bfcf3d49fdbd1b9c71a2ed373ea532a2fc9f2e6"}, "author": "TheLetmefly", "url": "https://www.tripadvisor.com/ShowUserReviews-g187147-d754315-r356705390-Pavillon_Nation-Paris_Ile_de_France.html", "ord_in_thread": 0, "title": "Unpleasant staff and unexpected fee", "locations": [], "entities": {"persons": [], "locations": [], "organizations": []}, "highlightText": "", "language": "english", "persons": [], "text": "We were supposed to receive a little bottle of \"brut\" as welcome gift. Unfortunately we had to pay it. Wen we complained the staff member started to be unrespectful\ntoward us.\nDidn't feel very confortable during night because the door knob was damaged.\nBeside of all this it location is nice because close to a supermarket and the metro station as well.", "external_links": [], "published": "2017-03-14T02:00:00.000+02:00", "crawled": "2017-03-28T22:58:45.434+03:00", "highlightTitle": ""}