{"organizations": [], "uuid": "035f7cad19cd580259115d6133a86dbdb9cf279c", "thread": {"social": {"gplus": {"shares": 0}, "pinterest": {"shares": 0}, "vk": {"shares": 0}, "linkedin": {"shares": 0}, "facebook": {"likes": 0, "shares": 0, "comments": 0}, "stumbledupon": {"shares": 0}}, "site_full": "www.tripadvisor.com", "main_image": "https://media-cdn.tripadvisor.com/media/photo-s/07/11/72/2c/premium-single-room.jpg", "site_section": "https://www.tripadvisor.com/Hotel_Review-g60763-d208888-Reviews-Riff_Chelsea-New_York_City_New_York.html", "section_title": "Riff Chelsea - UPDATED 2017 Hotel Reviews &amp; Price Comparison (New York City) - TripAdvisor", "url": "https://www.tripadvisor.com/ShowUserReviews-g60763-d208888-r464987014-Riff_Chelsea-New_York_City_New_York.html", "country": "US", "domain_rank": 189, "title": "NYC", "performance_score": 0, "site": "tripadvisor.com", "participants_count": 1, "title_full": "NYC - Review of Riff Chelsea, New York City, NY - TripAdvisor", "spam_score": 0.0, "site_type": "discussions", "published": "2017-03-06T02:00:00.000+02:00", "replies_count": 0, "uuid": "035f7cad19cd580259115d6133a86dbdb9cf279c"}, "author": "Mary V", "url": "https://www.tripadvisor.com/ShowUserReviews-g60763-d208888-r464987014-Riff_Chelsea-New_York_City_New_York.html", "ord_in_thread": 0, "title": "NYC", "locations": [], "entities": {"persons": [], "locations": [], "organizations": []}, "highlightText": "", "language": "english", "persons": [], "text": "The room was so small I hit my knees on everything. Strange configuration, weird staff that were less than helpful. The hotel was well located near Penn Station but very little food options around. Hiking up a large flight of stairs with bags also difficult. Taxis are very nearby but the street is extremely noisy.", "external_links": [], "published": "2017-03-06T02:00:00.000+02:00", "crawled": "2017-03-29T06:13:23.584+03:00", "highlightTitle": ""}