{"organizations": [], "uuid": "19548cccb7050a95027d97ac275b43ea99b3a4b3", "thread": {"social": {"gplus": {"shares": 0}, "pinterest": {"shares": 0}, "vk": {"shares": 0}, "linkedin": {"shares": 0}, "facebook": {"likes": 0, "shares": 0, "comments": 0}, "stumbledupon": {"shares": 0}}, "site_full": "www.tripadvisor.com", "main_image": "https://media-cdn.tripadvisor.com/media/photo-s/07/06/a1/92/wellington-hotel.jpg", "site_section": "https://www.tripadvisor.com/Hotel_Review-g60763-d99307-Reviews-Wellington_Hotel-New_York_City_New_York.html", "section_title": "Wellington Hotel - UPDATED 2017 Reviews &amp; Price Comparison (New York City) - TripAdvisor", "url": "https://www.tripadvisor.com/ShowUserReviews-g60763-d99307-r469926403-Wellington_Hotel-New_York_City_New_York.html", "country": "US", "domain_rank": 189, "title": "Filthy and tiny rooms", "performance_score": 0, "site": "tripadvisor.com", "participants_count": 1, "title_full": "Filthy and tiny rooms - Review of Wellington Hotel, New York City, NY - TripAdvisor", "spam_score": 0.025, "site_type": "discussions", "published": "2017-03-24T03:00:00.000+03:00", "replies_count": 0, "uuid": "19548cccb7050a95027d97ac275b43ea99b3a4b3"}, "author": "Lost S", "url": "https://www.tripadvisor.com/ShowUserReviews-g60763-d99307-r469926403-Wellington_Hotel-New_York_City_New_York.html", "ord_in_thread": 0, "title": "Filthy and tiny rooms", "locations": [], "entities": {"persons": [], "locations": [], "organizations": []}, "highlightText": "", "language": "english", "persons": [], "text": "I am staying here for one night and this hotel is old & dirty. Mirror in bathroom has black dots and there are wires of everything is unattended. Water does not drain properly. I strongly do not recommend this hotel.", "external_links": ["https://static.tacdn.com/img2/x.gif"], "published": "2017-03-24T03:00:00.000+03:00", "crawled": "2017-03-29T14:48:25.075+03:00", "highlightTitle": ""}