{"organizations": [], "uuid": "02982e4ea9fedf3af4a6998721897db07477440b", "thread": {"social": {"gplus": {"shares": 0}, "pinterest": {"shares": 0}, "vk": {"shares": 0}, "linkedin": {"shares": 0}, "facebook": {"likes": 0, "shares": 0, "comments": 0}, "stumbledupon": {"shares": 0}}, "site_full": "www.tripadvisor.com", "main_image": "https://media-cdn.tripadvisor.com/media/photo-s/03/06/92/b5/stellenbosch-hotel.jpg", "site_section": "https://www.tripadvisor.com/Hotel_Review-g312673-d502918-Reviews-or5-Stellenbosch_Hotel-Stellenbosch_Western_Cape.html", "section_title": "Stellenbosch Hotel - UPDATED 2017 Reviews &amp; Price Comparison (South Africa) - TripAdvisor", "url": "https://www.tripadvisor.com/ShowUserReviews-g312673-d502918-r468019775-Stellenbosch_Hotel-Stellenbosch_Western_Cape.html", "country": "US", "domain_rank": 189, "title": "Over priced with under delivery", "performance_score": 0, "site": "tripadvisor.com", "participants_count": 1, "title_full": "Over priced with under delivery - Review of Stellenbosch Hotel, Stellenbosch, South Africa - TripAdvisor", "spam_score": 0.0, "site_type": "discussions", "published": "2017-03-17T02:00:00.000+02:00", "replies_count": 0, "uuid": "02982e4ea9fedf3af4a6998721897db07477440b"}, "author": "91cathrynf", "url": "https://www.tripadvisor.com/ShowUserReviews-g312673-d502918-r468019775-Stellenbosch_Hotel-Stellenbosch_Western_Cape.html", "ord_in_thread": 0, "title": "Over priced with under delivery", "locations": [], "entities": {"persons": [], "locations": [], "organizations": []}, "highlightText": "", "language": "english", "persons": [], "text": "We had a 2 bedroom appt which was described as \"luxury\". It was anything but. The furniture and decor was old and dated, the main bedroom had 2 single beds of different heights pushed together and called this a king. The main ensuite had no shower, only a small bath. The TV couch was very small and extremely uncomfortable and for a 4 person appt, you could only get 2 on the couch. This was terrible value and I believe well overpriced and I'll never stay there again.", "external_links": [], "published": "2017-03-17T02:00:00.000+02:00", "crawled": "2017-03-27T03:03:15.085+03:00", "highlightTitle": ""}