{"organizations": [], "uuid": "483d7097775213b894dbb71742a1ea5546accff3", "thread": {"social": {"gplus": {"shares": 0}, "pinterest": {"shares": 0}, "vk": {"shares": 0}, "linkedin": {"shares": 0}, "facebook": {"likes": 0, "shares": 0, "comments": 0}, "stumbledupon": {"shares": 0}}, "site_full": "www.tripadvisor.com", "main_image": "https://media-cdn.tripadvisor.com/media/photo-s/0a/d3/e9/2b/epsilon-hotel.jpg", "site_section": "https://www.tripadvisor.com/Hotel_Review-g186338-d7101059-Reviews-Epsilon_Hotel-London_England.html", "section_title": "Epsilon Hotel - UPDATED 2017 Reviews &amp; Price Comparison (London, England) - TripAdvisor", "url": "https://www.tripadvisor.com/ShowUserReviews-g186338-d7101059-r464497932-Epsilon_Hotel-London_England.html", "country": "US", "domain_rank": 189, "title": "STAY AWAY FROM THIS HOTEL.... Horrible", "performance_score": 0, "site": "tripadvisor.com", "participants_count": 1, "title_full": "STAY AWAY FROM THIS HOTEL.... Horrible - Review of Epsilon Hotel, London, England - TripAdvisor", "spam_score": 0.0, "site_type": "discussions", "published": "2017-03-04T02:00:00.000+02:00", "replies_count": 0, "uuid": "483d7097775213b894dbb71742a1ea5546accff3"}, "author": "Santas", "url": "https://www.tripadvisor.com/ShowUserReviews-g186338-d7101059-r464497932-Epsilon_Hotel-London_England.html", "ord_in_thread": 0, "title": "STAY AWAY FROM THIS HOTEL.... Horrible", "locations": [], "entities": {"persons": [], "locations": [], "organizations": []}, "highlightText": "", "language": "english", "persons": [], "text": "Located next to a street and extremely noisy through the whole night - Very poor breakfast - Very small room - No safety box and cleaning staff mess our suitcase and my wifes design sunglasses was disappeared from the room and people at the reception refuses what happened - There is a lot of immigrants in this area and you can feel unsafe waking alone at the night STAY AWAY FROM THIS HOTEL.... Horrible", "external_links": [], "published": "2017-03-04T02:00:00.000+02:00", "crawled": "2017-03-31T22:28:24.942+03:00", "highlightTitle": ""}