{"organizations": [], "uuid": "8bfad178a181e0a64ee55dfce558597414e83200", "thread": {"social": {"gplus": {"shares": 0}, "pinterest": {"shares": 0}, "vk": {"shares": 0}, "linkedin": {"shares": 0}, "facebook": {"likes": 0, "shares": 0, "comments": 0}, "stumbledupon": {"shares": 0}}, "site_full": "www.tripadvisor.com", "main_image": "https://media-cdn.tripadvisor.com/media/photo-s/0a/c4/61/33/lobby.jpg", "site_section": "https://www.tripadvisor.com/Hotel_Review-g60763-d1025779-Reviews-Candlewood_Suites_New_York_City_Times_Square-New_York_City_New_York.html", "section_title": "Candlewood Suites New York City Times Square - UPDATED 2017 Hotel Reviews &amp; Price Comparison - TripAdvisor", "url": "https://www.tripadvisor.com/ShowUserReviews-g60763-d1025779-r466279330-Candlewood_Suites_New_York_City_Times_Square-New_York_City_New_York.html", "country": "US", "domain_rank": 189, "title": "It will be nice", "performance_score": 0, "site": "tripadvisor.com", "participants_count": 2, "title_full": "It will be nice - Review of Candlewood Suites New York City Times Square, New York City, NY - TripAdvisor", "spam_score": 0.309, "site_type": "discussions", "published": "2017-03-11T02:00:00.000+02:00", "replies_count": 1, "uuid": "8bfad178a181e0a64ee55dfce558597414e83200"}, "author": "andrewwL1620ME", "url": "https://www.tripadvisor.com/ShowUserReviews-g60763-d1025779-r466279330-Candlewood_Suites_New_York_City_Times_Square-New_York_City_New_York.html", "ord_in_thread": 0, "title": "It will be nice", "locations": [], "entities": {"persons": [], "locations": [], "organizations": []}, "highlightText": "", "language": "english", "persons": [], "text": "Walking in to a three star hotel I smells paint saw that new floors were in the lobby and there was a big tarp covering over an area the hotel was being redone.the elevator floors were really cool the hallways though were the rooms were were tight in a weird shape and carpeted.Are room deactivated twice and are room was what you get when you pay 30 dollars.It was a one bedroom one bath suite wit a smalll living room hardwood floor kitchen push button flush toilet and a horrible view.we on the highest floor with the view of a building the hotel was also veary sketches set up no pool and a fitness center in the basement.in Are room the bed was an average hard soft bed the pull out couch had no mattress just sheets in stings so you could feel the Metal in your back and since there was a third kid with us the hotel did not offer roll in beds so we had to make couch Cushions a bed what was the most comfortable belove it or not\nRoom Tip: Rooms on lower floors have better views See more room tips Green Features: One guy at the desk was veary good helping us find what we wanted at the city", "external_links": ["https://static.tacdn.com/img2/x.gif"], "published": "2017-03-11T02:00:00.000+02:00", "crawled": "2017-03-29T13:41:31.820+03:00", "highlightTitle": ""}