{"organizations": [], "uuid": "4c85f75da58d0e3732b7e48154a6c9476cca636f", "thread": {"social": {"gplus": {"shares": 0}, "pinterest": {"shares": 0}, "vk": {"shares": 0}, "linkedin": {"shares": 0}, "facebook": {"likes": 0, "shares": 0, "comments": 0}, "stumbledupon": {"shares": 0}}, "site_full": "www.tripadvisor.com", "main_image": "https://media-cdn.tripadvisor.com/media/photo-s/06/2c/33/94/beigh-p138-club-oasis.jpg", "site_section": "https://www.tripadvisor.com/Hotel_Review-g294212-d305304-Reviews-Grand_Hyatt_Beijing-Beijing.html", "section_title": "Grand Hyatt Beijing - UPDATED 2017 Hotel Reviews &amp; Price Comparison (China) - TripAdvisor", "url": "https://www.tripadvisor.com/ShowUserReviews-g294212-d305304-r471385519-Grand_Hyatt_Beijing-Beijing.html", "country": "US", "domain_rank": 189, "title": "Bad service", "performance_score": 0, "site": "tripadvisor.com", "participants_count": 1, "title_full": "Bad service - Review of Grand Hyatt Beijing, Beijing, China - TripAdvisor", "spam_score": 0.0, "site_type": "discussions", "published": "2017-03-30T03:00:00.000+03:00", "replies_count": 0, "uuid": "4c85f75da58d0e3732b7e48154a6c9476cca636f"}, "author": "Anood K", "url": "https://www.tripadvisor.com/ShowUserReviews-g294212-d305304-r471385519-Grand_Hyatt_Beijing-Beijing.html", "ord_in_thread": 0, "title": "Bad service", "locations": [], "entities": {"persons": [], "locations": [], "organizations": []}, "highlightText": "", "language": "english", "persons": [], "text": "Myself with my colleagues stayed 4 nights and from the day I arrived I took bad impression up to the day am leaving.\n1- no one took our bags when we arrived.\n2- check-in took so long time although we arrived late around 4am since our flight was delayed and we have mentioned the same to hurry up.\n3- We (myself and my colleague) carried our bags by ourselves to our rooms\n4- the bed mattress not comfortable and the pillow too (surprised me)\n5- rarely ppl speaks Eng.\n6- concierge not helpful , Around 4:30pm asked about the hotel Italian restaurant and he guided me to go to 2nd floor. We I went and after 10mins trying to talk to someone eng there, I shocked it will open 5:30pm. Simply any concierge will give the time or mention it's closed now! I went again asked about restaurants, again no recommendation !\n7- duty manager Jason, no Proffessional communication skills\nAll in all, I will never select the hotel for personal or business .", "external_links": ["https://static.tacdn.com/img2/x.gif"], "published": "2017-03-30T03:00:00.000+03:00", "crawled": "2017-03-31T19:42:02.991+03:00", "highlightTitle": ""}