{"organizations": [], "uuid": "e53dfc536d2bf4163af2ee693e47a6e42b7dde59", "thread": {"social": {"gplus": {"shares": 0}, "pinterest": {"shares": 0}, "vk": {"shares": 0}, "linkedin": {"shares": 0}, "facebook": {"likes": 0, "shares": 0, "comments": 0}, "stumbledupon": {"shares": 0}}, "site_full": "www.tripadvisor.com", "main_image": "https://media-cdn.tripadvisor.com/media/photo-s/03/06/92/b5/stellenbosch-hotel.jpg", "site_section": "https://www.tripadvisor.com/Hotel_Review-g312673-d502918-Reviews-or40-Stellenbosch_Hotel-Stellenbosch_Western_Cape.html", "section_title": "Stellenbosch Hotel - UPDATED 2017 Reviews &amp; Price Comparison (South Africa) - TripAdvisor", "url": "https://www.tripadvisor.com/ShowUserReviews-g312673-d502918-r455426557-Stellenbosch_Hotel-Stellenbosch_Western_Cape.html", "country": "US", "domain_rank": 189, "title": "Bad value for money", "performance_score": 0, "site": "tripadvisor.com", "participants_count": 1, "title_full": "Bad value for money - Review of Stellenbosch Hotel, Stellenbosch, South Africa - TripAdvisor", "spam_score": 0.0, "site_type": "discussions", "published": "2017-03-02T02:00:00.000+02:00", "replies_count": 0, "uuid": "e53dfc536d2bf4163af2ee693e47a6e42b7dde59"}, "author": "Loezzie", "url": "https://www.tripadvisor.com/ShowUserReviews-g312673-d502918-r455426557-Stellenbosch_Hotel-Stellenbosch_Western_Cape.html", "ord_in_thread": 0, "title": "Bad value for money", "locations": [], "entities": {"persons": [], "locations": [], "organizations": []}, "highlightText": "", "language": "english", "persons": [], "text": "Great location in Stellenbosch! Close to bars, shops and restaurants. Nice breakfast.\nThough rooms are very small and we found ants in our (bath)room. Staff could be more helpful. It was one of the most expensive hotels we stayed during our 3 weeks holiday, but not worth it.", "external_links": [], "published": "2017-03-02T02:00:00.000+02:00", "crawled": "2017-03-27T03:11:55.766+03:00", "highlightTitle": ""}