{"organizations": [], "uuid": "06ed214628425a4dbd7a6b463710cab8fe0e3cf2", "thread": {"social": {"gplus": {"shares": 0}, "pinterest": {"shares": 0}, "vk": {"shares": 0}, "linkedin": {"shares": 0}, "facebook": {"likes": 0, "shares": 0, "comments": 0}, "stumbledupon": {"shares": 0}}, "site_full": "www.tripadvisor.com", "main_image": "https://media-cdn.tripadvisor.com/media/photo-s/06/a0/45/31/the-franklin.jpg", "site_section": "https://www.tripadvisor.com/Hotel_Review-g60763-d93575-Reviews-The_Franklin-New_York_City_New_York.html", "section_title": "The Franklin - UPDATED 2017 Hotel Reviews &amp; Price Comparison (New York City) - TripAdvisor", "url": "https://www.tripadvisor.com/ShowUserReviews-g60763-d93575-r469176695-The_Franklin-New_York_City_New_York.html", "country": "US", "domain_rank": 189, "title": "In great decline! Do not stay here.", "performance_score": 0, "site": "tripadvisor.com", "participants_count": 1, "title_full": "In great decline! Do not stay here. - Review of The Franklin, New York City, NY - TripAdvisor", "spam_score": 0.005, "site_type": "discussions", "published": "2017-03-21T02:00:00.000+02:00", "replies_count": 0, "uuid": "06ed214628425a4dbd7a6b463710cab8fe0e3cf2"}, "author": "travlfamily", "url": "https://www.tripadvisor.com/ShowUserReviews-g60763-d93575-r469176695-The_Franklin-New_York_City_New_York.html", "ord_in_thread": 0, "title": "In great decline! Do not stay here.", "locations": [], "entities": {"persons": [], "locations": [], "organizations": []}, "highlightText": "", "language": "english", "persons": [], "text": "We stay here regularly when in NYC and have noticed an enormous decline in this hotel. To name a few: newspapers have been discontinued, staff (except for bellmen and porters) are rude, breakfast room is not clean and furniture is drooping with age. Zero follow up from front desk staff when voicing a concern. What a shame--this used to be a delightful little hotel.", "external_links": [], "published": "2017-03-21T02:00:00.000+02:00", "crawled": "2017-03-30T17:27:46.799+03:00", "highlightTitle": ""}