{"organizations": [], "uuid": "5d0d9e185c185e8135e44207398a6bca5ac70d3d", "thread": {"social": {"gplus": {"shares": 0}, "pinterest": {"shares": 0}, "vk": {"shares": 0}, "linkedin": {"shares": 0}, "facebook": {"likes": 0, "shares": 0, "comments": 0}, "stumbledupon": {"shares": 0}}, "site_full": "www.tripadvisor.com", "main_image": "https://media-cdn.tripadvisor.com/media/photo-s/0e/82/21/2b/hotel-exterior-view-by.jpg", "site_section": "https://www.tripadvisor.com/Hotel_Review-g186338-d189339-Reviews-or10-Holiday_Inn_Express_London_City-London_England.html", "section_title": "Holiday Inn Express London City - UPDATED 2017 Hotel Reviews &amp; Price Comparison (England) - TripAdvisor", "url": "https://www.tripadvisor.com/ShowUserReviews-g186338-d189339-r463756977-Holiday_Inn_Express_London_City-London_England.html", "country": "US", "domain_rank": 189, "title": "The worst hotel I have ever seen", "performance_score": 0, "site": "tripadvisor.com", "participants_count": 2, "title_full": "The worst hotel I have ever seen - Review of Holiday Inn Express London City, London, England - TripAdvisor", "spam_score": 0.0, "site_type": "discussions", "published": "2017-03-01T02:00:00.000+02:00", "replies_count": 1, "uuid": "5d0d9e185c185e8135e44207398a6bca5ac70d3d"}, "author": "András A", "url": "https://www.tripadvisor.com/ShowUserReviews-g186338-d189339-r463756977-Holiday_Inn_Express_London_City-London_England.html", "ord_in_thread": 0, "title": "The worst hotel I have ever seen", "locations": [], "entities": {"persons": [], "locations": [], "organizations": []}, "highlightText": "", "language": "english", "persons": [], "text": "The hotel is awful. The breakfast is disgusting and the cutlery is dirty. I've found chocolate on the spoons, far on the knife and fried eggs on the forks. I was woke up in the morning by bed bugs.\nThere is no ventilation in the bathroom. Steam everywhere.\nIt was a terrible 3 night stand. Avoid this place.", "external_links": [], "published": "2017-03-01T02:00:00.000+02:00", "crawled": "2017-03-31T22:07:13.412+03:00", "highlightTitle": ""}