{"organizations": [], "uuid": "d4b2e50e5e36b79bdf187b74c53041124ca4accf", "thread": {"social": {"gplus": {"shares": 0}, "pinterest": {"shares": 0}, "vk": {"shares": 0}, "linkedin": {"shares": 0}, "facebook": {"likes": 0, "shares": 0, "comments": 0}, "stumbledupon": {"shares": 0}}, "site_full": "www.tripadvisor.com", "main_image": "https://media-cdn.tripadvisor.com/media/photo-s/0e/c5/16/00/double-room.jpg", "site_section": "https://www.tripadvisor.com/Hotel_Review-g186338-d2458180-Reviews-or20-Point_A_Hotel_London_Liverpool_Street-London_England.html", "section_title": "Point A Hotel, London Liverpool Street - UPDATED 2017 Reviews &amp; Price Comparison (England) - TripAdvisor", "url": "https://www.tripadvisor.com/ShowUserReviews-g186338-d2458180-r469304836-Point_A_Hotel_London_Liverpool_Street-London_England.html", "country": "US", "domain_rank": 189, "title": "arrived in an overbooked hotel...", "performance_score": 0, "site": "tripadvisor.com", "participants_count": 1, "title_full": "arrived in an overbooked hotel... - Review of Point A Hotel, London Liverpool Street, London, England - TripAdvisor", "spam_score": 0.054, "site_type": "discussions", "published": "2017-03-22T02:00:00.000+02:00", "replies_count": 0, "uuid": "d4b2e50e5e36b79bdf187b74c53041124ca4accf"}, "author": "D1756TUandreash", "url": "https://www.tripadvisor.com/ShowUserReviews-g186338-d2458180-r469304836-Point_A_Hotel_London_Liverpool_Street-London_England.html", "ord_in_thread": 0, "title": "arrived in an overbooked hotel...", "locations": [], "entities": {"persons": [], "locations": [], "organizations": []}, "highlightText": "", "language": "english", "persons": [], "text": "....long waiting in queues in fornt of service desk, no information given to me during long senslesss waiting for check in, overwhelmed staff, staring at their front desk computers, gave no announcement to the growing queue of people waiting for check in.\nFinally", "external_links": [], "published": "2017-03-22T02:00:00.000+02:00", "crawled": "2017-03-31T21:23:52.938+03:00", "highlightTitle": ""}