{"organizations": [], "uuid": "2df638eb93138eaf2fa76705edec7580917152d7", "thread": {"social": {"gplus": {"shares": 0}, "pinterest": {"shares": 0}, "vk": {"shares": 0}, "linkedin": {"shares": 0}, "facebook": {"likes": 0, "shares": 0, "comments": 0}, "stumbledupon": {"shares": 0}}, "site_full": "www.tripadvisor.com", "main_image": "https://media-cdn.tripadvisor.com/media/photo-s/0e/81/d4/15/hotel-exterior.jpg", "site_section": "https://www.tripadvisor.com/Hotel_Review-g60763-d208453-Reviews-or40-Hilton_Times_Square-New_York_City_New_York.html", "section_title": "Hilton Times Square - UPDATED 2017 Hotel Reviews &amp; Price Comparison (New York City) - TripAdvisor", "url": "https://www.tripadvisor.com/ShowUserReviews-g60763-d208453-r466422768-Hilton_Times_Square-New_York_City_New_York.html", "country": "US", "domain_rank": 189, "title": "FAIL!!!!", "performance_score": 0, "site": "tripadvisor.com", "participants_count": 2, "title_full": "FAIL!!!! - Review of Hilton Times Square, New York City, NY - TripAdvisor", "spam_score": 0.009, "site_type": "discussions", "published": "2017-03-11T02:00:00.000+02:00", "replies_count": 1, "uuid": "2df638eb93138eaf2fa76705edec7580917152d7"}, "author": "rrivers81", "url": "https://www.tripadvisor.com/ShowUserReviews-g60763-d208453-r466422768-Hilton_Times_Square-New_York_City_New_York.html", "ord_in_thread": 0, "title": "FAIL!!!!", "locations": [], "entities": {"persons": [], "locations": [], "organizations": []}, "highlightText": "", "language": "english", "persons": [], "text": "I booked through booking.com , I called the hotel directly to make sure they had my reservation for 3 rooms, they said \"of course\" I show up at 1am with 2 kids and grandparents, they canceled my rooms. They claim the cc was declined. No one tried to call me or email me. We had to search NYC for 3 rooms on a Saturday night with no help from Hilton. FAIL ON YOUR PART HILTON!! But of course my cc was charged anyway, the one that was declined..Magic I guess...", "external_links": [], "published": "2017-03-11T02:00:00.000+02:00", "crawled": "2017-03-29T06:19:46.577+03:00", "highlightTitle": ""}