{"organizations": [], "uuid": "c0e0b092a4032d993aed9839f8acf9f99e9f5103", "thread": {"social": {"gplus": {"shares": 0}, "pinterest": {"shares": 0}, "vk": {"shares": 0}, "linkedin": {"shares": 0}, "facebook": {"likes": 0, "shares": 0, "comments": 0}, "stumbledupon": {"shares": 0}}, "site_full": "www.tripadvisor.com", "main_image": "https://media-cdn.tripadvisor.com/media/photo-s/06/dd/5f/3c/nycts-p046-deluxe-view.jpg", "site_section": "https://www.tripadvisor.com/Hotel_Review-g60763-d4799063-Reviews-or25-Hyatt_Centric_Times_Square_New_York-New_York_City_New_York.html", "section_title": "Hyatt Centric Times Square New York - UPDATED 2017 Hotel Reviews &amp; Price Comparison (New York City) - TripAdvisor", "url": "https://www.tripadvisor.com/ShowUserReviews-g60763-d4799063-r468412492-Hyatt_Centric_Times_Square_New_York-New_York_City_New_York.html", "country": "US", "domain_rank": 189, "title": "I never find my money", "performance_score": 0, "site": "tripadvisor.com", "participants_count": 2, "title_full": "I never find my money - Review of Hyatt Centric Times Square New York, New York City, NY - TripAdvisor", "spam_score": 0.008, "site_type": "discussions", "published": "2017-03-18T02:00:00.000+02:00", "replies_count": 1, "uuid": "c0e0b092a4032d993aed9839f8acf9f99e9f5103"}, "author": "Belen I", "url": "https://www.tripadvisor.com/ShowUserReviews-g60763-d4799063-r468412492-Hyatt_Centric_Times_Square_New_York-New_York_City_New_York.html", "ord_in_thread": 0, "title": "I never find my money", "locations": [], "entities": {"persons": [], "locations": [], "organizations": []}, "highlightText": "", "language": "english", "persons": [], "text": "I stay 1 week, on the third day of my stay i didn´t find $400. Anyway, I talked to the receptionist, and then I talked to the manager, they told me they were trying to know what happened with my money. Days passed, and my money never appeared.", "external_links": [], "published": "2017-03-18T02:00:00.000+02:00", "crawled": "2017-03-27T15:18:58.954+03:00", "highlightTitle": ""}