{"organizations": [], "uuid": "1b0617b8a6d25380069a45fe2c4fa283fa3cb856", "thread": {"social": {"gplus": {"shares": 0}, "pinterest": {"shares": 0}, "vk": {"shares": 0}, "linkedin": {"shares": 0}, "facebook": {"likes": 0, "shares": 0, "comments": 0}, "stumbledupon": {"shares": 0}}, "site_full": "www.tripadvisor.com", "main_image": "https://media-cdn.tripadvisor.com/media/photo-s/0e/11/4a/2f/exterior.jpg", "site_section": "https://www.tripadvisor.com/Hotel_Review-g187147-d229450-Reviews-Hotel_Baltimore_Paris_Champs_Elysees-Paris_Ile_de_France.html", "section_title": "Hotel Baltimore Paris Champs-Elysees - UPDATED 2017 Reviews &amp; Price Comparison (France) - TripAdvisor", "url": "https://www.tripadvisor.com/ShowUserReviews-g187147-d229450-r466548783-Hotel_Baltimore_Paris_Champs_Elysees-Paris_Ile_de_France.html", "country": "US", "domain_rank": 189, "title": "Poor customer service", "performance_score": 0, "site": "tripadvisor.com", "participants_count": 2, "title_full": "Poor customer service - Review of Hotel Baltimore Paris Champs-Elysees, Paris, France - TripAdvisor", "spam_score": 0.001, "site_type": "discussions", "published": "2017-03-12T02:00:00.000+02:00", "replies_count": 1, "uuid": "1b0617b8a6d25380069a45fe2c4fa283fa3cb856"}, "author": "Jenny M", "url": "https://www.tripadvisor.com/ShowUserReviews-g187147-d229450-r466548783-Hotel_Baltimore_Paris_Champs_Elysees-Paris_Ile_de_France.html", "ord_in_thread": 0, "title": "Poor customer service", "locations": [], "entities": {"persons": [], "locations": [], "organizations": []}, "highlightText": "", "language": "english", "persons": [], "text": "I have reserved for a week at this hotel for an upcoming stay. I have sent them 3 emails through their portal which is very laborious, regarding my reservation, and from which I have received aknowledgement receipt from the hotel but no one had the decency to answer any of my emails as of now ( more than 15 days later) I'm a member of the group as well. I will make sure not to use this chain in the future as their customer service is inexistant", "external_links": [], "published": "2017-03-12T02:00:00.000+02:00", "crawled": "2017-03-28T20:27:44.436+03:00", "highlightTitle": ""}