{"organizations": [], "uuid": "c0e0ed4dcfe4f0a49ffc09d04442d4cad89d6e45", "thread": {"social": {"gplus": {"shares": 0}, "pinterest": {"shares": 0}, "vk": {"shares": 0}, "linkedin": {"shares": 0}, "facebook": {"likes": 0, "shares": 0, "comments": 0}, "stumbledupon": {"shares": 0}}, "site_full": "www.tripadvisor.com", "main_image": "https://media-cdn.tripadvisor.com/media/photo-s/09/ab/d0/5d/est-hotel-paris.jpg", "site_section": "https://www.tripadvisor.com/Hotel_Review-g187147-d282315-Reviews-Est_Hotel_Paris-Paris_Ile_de_France.html", "section_title": "Est Hotel Paris - UPDATED 2017 Reviews &amp; Price Comparison (France) - TripAdvisor", "url": "https://www.tripadvisor.com/ShowUserReviews-g187147-d282315-r469283408-Est_Hotel_Paris-Paris_Ile_de_France.html", "country": "US", "domain_rank": 189, "title": "the staff's attitude needs overhaul", "performance_score": 0, "site": "tripadvisor.com", "participants_count": 1, "title_full": "the staff's attitude needs overhaul - Review of Est Hotel Paris, Paris, France - TripAdvisor", "spam_score": 0.039, "site_type": "discussions", "published": "2017-03-21T02:00:00.000+02:00", "replies_count": 0, "uuid": "c0e0ed4dcfe4f0a49ffc09d04442d4cad89d6e45"}, "author": "Billyboy B", "url": "https://www.tripadvisor.com/ShowUserReviews-g187147-d282315-r469283408-Est_Hotel_Paris-Paris_Ile_de_France.html", "ord_in_thread": 0, "title": "the staff's attitude needs overhaul", "locations": [], "entities": {"persons": [], "locations": [], "organizations": []}, "highlightText": "", "language": "english", "persons": [], "text": "The hotel location is not that bad. It is in a walking distance to the train station. The room is clean and spacious. Though it was during renovation period, it is too dusty especially for those who are allergic to dust might have a problem.\nThe bad part is the super thin wall. I do mean it is very very thin! Ones can hear anyone's footstep on the other side of the wall.\nThe major bad part is the staff attitude. It was such unfortunate to come across with the obnoxious yet unfriendly female staff who use the very rude tonality when speaking to her guest.\nRoom Tip: try some other hotels See more room tips", "external_links": [], "published": "2017-03-21T02:00:00.000+02:00", "crawled": "2017-03-27T06:05:00.146+03:00", "highlightTitle": ""}