{"organizations": [], "uuid": "e124be6094ea5ad1483b19d428406c4bc5bca3dc", "thread": {"social": {"gplus": {"shares": 0}, "pinterest": {"shares": 0}, "vk": {"shares": 0}, "linkedin": {"shares": 0}, "facebook": {"likes": 0, "shares": 0, "comments": 0}, "stumbledupon": {"shares": 0}}, "site_full": "www.tripadvisor.com", "main_image": "https://media-cdn.tripadvisor.com/media/photo-s/06/fd/f0/aa/double-room.jpg", "site_section": "https://www.tripadvisor.com/Hotel_Review-g187147-d230472-Reviews-Hotel_D_angleterre_Etoile-Paris_Ile_de_France.html", "section_title": "Hotel D'angleterre Etoile - UPDATED 2017 Reviews &amp; Price Comparison (Paris, France) - TripAdvisor", "url": "https://www.tripadvisor.com/ShowUserReviews-g187147-d230472-r470159601-Hotel_D_angleterre_Etoile-Paris_Ile_de_France.html", "country": "US", "domain_rank": 189, "title": "Didn't like my stay at hotel, was feeling cheated", "performance_score": 0, "site": "tripadvisor.com", "participants_count": 1, "title_full": "Didn't like my stay at hotel, was feeling cheated - Review of Hotel D'angleterre Etoile, Paris, France - TripAdvisor", "spam_score": 0.0, "site_type": "discussions", "published": "2017-03-25T03:00:00.000+03:00", "replies_count": 0, "uuid": "e124be6094ea5ad1483b19d428406c4bc5bca3dc"}, "author": "Ануш М", "url": "https://www.tripadvisor.com/ShowUserReviews-g187147-d230472-r470159601-Hotel_D_angleterre_Etoile-Paris_Ile_de_France.html", "ord_in_thread": 0, "title": "Didn't like my stay at hotel, was feeling cheated", "locations": [], "entities": {"persons": [], "locations": [], "organizations": []}, "highlightText": "", "language": "english", "persons": [], "text": "Awful, incompetent stuff. I had booked and payed a room for a one day only, then checked with the person in reception, she confirmed that I can have another room ,(view from my current room was not good​) if I book next day also. I booked it, did a payment and next morning clerk said me what my room can't be changed. Also in the 2nd day of stay room wasn't cleaned.I was filling cheated :(", "external_links": [], "published": "2017-03-25T03:00:00.000+03:00", "crawled": "2017-03-29T12:12:18.785+03:00", "highlightTitle": ""}