{"organizations": [], "uuid": "8cefa4b8dc2889ae80d435ddbf8706e3705e689c", "thread": {"social": {"gplus": {"shares": 0}, "pinterest": {"shares": 0}, "vk": {"shares": 0}, "linkedin": {"shares": 0}, "facebook": {"likes": 0, "shares": 0, "comments": 0}, "stumbledupon": {"shares": 0}}, "site_full": "www.tripadvisor.com", "main_image": "https://media-cdn.tripadvisor.com/media/photo-s/05/18/92/96/viceroy-new-york.jpg", "site_section": "https://www.tripadvisor.com/Hotel_Review-g60763-d4232686-Reviews-Viceroy_Central_Park_New_York-New_York_City_New_York.html", "section_title": "Viceroy Central Park New York - UPDATED 2017 Hotel Reviews &amp; Price Comparison (New York City) - TripAdvisor", "url": "https://www.tripadvisor.com/ShowUserReviews-g60763-d4232686-r470309743-Viceroy_Central_Park_New_York-New_York_City_New_York.html", "country": "US", "domain_rank": 189, "title": "Overall unfriendly and impersonable. Major disconnect from the hotel and its restaurant and bar.", "performance_score": 0, "site": "tripadvisor.com", "participants_count": 2, "title_full": "Overall unfriendly and impersonable. Major disconnect from the hotel and its restaurant and bar. - Review of Viceroy Central Park New York, New York City, NY - TripAdvisor", "spam_score": 0.002, "site_type": "discussions", "published": "2017-03-26T03:00:00.000+03:00", "replies_count": 1, "uuid": "8cefa4b8dc2889ae80d435ddbf8706e3705e689c"}, "author": "L6205ZJmariev", "url": "https://www.tripadvisor.com/ShowUserReviews-g60763-d4232686-r470309743-Viceroy_Central_Park_New_York-New_York_City_New_York.html", "ord_in_thread": 0, "title": "Overall unfriendly and impersonable. Major disconnect from the hotel and its restaurant and bar.", "locations": [], "entities": {"persons": [], "locations": [], "organizations": []}, "highlightText": "", "language": "english", "persons": [], "text": "Had several issues with the cleanliness of the room from used tips on the floor to a stained bathrobe. These were simple issues to fix but for whatever reason took days and multiple complaints to rectify. Had spent much time in the restaurant however only once did I have a good server. Had 3 experiences inside the rooftop bar and only once did I receive good service from one of the bartenders.", "external_links": [], "published": "2017-03-26T03:00:00.000+03:00", "crawled": "2017-03-29T15:20:28.674+03:00", "highlightTitle": ""}