{"organizations": [], "uuid": "d40d197e8a103efff6b5c4fe02f5207b966c1088", "thread": {"social": {"gplus": {"shares": 0}, "pinterest": {"shares": 0}, "vk": {"shares": 0}, "linkedin": {"shares": 0}, "facebook": {"likes": 0, "shares": 0, "comments": 0}, "stumbledupon": {"shares": 0}}, "site_full": "www.tripadvisor.com", "main_image": "https://media-cdn.tripadvisor.com/media/photo-s/06/d2/2c/a2/golden-hotel-paris.jpg", "site_section": "https://www.tripadvisor.com/Hotel_Review-g187147-d315163-Reviews-Golden_Hotel_Paris-Paris_Ile_de_France.html", "section_title": "Golden Hotel Paris - UPDATED 2017 Reviews &amp; Price Comparison (France) - TripAdvisor", "url": "https://www.tripadvisor.com/ShowUserReviews-g187147-d315163-r469714433-Golden_Hotel_Paris-Paris_Ile_de_France.html", "country": "US", "domain_rank": 189, "title": "The Golden Hotel -", "performance_score": 0, "site": "tripadvisor.com", "participants_count": 1, "title_full": "The Golden Hotel - Review of Golden Hotel Paris, Paris, France - TripAdvisor", "spam_score": 0.109, "site_type": "discussions", "published": "2017-03-23T02:00:00.000+02:00", "replies_count": 0, "uuid": "d40d197e8a103efff6b5c4fe02f5207b966c1088"}, "author": "Mike H", "url": "https://www.tripadvisor.com/ShowUserReviews-g187147-d315163-r469714433-Golden_Hotel_Paris-Paris_Ile_de_France.html", "ord_in_thread": 0, "title": "The Golden Hotel -", "locations": [], "entities": {"persons": [], "locations": [], "organizations": []}, "highlightText": "", "language": "english", "persons": [], "text": "The staff, the cleanliness, and the position of the hotel were excellent, however the room we were allocated was very compact, I am six foot and could not sit on the toilet, there was virtually no wardrobe space, for our stay of four nights.\nThe continental breakfast was adequate, however the seating was at a premium, there were only fourteen covers, so if you were a late riser, you would have to wait for someone to vacate a table to enable you to take a seat.\nThere were photographs of rooms in the extremely compact lift of generous proportions, but in our party of four couples, we did not see any of them", "external_links": [], "published": "2017-03-23T02:00:00.000+02:00", "crawled": "2017-03-27T15:34:07.751+03:00", "highlightTitle": ""}