{"organizations": [], "uuid": "809a78d6d8d691cfefa300cc8dfb05ee94f1f42a", "thread": {"social": {"gplus": {"shares": 0}, "pinterest": {"shares": 0}, "vk": {"shares": 0}, "linkedin": {"shares": 0}, "facebook": {"likes": 0, "shares": 0, "comments": 0}, "stumbledupon": {"shares": 0}}, "site_full": "www.tripadvisor.com", "main_image": "https://media-cdn.tripadvisor.com/media/photo-s/08/8a/f0/71/lobby-main.jpg", "site_section": "https://www.tripadvisor.com/Hotel_Review-g60763-d99766-Reviews-or40-The_Roosevelt_Hotel-New_York_City_New_York.html", "section_title": "The Roosevelt Hotel - UPDATED 2017 Reviews &amp; Price Comparison (New York City) - TripAdvisor", "url": "https://www.tripadvisor.com/ShowUserReviews-g60763-d99766-r467854879-The_Roosevelt_Hotel-New_York_City_New_York.html", "country": "US", "domain_rank": 189, "title": "stay here if you desire mold in room, no accommodations, bad customer service by employees who do not care", "performance_score": 0, "site": "tripadvisor.com", "participants_count": 1, "title_full": "stay here if you desire mold in room, no accommodations, bad customer service by employees who do not care - Review of The Roosevelt Hotel, New York City, NY - TripAdvisor", "spam_score": 0.0, "site_type": "discussions", "published": "2017-03-16T02:00:00.000+02:00", "replies_count": 0, "uuid": "809a78d6d8d691cfefa300cc8dfb05ee94f1f42a"}, "author": "Connie R", "url": "https://www.tripadvisor.com/ShowUserReviews-g60763-d99766-r467854879-The_Roosevelt_Hotel-New_York_City_New_York.html", "ord_in_thread": 0, "title": "stay here if you desire mold in room, no accommodations, bad customer service by employees who do not care", "locations": [], "entities": {"persons": [], "locations": [], "organizations": []}, "highlightText": "", "language": "english", "persons": [], "text": "We spoke a member of management immediately concerning our stay in the uninhabitable conditions of our room (room 1520) at the Roosevelt Hotel. Specifically, the curtains in our hotel room were entrenched with mold which caused me to vomit and cough. This mold on the curtains was within a few feet from our bed. A member of management of the hotel housekeeping came up to the room and witnesses and viewed the molded curtains and told us that we could not be switched to another room because the hotel was booked. After a third request we were able to speak to another manager. We informed the manager of the situation and there first thing he did was make a hand gesture representing the communication of “shutting up” because he did not want other guest to hear. He then cut us off and stated that there was nothing that he could do for us because we should have just left the hotel instead of sleeping in a hotel room with mold. We explained to him that we tried to switch to another room and that we were told the hotel was booked for the night and because we had given the Roosevelt hotel over three hundred dollars that was the only option for us to stay the night. After, we spoke to other members of management including that of the front desk and security, all who dismissed our issue and said that there was nothing that they could do for accommodating our loss in having to stay in a hotel infested with mold. To this day nothing has been resolved the manager failed to move us to a new room or give us a discounted rate or other promotion or any other form of in order compensate for our unacceptable inconvenience. A law suit will be commenced as we have 2 videos and 52 photos of the mold.", "external_links": [], "published": "2017-03-16T02:00:00.000+02:00", "crawled": "2017-03-31T18:39:19.713+03:00", "highlightTitle": ""}