{"organizations": [], "uuid": "e134ea58a1749c484d1916f2b3b3be8651f829f4", "thread": {"social": {"gplus": {"shares": 0}, "pinterest": {"shares": 0}, "vk": {"shares": 0}, "linkedin": {"shares": 0}, "facebook": {"likes": 0, "shares": 0, "comments": 0}, "stumbledupon": {"shares": 0}}, "site_full": "www.tripadvisor.com", "main_image": "https://media-cdn.tripadvisor.com/media/photo-s/0c/3f/ae/bf/lobby.jpg", "site_section": "https://www.tripadvisor.com/Hotel_Review-g60763-d93334-Reviews-Excelsior_Hotel-New_York_City_New_York.html", "section_title": "Excelsior Hotel - UPDATED 2017 Reviews &amp; Price Comparison (New York City) - TripAdvisor", "url": "https://www.tripadvisor.com/ShowUserReviews-g60763-d93334-r469176576-Excelsior_Hotel-New_York_City_New_York.html", "country": "US", "domain_rank": 189, "title": "Go Elsewhere", "performance_score": 0, "site": "tripadvisor.com", "participants_count": 1, "title_full": "Go Elsewhere - Review of Excelsior Hotel, New York City, NY - TripAdvisor", "spam_score": 0.123, "site_type": "discussions", "published": "2017-03-21T02:00:00.000+02:00", "replies_count": 0, "uuid": "e134ea58a1749c484d1916f2b3b3be8651f829f4"}, "author": "DGershuny", "url": "https://www.tripadvisor.com/ShowUserReviews-g60763-d93334-r469176576-Excelsior_Hotel-New_York_City_New_York.html", "ord_in_thread": 0, "title": "Go Elsewhere", "locations": [], "entities": {"persons": [], "locations": [], "organizations": []}, "highlightText": "", "language": "english", "persons": [], "text": "The front desk staff was rude and the accommodations were sub-par. In addition to dangerous electrical problems in the room, the toilet made a high-pitched squeal each time we flushed, the shower drained very slowly. Plus there is no parking at the hotel. Not worth the money.\nRoom Tip: Find another hotel. See more room tips", "external_links": [], "published": "2017-03-21T02:00:00.000+02:00", "crawled": "2017-03-29T07:47:21.135+03:00", "highlightTitle": ""}