{"organizations": [], "uuid": "252c1d077b1a8ae586e0dfdad431f99a81ecf550", "thread": {"social": {"gplus": {"shares": 0}, "pinterest": {"shares": 0}, "vk": {"shares": 0}, "linkedin": {"shares": 0}, "facebook": {"likes": 0, "shares": 0, "comments": 0}, "stumbledupon": {"shares": 0}}, "site_full": "www.tripadvisor.com", "main_image": "https://media-cdn.tripadvisor.com/media/photo-s/0b/b8/44/e6/facade-citadines-trafalgar.jpg", "site_section": "https://www.tripadvisor.com/Hotel_Review-g186338-d193043-Reviews-Citadines_Trafalgar_Square_London-London_England.html", "section_title": "Citadines Trafalgar Square London - UPDATED 2017 Hotel Reviews &amp; Price Comparison (England) - TripAdvisor", "url": "https://www.tripadvisor.com/ShowUserReviews-g186338-d193043-r469960897-Citadines_Trafalgar_Square_London-London_England.html", "country": "US", "domain_rank": 189, "title": "Property has gone downhill", "performance_score": 0, "site": "tripadvisor.com", "participants_count": 2, "title_full": "Property has gone downhill - Review of Citadines Trafalgar Square London, London, England - TripAdvisor", "spam_score": 0.001, "site_type": "discussions", "published": "2017-03-24T03:00:00.000+03:00", "replies_count": 1, "uuid": "252c1d077b1a8ae586e0dfdad431f99a81ecf550"}, "author": "Gary T", "url": "https://www.tripadvisor.com/ShowUserReviews-g186338-d193043-r469960897-Citadines_Trafalgar_Square_London-London_England.html", "ord_in_thread": 0, "title": "Property has gone downhill", "locations": [], "entities": {"persons": [], "locations": [], "organizations": []}, "highlightText": "", "language": "english", "persons": [], "text": "Could put up with the lack of prompt service and patched walls but there was no excuse for the mold around the tub. Homeless people are all around the property and become very vocal and aggressive after dark.\nRoom Tip: Street noise all night long. Vagrants all around the property. See more room tips", "external_links": [], "published": "2017-03-24T03:00:00.000+03:00", "crawled": "2017-03-31T18:12:15.193+03:00", "highlightTitle": ""}