{"organizations": [], "uuid": "30004bcbd721c987f18c6999f6d7ab6b4ddd89c1", "thread": {"social": {"gplus": {"shares": 0}, "pinterest": {"shares": 0}, "vk": {"shares": 0}, "linkedin": {"shares": 0}, "facebook": {"likes": 0, "shares": 0, "comments": 0}, "stumbledupon": {"shares": 0}}, "site_full": "www.tripadvisor.com", "main_image": "https://media-cdn.tripadvisor.com/media/photo-s/0e/c1/7b/e2/penthouse-suite-bedroom.jpg", "site_section": "https://www.tripadvisor.com/Hotel_Review-g60763-d1390172-Reviews-Fairfield_Inn_Suites_New_York_Manhattan_Times_Square-New_York_City_New_York.html", "section_title": "Fairfield Inn &amp; Suites New York Manhattan/Times Square - UPDATED 2017 Hotel Reviews &amp; Price Comparison (New York City) - TripAdvisor", "url": "https://www.tripadvisor.com/ShowUserReviews-g60763-d1390172-r467573341-Fairfield_Inn_Suites_New_York_Manhattan_Times_Square-New_York_City_New_York.html", "country": "US", "domain_rank": 189, "title": "NO!", "performance_score": 0, "site": "tripadvisor.com", "participants_count": 2, "title_full": "NO! - Review of Fairfield Inn & Suites New York Manhattan/Times Square, New York City, NY - TripAdvisor", "spam_score": 0.0, "site_type": "discussions", "published": "2017-03-15T02:00:00.000+02:00", "replies_count": 1, "uuid": "30004bcbd721c987f18c6999f6d7ab6b4ddd89c1"}, "author": "KatarzynaPe", "url": "https://www.tripadvisor.com/ShowUserReviews-g60763-d1390172-r467573341-Fairfield_Inn_Suites_New_York_Manhattan_Times_Square-New_York_City_New_York.html", "ord_in_thread": 0, "title": "NO!", "locations": [], "entities": {"persons": [], "locations": [], "organizations": []}, "highlightText": "", "language": "english", "persons": [], "text": "ROOMS: Small stinky room, very small beds (I mean it), two veeery slow and always too full elevators.\nFOOD: Breakfast was a disaster - I hardly found anything edible.\nLOCATION: Neighbourhood quite shabby, although it was really close to Times Square.\nNever again.", "external_links": [], "published": "2017-03-15T02:00:00.000+02:00", "crawled": "2017-03-29T13:56:34.859+03:00", "highlightTitle": ""}