{"organizations": [], "uuid": "d9ee18d4027b52718691511a28fa186b60321bbe", "thread": {"social": {"gplus": {"shares": 0}, "pinterest": {"shares": 0}, "vk": {"shares": 0}, "linkedin": {"shares": 0}, "facebook": {"likes": 0, "shares": 0, "comments": 0}, "stumbledupon": {"shares": 0}}, "site_full": "www.tripadvisor.com", "main_image": "https://media-cdn.tripadvisor.com/media/photo-s/0e/bd/86/a6/como-suite-lounge.jpg", "site_section": "https://www.tripadvisor.com/Hotel_Review-g186338-d187994-Reviews-COMO_The_Halkin-London_England.html", "section_title": "COMO The Halkin - UPDATED 2017 Hotel Reviews &amp; Price Comparison (London, England) - TripAdvisor", "url": "https://www.tripadvisor.com/ShowUserReviews-g186338-d187994-r469582348-COMO_The_Halkin-London_England.html", "country": "US", "domain_rank": 189, "title": "BAD!", "performance_score": 0, "site": "tripadvisor.com", "participants_count": 1, "title_full": "BAD! - Review of COMO The Halkin, London, England - TripAdvisor", "spam_score": 0.02, "site_type": "discussions", "published": "2017-03-23T02:00:00.000+02:00", "replies_count": 0, "uuid": "d9ee18d4027b52718691511a28fa186b60321bbe"}, "author": "haydenhannabuss", "url": "https://www.tripadvisor.com/ShowUserReviews-g186338-d187994-r469582348-COMO_The_Halkin-London_England.html", "ord_in_thread": 0, "title": "BAD!", "locations": [], "entities": {"persons": [], "locations": [], "organizations": []}, "highlightText": "", "language": "english", "persons": [], "text": "The service was very poor and the food was horrible. There was blood on the bed and the shower had mould in. Also the bed was very uncomfortable which meant I couldn't sleep very well.I will never stay here again.", "external_links": [], "published": "2017-03-23T02:00:00.000+02:00", "crawled": "2017-03-26T20:29:55.178+03:00", "highlightTitle": ""}