{"organizations": [], "uuid": "7fc768f4d528572514a1d4ece8a3ed172802d217", "thread": {"social": {"gplus": {"shares": 0}, "pinterest": {"shares": 0}, "vk": {"shares": 0}, "linkedin": {"shares": 0}, "facebook": {"likes": 0, "shares": 0, "comments": 0}, "stumbledupon": {"shares": 0}}, "site_full": "www.tripadvisor.com", "main_image": "https://media-cdn.tripadvisor.com/media/photo-s/08/35/76/a4/cozy-room.jpg", "site_section": "https://www.tripadvisor.com/Hotel_Review-g60763-d601762-Reviews-Blue_Moon_Hotel-New_York_City_New_York.html", "section_title": "Blue Moon Hotel - UPDATED 2017 Reviews &amp; Price Comparison (New York City) - TripAdvisor", "url": "https://www.tripadvisor.com/ShowUserReviews-g60763-d601762-r468895960-Blue_Moon_Hotel-New_York_City_New_York.html", "country": "US", "domain_rank": 189, "title": "Terrible", "performance_score": 0, "site": "tripadvisor.com", "participants_count": 1, "title_full": "Terrible - Review of Blue Moon Hotel, New York City, NY - TripAdvisor", "spam_score": 0.023, "site_type": "discussions", "published": "2017-03-20T02:00:00.000+02:00", "replies_count": 0, "uuid": "7fc768f4d528572514a1d4ece8a3ed172802d217"}, "author": "Rafat I", "url": "https://www.tripadvisor.com/ShowUserReviews-g60763-d601762-r468895960-Blue_Moon_Hotel-New_York_City_New_York.html", "ord_in_thread": 0, "title": "Terrible", "locations": [], "entities": {"persons": [], "locations": [], "organizations": []}, "highlightText": "", "language": "english", "persons": [], "text": "Terrible place, rude people, they just want to take your money, steel it, rip you off...\nthe staff horrible, very dirty place, Advice stay away from that place. the location, in a dirty street in new york, no parking place, really hard to find, they try to advertise it as an old historic but its is actually old and dirty.", "external_links": [], "published": "2017-03-20T02:00:00.000+02:00", "crawled": "2017-03-29T06:05:49.879+03:00", "highlightTitle": ""}