{"organizations": [], "uuid": "c463a36f28b677b4c8f7f3e751c19b83fe657c51", "thread": {"social": {"gplus": {"shares": 0}, "pinterest": {"shares": 0}, "vk": {"shares": 0}, "linkedin": {"shares": 0}, "facebook": {"likes": 0, "shares": 0, "comments": 0}, "stumbledupon": {"shares": 0}}, "site_full": "www.tripadvisor.com", "main_image": "https://media-cdn.tripadvisor.com/media/photo-s/04/af/19/7e/the-benjamin.jpg", "site_section": "https://www.tripadvisor.com/Hotel_Review-g60763-d217626-Reviews-or10-The_Benjamin-New_York_City_New_York.html", "section_title": "The Benjamin - UPDATED 2017 Hotel Reviews &amp; Price Comparison (New York City) - TripAdvisor", "url": "https://www.tripadvisor.com/ShowUserReviews-g60763-d217626-r465787392-The_Benjamin-New_York_City_New_York.html", "country": "US", "domain_rank": 189, "title": "Expected more from a luxury hotel", "performance_score": 0, "site": "tripadvisor.com", "participants_count": 1, "title_full": "Expected more from a luxury hotel - Review of The Benjamin, New York City, NY - TripAdvisor", "spam_score": 0.0, "site_type": "discussions", "published": "2017-03-09T02:00:00.000+02:00", "replies_count": 0, "uuid": "c463a36f28b677b4c8f7f3e751c19b83fe657c51"}, "author": "M L", "url": "https://www.tripadvisor.com/ShowUserReviews-g60763-d217626-r465787392-The_Benjamin-New_York_City_New_York.html", "ord_in_thread": 0, "title": "Expected more from a luxury hotel", "locations": [], "entities": {"persons": [], "locations": [], "organizations": []}, "highlightText": "", "language": "english", "persons": [], "text": "There were light brown spots on the bed sheets. The shampoo container was empty on my first night!! Check-in staff were curt and unfriendly. There was a random bottle cap on the floor of my hotel room. I requested for candy, because I was dizzy coming back from a dinner and the front desk woman looked at me and thought I was crazy. Just poor service. This is clearly not luxury service.", "external_links": [], "published": "2017-03-09T02:00:00.000+02:00", "crawled": "2017-03-29T15:39:38.561+03:00", "highlightTitle": ""}