{"organizations": [], "uuid": "df24cb253eff861bfa22349c457f2aa400d83e5f", "thread": {"social": {"gplus": {"shares": 0}, "pinterest": {"shares": 0}, "vk": {"shares": 0}, "linkedin": {"shares": 0}, "facebook": {"likes": 0, "shares": 0, "comments": 0}, "stumbledupon": {"shares": 0}}, "site_full": "www.tripadvisor.com", "main_image": "https://media-cdn.tripadvisor.com/media/photo-s/0e/11/3b/f8/guest-room.jpg", "site_section": "https://www.tripadvisor.com/Hotel_Review-g186338-d199120-Reviews-or20-Ibis_London_Euston_St_Pancras-London_England.html", "section_title": "Ibis London Euston St Pancras - UPDATED 2017 Hotel Reviews &amp; Price Comparison (England) - TripAdvisor", "url": "https://www.tripadvisor.com/ShowUserReviews-g186338-d199120-r468609752-Ibis_London_Euston_St_Pancras-London_England.html", "country": "US", "domain_rank": 189, "title": "Already someone in my room", "performance_score": 0, "site": "tripadvisor.com", "participants_count": 2, "title_full": "Already someone in my room - Review of Ibis London Euston St Pancras, London, England - TripAdvisor", "spam_score": 0.002, "site_type": "discussions", "published": "2017-03-19T02:00:00.000+02:00", "replies_count": 1, "uuid": "df24cb253eff861bfa22349c457f2aa400d83e5f"}, "author": "hastwj", "url": "https://www.tripadvisor.com/ShowUserReviews-g186338-d199120-r468609752-Ibis_London_Euston_St_Pancras-London_England.html", "ord_in_thread": 0, "title": "Already someone in my room", "locations": [], "entities": {"persons": [], "locations": [], "organizations": []}, "highlightText": "", "language": "english", "persons": [], "text": "Upon arrival at my room, I opened the door to find someone else already lying on the bed. I was then made to wait and sent 30min across town to another place to stay, far from where I needed to be in the morning.\nI complained twice online but a month later I'm still yet to hear back.\nUnprofessional.", "external_links": [], "published": "2017-03-19T02:00:00.000+02:00", "crawled": "2017-03-31T17:32:19.539+03:00", "highlightTitle": ""}