{"organizations": [], "uuid": "d23b55edc08730fb86c396c85318a8b534bcc50a", "thread": {"social": {"gplus": {"shares": 0}, "pinterest": {"shares": 0}, "vk": {"shares": 0}, "linkedin": {"shares": 0}, "facebook": {"likes": 0, "shares": 0, "comments": 0}, "stumbledupon": {"shares": 0}}, "site_full": "www.tripadvisor.com", "main_image": "https://media-cdn.tripadvisor.com/media/photo-s/05/8f/0e/8d/6-columbus-a-sixty-hotel.jpg", "site_section": "https://www.tripadvisor.com/Hotel_Review-g60763-d93383-Reviews-6_Columbus_A_SIXTY_Hotel-New_York_City_New_York.html", "section_title": "6 Columbus - A SIXTY Hotel - UPDATED 2017 Reviews &amp; Price Comparison (New York City) - TripAdvisor", "url": "https://www.tripadvisor.com/ShowUserReviews-g60763-d93383-r468190610-6_Columbus_A_SIXTY_Hotel-New_York_City_New_York.html", "country": "US", "domain_rank": 189, "title": "Nice staff m, but unstable heating system", "performance_score": 0, "site": "tripadvisor.com", "participants_count": 2, "title_full": "Nice staff m, but unstable heating system - Review of 6 Columbus - A SIXTY Hotel, New York City, NY - TripAdvisor", "spam_score": 0.0, "site_type": "discussions", "published": "2017-03-17T02:00:00.000+02:00", "replies_count": 1, "uuid": "d23b55edc08730fb86c396c85318a8b534bcc50a"}, "author": "nenapo7", "url": "https://www.tripadvisor.com/ShowUserReviews-g60763-d93383-r468190610-6_Columbus_A_SIXTY_Hotel-New_York_City_New_York.html", "ord_in_thread": 0, "title": "Nice staff m, but unstable heating system", "locations": [], "entities": {"persons": [], "locations": [], "organizations": []}, "highlightText": "", "language": "english", "persons": [], "text": "This was a last minute booking. The front desk staff were nice and quick to book us into the hotel. However, the heating system was unstable. It would blast hot and cool air throughout the night. It made it difficult to rest. In addition, you could the noise from the hallway and nearby rooms.", "external_links": [], "published": "2017-03-17T02:00:00.000+02:00", "crawled": "2017-03-30T01:00:12.778+03:00", "highlightTitle": ""}