{"organizations": [], "uuid": "1cf66399f2c588a15eff280be9ae64453e71856f", "thread": {"social": {"gplus": {"shares": 0}, "pinterest": {"shares": 0}, "vk": {"shares": 0}, "linkedin": {"shares": 0}, "facebook": {"likes": 0, "shares": 0, "comments": 0}, "stumbledupon": {"shares": 0}}, "site_full": "www.tripadvisor.com", "main_image": "https://media-cdn.tripadvisor.com/media/photo-s/04/3b/f2/00/fifth-avenue.jpg", "site_section": "https://www.tripadvisor.com/Hotel_Review-g60763-d4053109-Reviews-SpringHill_Suites_New_York_Midtown_Manhattan_Fifth_Avenue-New_York_City_New_York.html", "section_title": "SpringHill Suites New York Midtown Manhattan/Fifth Avenue - UPDATED 2017 Hotel Reviews &amp; Price Comparison (New York City) - TripAdvisor", "url": "https://www.tripadvisor.com/ShowUserReviews-g60763-d4053109-r468093778-SpringHill_Suites_New_York_Midtown_Manhattan_Fifth_Avenue-New_York_City_New_York.html", "country": "US", "domain_rank": 189, "title": "Good Place to stay close to broadway and time square - Review", "performance_score": 0, "site": "tripadvisor.com", "participants_count": 2, "title_full": "Good Place to stay close to broadway and time square - Review of SpringHill Suites New York Midtown Manhattan/Fifth Avenue, New York City, NY - TripAdvisor", "spam_score": 0.0, "site_type": "discussions", "published": "2017-03-17T02:00:00.000+02:00", "replies_count": 1, "uuid": "1cf66399f2c588a15eff280be9ae64453e71856f"}, "author": "abergman2017", "url": "https://www.tripadvisor.com/ShowUserReviews-g60763-d4053109-r468093778-SpringHill_Suites_New_York_Midtown_Manhattan_Fifth_Avenue-New_York_City_New_York.html", "ord_in_thread": 0, "title": "Good Place to stay close to broadway and time square - Review", "locations": [], "entities": {"persons": [], "locations": [], "organizations": []}, "highlightText": "", "language": "english", "persons": [], "text": "This was a good place to stay. Quiet, clean nice staff. Rooms were spacious for New York. Breakfast was good. It was a great location to get to Broadway and Time Square. Close to Empire State building and subway stops.", "external_links": ["https://static.tacdn.com/img2/x.gif"], "published": "2017-03-17T02:00:00.000+02:00", "crawled": "2017-03-29T13:59:50.721+03:00", "highlightTitle": ""}