{"organizations": [], "uuid": "f9d91d12e8882d91cacad30a62048e4c427b7d95", "thread": {"social": {"gplus": {"shares": 0}, "pinterest": {"shares": 0}, "vk": {"shares": 0}, "linkedin": {"shares": 0}, "facebook": {"likes": 0, "shares": 0, "comments": 0}, "stumbledupon": {"shares": 0}}, "site_full": "www.tripadvisor.com", "main_image": "https://media-cdn.tripadvisor.com/media/photo-s/0c/93/29/b2/chambre-familiale.jpg", "site_section": "https://www.tripadvisor.com/Hotel_Review-g187147-d285254-Reviews-Hotel_Panache-Paris_Ile_de_France.html", "section_title": "Hotel Panache - UPDATED 2017 Reviews &amp; Price Comparison (Paris, France) - TripAdvisor", "url": "https://www.tripadvisor.com/ShowUserReviews-g187147-d285254-r466692377-Hotel_Panache-Paris_Ile_de_France.html", "country": "US", "domain_rank": 189, "title": "Not what we expected", "performance_score": 0, "site": "tripadvisor.com", "participants_count": 1, "title_full": "Not what we expected - Review of Hotel Panache, Paris, France - TripAdvisor", "spam_score": 0.014, "site_type": "discussions", "published": "2017-03-13T02:00:00.000+02:00", "replies_count": 0, "uuid": "f9d91d12e8882d91cacad30a62048e4c427b7d95"}, "author": "Mariska O", "url": "https://www.tripadvisor.com/ShowUserReviews-g187147-d285254-r466692377-Hotel_Panache-Paris_Ile_de_France.html", "ord_in_thread": 0, "title": "Not what we expected", "locations": [], "entities": {"persons": [], "locations": [], "organizations": []}, "highlightText": "", "language": "english", "persons": [], "text": "In my opinion you pay way to much for the rooms. They're super small and not worth the price. The staff was really rude to us when we asked them about parking options. I even talked to him in French, but the guy was so unfriendly.. Also after the first day we had some inconvenients in our room and the reception told us to fix it, they did not. Never again !", "external_links": [], "published": "2017-03-13T02:00:00.000+02:00", "crawled": "2017-03-30T17:18:16.705+03:00", "highlightTitle": ""}