{"organizations": [], "uuid": "06ac0c0ba6235d71817cb35e1263bef92c00ade2", "thread": {"social": {"gplus": {"shares": 0}, "pinterest": {"shares": 0}, "vk": {"shares": 0}, "linkedin": {"shares": 0}, "facebook": {"likes": 0, "shares": 0, "comments": 0}, "stumbledupon": {"shares": 0}}, "site_full": "www.tripadvisor.com", "main_image": "https://media-cdn.tripadvisor.com/media/photo-s/0b/53/20/7b/guest-room.jpg", "site_section": "https://www.tripadvisor.com/Hotel_Review-g187147-d1230381-Reviews-Ibis_Styles_Paris_Lafayette_Opera-Paris_Ile_de_France.html", "section_title": "Ibis Styles Paris Lafayette Opera - UPDATED 2017 Hotel Reviews &amp; Price Comparison (France) - TripAdvisor", "url": "https://www.tripadvisor.com/ShowUserReviews-g187147-d1230381-r467121591-Ibis_Styles_Paris_Lafayette_Opera-Paris_Ile_de_France.html", "country": "US", "domain_rank": 189, "title": "Terrible!!!", "performance_score": 0, "site": "tripadvisor.com", "participants_count": 2, "title_full": "Terrible!!! - Review of Ibis Styles Paris Lafayette Opera, Paris, France - TripAdvisor", "spam_score": 0.0, "site_type": "discussions", "published": "2017-03-13T02:00:00.000+02:00", "replies_count": 1, "uuid": "06ac0c0ba6235d71817cb35e1263bef92c00ade2"}, "author": "I307TFannak", "url": "https://www.tripadvisor.com/ShowUserReviews-g187147-d1230381-r467121591-Ibis_Styles_Paris_Lafayette_Opera-Paris_Ile_de_France.html", "ord_in_thread": 0, "title": "Terrible!!!", "locations": [], "entities": {"persons": [], "locations": [], "organizations": []}, "highlightText": "", "language": "english", "persons": [], "text": "I always stay at accorhotels. I have silver card. Always before this case was everything ok. But now it was awful!!! I had pre-paid reservation for two rooms! For two rooms!!! Because i can't sleep with my parents in one room. But... They located me and my parents at one terrible small room. And didn't return money for second room!!! This is unacceptable! Holiday in Paris was spoiled!!!", "external_links": [], "published": "2017-03-13T02:00:00.000+02:00", "crawled": "2017-03-30T22:30:12.375+03:00", "highlightTitle": ""}