{"organizations": [], "uuid": "3791f6c0034174b6ecbda506392831934b8bda86", "thread": {"social": {"gplus": {"shares": 0}, "pinterest": {"shares": 0}, "vk": {"shares": 0}, "linkedin": {"shares": 0}, "facebook": {"likes": 0, "shares": 0, "comments": 0}, "stumbledupon": {"shares": 0}}, "site_full": "www.tripadvisor.com", "main_image": "https://media-cdn.tripadvisor.com/media/photo-s/07/25/89/44/midtown-park-ave.jpg", "site_section": "https://www.tripadvisor.com/Hotel_Review-g60763-d6510520-Reviews-Hilton_Garden_Inn_New_York_Midtown_Park_Ave-New_York_City_New_York.html", "section_title": "Hilton Garden Inn New York/Midtown Park Ave - UPDATED 2017 Hotel Reviews &amp; Price Comparison (New York City) - TripAdvisor", "url": "https://www.tripadvisor.com/ShowUserReviews-g60763-d6510520-r469294337-Hilton_Garden_Inn_New_York_Midtown_Park_Ave-New_York_City_New_York.html", "country": "US", "domain_rank": 189, "title": "Be Prepared for a $75 Late Checkout Fee", "performance_score": 0, "site": "tripadvisor.com", "participants_count": 2, "title_full": "Be Prepared for a $75 Late Checkout Fee - Review of Hilton Garden Inn New York/Midtown Park Ave, New York City, NY - TripAdvisor", "spam_score": 0.0, "site_type": "discussions", "published": "2017-03-21T02:00:00.000+02:00", "replies_count": 1, "uuid": "3791f6c0034174b6ecbda506392831934b8bda86"}, "author": "Marc L", "url": "https://www.tripadvisor.com/ShowUserReviews-g60763-d6510520-r469294337-Hilton_Garden_Inn_New_York_Midtown_Park_Ave-New_York_City_New_York.html", "ord_in_thread": 0, "title": "Be Prepared for a $75 Late Checkout Fee", "locations": [], "entities": {"persons": [], "locations": [], "organizations": []}, "highlightText": "", "language": "english", "persons": [], "text": "I had communicated a late check out in advance at this hotel. They indicated they did not have this on record. When I walked out of the hotel a few minutes past noon, they said I was going to be charged a $75 late checkout fee. This is outrageous considering the housekeepers still had several other rooms to clean, and I was only checking out a few MINUTES after the prescribed checkout time. I would not recommend this hotel. The staff was rude about my requests to refund the late checkout fee.", "external_links": [], "published": "2017-03-21T02:00:00.000+02:00", "crawled": "2017-03-29T04:54:49.858+03:00", "highlightTitle": ""}