{"organizations": [], "uuid": "7437df3a61615a625134c599586ce2dce9076797", "thread": {"social": {"gplus": {"shares": 0}, "pinterest": {"shares": 0}, "vk": {"shares": 0}, "linkedin": {"shares": 0}, "facebook": {"likes": 0, "shares": 0, "comments": 0}, "stumbledupon": {"shares": 0}}, "site_full": "www.tripadvisor.com", "main_image": "https://media-cdn.tripadvisor.com/media/photo-s/0b/99/95/20/vieux-marais.jpg", "site_section": "https://www.tripadvisor.com/Hotel_Review-g187147-d235629-Reviews-Vieux_Marais-Paris_Ile_de_France.html", "section_title": "Vieux Marais - UPDATED 2017 Hotel Reviews &amp; Price Comparison (Paris, France) - TripAdvisor", "url": "https://www.tripadvisor.com/ShowUserReviews-g187147-d235629-r464431771-Vieux_Marais-Paris_Ile_de_France.html", "country": "US", "domain_rank": 189, "title": "Dirty shoebox room with too short, broken bed", "performance_score": 0, "site": "tripadvisor.com", "participants_count": 1, "title_full": "Dirty shoebox room with too short, broken bed - Review of Vieux Marais, Paris, France - TripAdvisor", "spam_score": 0.0, "site_type": "discussions", "published": "2017-03-03T02:00:00.000+02:00", "replies_count": 0, "uuid": "7437df3a61615a625134c599586ce2dce9076797"}, "author": "mcathmu", "url": "https://www.tripadvisor.com/ShowUserReviews-g187147-d235629-r464431771-Vieux_Marais-Paris_Ile_de_France.html", "ord_in_thread": 0, "title": "Dirty shoebox room with too short, broken bed", "locations": [], "entities": {"persons": [], "locations": [], "organizations": []}, "highlightText": "", "language": "english", "persons": [], "text": "The room was very tiny, with just enough space for a single bed- which was too tiny for my average height and broken (sagging in the middle- really unconfortable).The floors were dirty, with a couple of used napkins under my bed, indicating the room wasn´t cleaned prior to my arrival. The bathroom floors had hair from different people (many colours). Basic french breakfast served in the rooms only (there is no dining area in the hotel) with one croissant, a baguette with butter and jam, coffee and orange juice.", "external_links": [], "published": "2017-03-03T02:00:00.000+02:00", "crawled": "2017-03-29T15:15:43.709+03:00", "highlightTitle": ""}