{"organizations": [], "uuid": "ca7c48a068c955239a8c9e2c06f91c54cdd5f54f", "thread": {"social": {"gplus": {"shares": 0}, "pinterest": {"shares": 0}, "vk": {"shares": 0}, "linkedin": {"shares": 0}, "facebook": {"likes": 0, "shares": 0, "comments": 0}, "stumbledupon": {"shares": 0}}, "site_full": "www.tripadvisor.com", "main_image": "https://media-cdn.tripadvisor.com/media/daodao/photo-s/04/26/bb/33/courtyard-room-double.jpg", "site_section": "https://www.tripadvisor.com/Hotel_Review-g294212-d793789-Reviews-Hotel_Kapok_Beijing-Beijing.html", "section_title": "Hotel Kapok Beijing - UPDATED 2017 Reviews &amp; Price Comparison (China) - TripAdvisor", "url": "https://www.tripadvisor.com/ShowUserReviews-g294212-d793789-r470231033-Hotel_Kapok_Beijing-Beijing.html", "country": "US", "domain_rank": 189, "title": "Very disappointed", "performance_score": 0, "site": "tripadvisor.com", "participants_count": 1, "title_full": "Very disappointed - Review of Hotel Kapok Beijing, Beijing, China - TripAdvisor", "spam_score": 0.0, "site_type": "discussions", "published": "2017-03-26T03:00:00.000+03:00", "replies_count": 0, "uuid": "ca7c48a068c955239a8c9e2c06f91c54cdd5f54f"}, "author": "MAWPinn", "url": "https://www.tripadvisor.com/ShowUserReviews-g294212-d793789-r470231033-Hotel_Kapok_Beijing-Beijing.html", "ord_in_thread": 0, "title": "Very disappointed", "locations": [], "entities": {"persons": [], "locations": [], "organizations": []}, "highlightText": "", "language": "english", "persons": [], "text": "This was the second time I'd stayed at this hotel. The first was ok, but this time had made it never again. Booked the fashion room/suite with the big round bath and instead got a normal bath, but to top it all the water was barely warm! Had to go out for them to fix it. The room doesn't even have a full length mirror. Both are unacceptable. Then when I came to pay the bill they added on 15%. This is clearly how they suck you into booking. This hotel is no where near the four stars it claims to be. It's simply not worth the money.", "external_links": [], "published": "2017-03-26T03:00:00.000+03:00", "crawled": "2017-03-27T02:55:53.269+03:00", "highlightTitle": ""}