{"organizations": [], "uuid": "6aa33050fcad0bc84c0e65574cc4cdfd9e68ba64", "thread": {"social": {"gplus": {"shares": 0}, "pinterest": {"shares": 0}, "vk": {"shares": 0}, "linkedin": {"shares": 0}, "facebook": {"likes": 0, "shares": 0, "comments": 0}, "stumbledupon": {"shares": 0}}, "site_full": "www.tripadvisor.com", "main_image": "https://media-cdn.tripadvisor.com/media/photo-s/0e/a1/7c/40/best-western-plus-el.jpg", "site_section": "https://www.tripadvisor.com/Hotel_Review-g32715-d80705-Reviews-BEST_WESTERN_PLUS_El_Rancho_Inn-Millbrae_California.html", "section_title": "BEST WESTERN PLUS El Rancho Inn - UPDATED 2017 Hotel Reviews &amp; Price Comparison (Millbrae, CA) - TripAdvisor", "url": "https://www.tripadvisor.com/ShowUserReviews-g32715-d80705-r468210909-BEST_WESTERN_PLUS_El_Rancho_Inn-Millbrae_California.html", "country": "ZA", "domain_rank": 189, "title": "Not everything is as it seems.", "performance_score": 0, "site": "tripadvisor.com", "participants_count": 1, "title_full": "Not everything is as it seems. - Review of BEST WESTERN PLUS El Rancho Inn, Millbrae, CA - TripAdvisor", "spam_score": 0.001, "site_type": "discussions", "published": "2017-03-17T02:00:00.000+02:00", "replies_count": 0, "uuid": "6aa33050fcad0bc84c0e65574cc4cdfd9e68ba64"}, "author": "Madeline D", "url": "https://www.tripadvisor.com/ShowUserReviews-g32715-d80705-r468210909-BEST_WESTERN_PLUS_El_Rancho_Inn-Millbrae_California.html", "ord_in_thread": 0, "title": "Not everything is as it seems.", "locations": [], "entities": {"persons": [], "locations": [], "organizations": []}, "highlightText": "", "language": "english", "persons": [], "text": "The beds and rooms are comfortable. Do not be dependent on shuttle service. They need at least an hour round trip even though it's close to the airport. They stop at 3 hotels. Also failed to send me check out receipts or anything. Not worth $200.00 for one night stay.", "external_links": [], "published": "2017-03-17T02:00:00.000+02:00", "crawled": "2017-03-26T19:00:02.712+03:00", "highlightTitle": ""}