{"organizations": [], "uuid": "2103bc1f6cf75039ac1cc5560b50113334bd60be", "thread": {"social": {"gplus": {"shares": 0}, "pinterest": {"shares": 0}, "vk": {"shares": 0}, "linkedin": {"shares": 0}, "facebook": {"likes": 0, "shares": 0, "comments": 0}, "stumbledupon": {"shares": 0}}, "site_full": "www.tripadvisor.com", "main_image": "https://media-cdn.tripadvisor.com/media/photo-s/08/8a/f0/71/lobby-main.jpg", "site_section": "https://www.tripadvisor.com/Hotel_Review-g60763-d99766-Reviews-The_Roosevelt_Hotel-New_York_City_New_York.html", "section_title": "The Roosevelt Hotel - UPDATED 2017 Reviews &amp; Price Comparison (New York City) - TripAdvisor", "url": "https://www.tripadvisor.com/ShowUserReviews-g60763-d99766-r470208108-The_Roosevelt_Hotel-New_York_City_New_York.html", "country": "US", "domain_rank": 189, "title": "Awful Hotel", "performance_score": 0, "site": "tripadvisor.com", "participants_count": 1, "title_full": "Awful Hotel - Review of The Roosevelt Hotel, New York City, NY - TripAdvisor", "spam_score": 0.132, "site_type": "discussions", "published": "2017-03-25T03:00:00.000+03:00", "replies_count": 0, "uuid": "2103bc1f6cf75039ac1cc5560b50113334bd60be"}, "author": "PermanentTraveler77", "url": "https://www.tripadvisor.com/ShowUserReviews-g60763-d99766-r470208108-The_Roosevelt_Hotel-New_York_City_New_York.html", "ord_in_thread": 0, "title": "Awful Hotel", "locations": [], "entities": {"persons": [], "locations": [], "organizations": []}, "highlightText": "", "language": "english", "persons": [], "text": "Horrible hotel. There is NOT one thing I liked about this hotel other than the location. Everything else was just BAD! The internet barely worked since they are using a third party system. Everything in this hotel seemed like it was patched up. This place needs a major rennovation. It's a pitty because it's in such a great location.", "external_links": [], "published": "2017-03-25T03:00:00.000+03:00", "crawled": "2017-03-29T07:00:25.485+03:00", "highlightTitle": ""}