{"organizations": [], "uuid": "e793cb8c6bffccb83978ba572658f82e20963e0e", "thread": {"social": {"gplus": {"shares": 0}, "pinterest": {"shares": 0}, "vk": {"shares": 0}, "linkedin": {"shares": 0}, "facebook": {"likes": 0, "shares": 0, "comments": 0}, "stumbledupon": {"shares": 0}}, "site_full": "www.tripadvisor.com", "main_image": "https://media-cdn.tripadvisor.com/media/photo-s/04/a8/a7/7b/hotel-forte.jpg", "site_section": "https://www.tripadvisor.com/Hotel_Review-g187791-d456488-Reviews-or10-Hotel_Forte-Rome_Lazio.html", "section_title": "Hotel Forte - UPDATED 2016 Reviews &amp; Price Comparison (Rome, Italy) - TripAdvisor", "url": "https://www.tripadvisor.com/ShowUserReviews-g187791-d456488-r425573070-Hotel_Forte-Rome_Lazio.html", "country": "US", "domain_rank": 189, "title": "great location, poor service, argumentative staff, shocking rooms", "performance_score": 0, "site": "tripadvisor.com", "participants_count": 2, "title_full": "great location, poor service, argumentative staff, shocking rooms - Review of Hotel Forte, Rome, Italy - TripAdvisor", "spam_score": 0.001, "site_type": "discussions", "published": "2017-03-07T02:00:00.000+02:00", "replies_count": 1, "uuid": "e793cb8c6bffccb83978ba572658f82e20963e0e"}, "author": "T0mmas051", "url": "https://www.tripadvisor.com/ShowUserReviews-g187791-d456488-r425573070-Hotel_Forte-Rome_Lazio.html", "ord_in_thread": 0, "title": "great location, poor service, argumentative staff, shocking rooms", "locations": [], "entities": {"persons": [], "locations": [], "organizations": []}, "highlightText": "", "language": "english", "persons": [], "text": "booked and prepaid 6 weeks in advance for 2 adjoining double rooms at the rate of $AUD 275 per night.\nwere given 1 dingy room just outside the hotel proper next to the lift and the other room was a spare room on the floor above the hotel proper, outside of concierge area and totally without security from possible intruders.\nThe rooms appear unregistered. They had no room number on the door or on the keys.\nNo filling in of guests name and address card was required upon check in.\nThe curtains were covered in dust and the bathroom was incredibly small, old and the shower and tiling covered in mould.\nUpon requesting to be changed to a room inside the hotel proper the staff got argumentative and said that this is what we were entitled to for the money we paid and insisted there was nothing wrong with the rooms we were given.\nThe whole stay was unpleasant and this will have to be the most horrible hotel stay ever.\nPhotos of mould covered bathroom and un numbered doors attached.", "external_links": ["https://static.tacdn.com/img2/x.gif"], "published": "2017-03-07T02:00:00.000+02:00", "crawled": "2017-03-29T13:21:04.069+03:00", "highlightTitle": ""}