{"organizations": [], "uuid": "fd48cdde98d289240dda34c01648ea3cfc78d53e", "thread": {"social": {"gplus": {"shares": 0}, "pinterest": {"shares": 0}, "vk": {"shares": 0}, "linkedin": {"shares": 0}, "facebook": {"likes": 0, "shares": 0, "comments": 0}, "stumbledupon": {"shares": 0}}, "site_full": "www.tripadvisor.com", "main_image": "https://media-cdn.tripadvisor.com/media/photo-s/07/71/96/7d/standard-design.jpg", "site_section": "https://www.tripadvisor.com/Hotel_Review-g187147-d595515-Reviews-Hotel_Standard_Design-Paris_Ile_de_France.html", "section_title": "Hotel Standard Design - UPDATED 2017 Reviews &amp; Price Comparison (Paris, France) - TripAdvisor", "url": "https://www.tripadvisor.com/ShowUserReviews-g187147-d595515-r470328810-Hotel_Standard_Design-Paris_Ile_de_France.html", "country": "US", "domain_rank": 189, "title": "HORRIBLE! ! ! ! ! ! ! ! ! ! ! ! ! !", "performance_score": 0, "site": "tripadvisor.com", "participants_count": 1, "title_full": "HORRIBLE! ! ! ! ! ! ! ! ! ! ! ! ! ! - Review of Hotel Standard Design, Paris, France - TripAdvisor", "spam_score": 0.009, "site_type": "discussions", "published": "2017-03-26T03:00:00.000+03:00", "replies_count": 0, "uuid": "fd48cdde98d289240dda34c01648ea3cfc78d53e"}, "author": "georgiosk18", "url": "https://www.tripadvisor.com/ShowUserReviews-g187147-d595515-r470328810-Hotel_Standard_Design-Paris_Ile_de_France.html", "ord_in_thread": 0, "title": "HORRIBLE! ! ! ! ! ! ! ! ! ! ! ! ! !", "locations": [], "entities": {"persons": [], "locations": [], "organizations": []}, "highlightText": "", "language": "english", "persons": [], "text": "The room was not clean and very small ! The bathroom was small with broken furniture with few products of healthy! They didn t have fridge in the room! As for breakfast one will tell they leave us from one marmelade per person, general was very poor! I will not recomment it to anyone ! ! !", "external_links": [], "published": "2017-03-26T03:00:00.000+03:00", "crawled": "2017-03-27T15:36:13.602+03:00", "highlightTitle": ""}