{"organizations": [], "uuid": "cc93e2392aa0f1e8776821ccf7725aba9ec13e79", "thread": {"social": {"gplus": {"shares": 0}, "pinterest": {"shares": 0}, "vk": {"shares": 0}, "linkedin": {"shares": 0}, "facebook": {"likes": 0, "shares": 0, "comments": 0}, "stumbledupon": {"shares": 0}}, "site_full": "www.tripadvisor.com", "main_image": "https://media-cdn.tripadvisor.com/media/photo-s/08/10/fa/9e/lobby.jpg", "site_section": "https://www.tripadvisor.com/Hotel_Review-g186338-d301022-Reviews-Hotel_ibis_budget_London_City_Airport-London_England.html", "section_title": "Hotel ibis budget London City Airport - UPDATED 2017 Reviews &amp; Price Comparison (England) - TripAdvisor", "url": "https://www.tripadvisor.com/ShowUserReviews-g186338-d301022-r467720539-Hotel_ibis_budget_London_City_Airport-London_England.html", "country": "US", "domain_rank": 189, "title": "You get what you pay for.", "performance_score": 0, "site": "tripadvisor.com", "participants_count": 2, "title_full": "You get what you pay for. - Review of Hotel ibis budget London City Airport, London, England - TripAdvisor", "spam_score": 0.0, "site_type": "discussions", "published": "2017-03-15T02:00:00.000+02:00", "replies_count": 1, "uuid": "cc93e2392aa0f1e8776821ccf7725aba9ec13e79"}, "author": "maxineh443", "url": "https://www.tripadvisor.com/ShowUserReviews-g186338-d301022-r467720539-Hotel_ibis_budget_London_City_Airport-London_England.html", "ord_in_thread": 0, "title": "You get what you pay for.", "locations": [], "entities": {"persons": [], "locations": [], "organizations": []}, "highlightText": "", "language": "english", "persons": [], "text": "Supposed to be near to the Excel arena but it is at least a 15-20 minute walk over a bridge and route which is not really suitable for pedestrians. Also not suitable to walk from the DLR with heavy luggage. Manager is rude, bombastuc and has an overrated image of himself and the 'hostel' he runs.\nRoom Tip: The third bed in the triple room is like a cot- no good for an adult. Take a cordless hair applianc... See more room tips", "external_links": [], "published": "2017-03-15T02:00:00.000+02:00", "crawled": "2017-03-31T20:30:35.061+03:00", "highlightTitle": ""}