{"organizations": [], "uuid": "95c7b17944dd685ccc4876439f3c9c094d3477ea", "thread": {"social": {"gplus": {"shares": 0}, "pinterest": {"shares": 0}, "vk": {"shares": 0}, "linkedin": {"shares": 0}, "facebook": {"likes": 0, "shares": 0, "comments": 0}, "stumbledupon": {"shares": 0}}, "site_full": "www.tripadvisor.com", "main_image": "https://media-cdn.tripadvisor.com/media/photo-s/08/37/e2/36/exterior.jpg", "site_section": "https://www.tripadvisor.com/Hotel_Review-g187147-d233731-Reviews-Eiffel_Rive_Gauche-Paris_Ile_de_France.html", "section_title": "Eiffel Rive Gauche - UPDATED 2017 Hotel Reviews &amp; Price Comparison (Paris, France) - TripAdvisor", "url": "https://www.tripadvisor.com/ShowUserReviews-g187147-d233731-r464777157-Eiffel_Rive_Gauche-Paris_Ile_de_France.html", "country": "US", "domain_rank": 189, "title": "Loud!", "performance_score": 0, "site": "tripadvisor.com", "participants_count": 2, "title_full": "Loud! - Review of Eiffel Rive Gauche, Paris, France - TripAdvisor", "spam_score": 0.0, "site_type": "discussions", "published": "2017-03-05T02:00:00.000+02:00", "replies_count": 1, "uuid": "95c7b17944dd685ccc4876439f3c9c094d3477ea"}, "author": "BKB47", "url": "https://www.tripadvisor.com/ShowUserReviews-g187147-d233731-r464777157-Eiffel_Rive_Gauche-Paris_Ile_de_France.html", "ord_in_thread": 0, "title": "Loud!", "locations": [], "entities": {"persons": [], "locations": [], "organizations": []}, "highlightText": "", "language": "english", "persons": [], "text": "Spent 4 nights at this hotel. Woke up several times every night: other guests going to the loo, talking, slamming doors - we heard everything. Many of them seemed to ignore the fact that smoking wasn't allowed.", "external_links": [], "published": "2017-03-05T02:00:00.000+02:00", "crawled": "2017-03-27T11:52:35.908+03:00", "highlightTitle": ""}