{"organizations": [], "uuid": "073a0a5e783078b762b1fb31042be1255dac28fc", "thread": {"social": {"gplus": {"shares": 0}, "pinterest": {"shares": 0}, "vk": {"shares": 0}, "linkedin": {"shares": 0}, "facebook": {"likes": 0, "shares": 0, "comments": 0}, "stumbledupon": {"shares": 0}}, "site_full": "www.tripadvisor.com", "main_image": "https://media-cdn.tripadvisor.com/media/photo-s/0d/39/42/f1/facade-rue-saint-lazare.jpg", "site_section": "https://www.tripadvisor.com/Hotel_Review-g187147-d207718-Reviews-or20-Hilton_Paris_Opera-Paris_Ile_de_France.html", "section_title": "Hilton Paris Opera - UPDATED 2017 Hotel Reviews &amp; Price Comparison (France) - TripAdvisor", "url": "https://www.tripadvisor.com/ShowUserReviews-g187147-d207718-r465976285-Hilton_Paris_Opera-Paris_Ile_de_France.html", "country": "US", "domain_rank": 189, "title": "worst", "performance_score": 0, "site": "tripadvisor.com", "participants_count": 2, "title_full": "worst - Review of Hilton Paris Opera, Paris, France - TripAdvisor", "spam_score": 0.0, "site_type": "discussions", "published": "2017-03-09T02:00:00.000+02:00", "replies_count": 1, "uuid": "073a0a5e783078b762b1fb31042be1255dac28fc"}, "author": "gyumink2017", "url": "https://www.tripadvisor.com/ShowUserReviews-g187147-d207718-r465976285-Hilton_Paris_Opera-Paris_Ile_de_France.html", "ord_in_thread": 0, "title": "worst", "locations": [], "entities": {"persons": [], "locations": [], "organizations": []}, "highlightText": "", "language": "english", "persons": [], "text": "When I checked in, the room I booked was full and I did not receive it. -0- I eventually changed but the schedule was a mess. The room had a broken electrical switch, a Nespresso machine, and no concierge service. It was so absurd that the front door was locked even though there were 3 staff members checking out and leaving the hotel. Eventually, I could call the staff in front of me and open the door. I did not even say a word of greeting. The room is small and cold.", "external_links": [], "published": "2017-03-09T02:00:00.000+02:00", "crawled": "2017-03-30T22:01:14.298+03:00", "highlightTitle": ""}