{"organizations": [], "uuid": "bd12eec9bc653d2f197bda2670cd3aa4888fcbee", "thread": {"social": {"gplus": {"shares": 0}, "pinterest": {"shares": 0}, "vk": {"shares": 0}, "linkedin": {"shares": 0}, "facebook": {"likes": 0, "shares": 0, "comments": 0}, "stumbledupon": {"shares": 0}}, "site_full": "www.tripadvisor.com", "main_image": "https://media-cdn.tripadvisor.com/media/photo-s/03/6a/f3/c8/grand-hotel-de-paris.jpg", "site_section": "https://www.tripadvisor.com/Hotel_Review-g187147-d283883-Reviews-Grand_Hotel_de_Paris-Paris_Ile_de_France.html", "section_title": "Grand Hotel de Paris - UPDATED 2017 Reviews &amp; Price Comparison (France) - TripAdvisor", "url": "https://www.tripadvisor.com/ShowUserReviews-g187147-d283883-r464670260-Grand_Hotel_de_Paris-Paris_Ile_de_France.html", "country": "US", "domain_rank": 189, "title": "Bad night", "performance_score": 0, "site": "tripadvisor.com", "participants_count": 1, "title_full": "Bad night - Review of Grand Hotel de Paris, Paris, France - TripAdvisor", "spam_score": 0.012, "site_type": "discussions", "published": "2017-03-04T02:00:00.000+02:00", "replies_count": 0, "uuid": "bd12eec9bc653d2f197bda2670cd3aa4888fcbee"}, "author": "Marek S", "url": "https://www.tripadvisor.com/ShowUserReviews-g187147-d283883-r464670260-Grand_Hotel_de_Paris-Paris_Ile_de_France.html", "ord_in_thread": 0, "title": "Bad night", "locations": [], "entities": {"persons": [], "locations": [], "organizations": []}, "highlightText": "", "language": "english", "persons": [], "text": "No hot water, no TV remote, fire alarm at 3am, some power sockets don't work, not allowed to take the room keys outside. Tiny claustrophobic elevator. Also no information about wifi on any of the brochures or in the rooms.\nOtherwise, good location, rooms are spacious, everything looked clean.", "external_links": [], "published": "2017-03-04T02:00:00.000+02:00", "crawled": "2017-03-27T06:06:04.253+03:00", "highlightTitle": ""}