{"organizations": [], "uuid": "810e087b6b7140a0d6968d0caf0f2d861691d373", "thread": {"social": {"gplus": {"shares": 0}, "pinterest": {"shares": 0}, "vk": {"shares": 0}, "linkedin": {"shares": 0}, "facebook": {"likes": 0, "shares": 0, "comments": 0}, "stumbledupon": {"shares": 0}}, "site_full": "www.tripadvisor.com", "main_image": "https://media-cdn.tripadvisor.com/media/photo-s/0e/2f/42/28/world-trade-center-area.jpg", "site_section": "https://www.tripadvisor.com/Hotel_Review-g60763-d9761545-Reviews-Courtyard_New_York_Downtown_Manhattan_World_Trade_Center_Area-New_York_City_New_York.html", "section_title": "Courtyard New York Downtown Manhattan / World Trade Center Area - UPDATED 2017 Hotel Reviews &amp; Price Comparison (New York City) - TripAdvisor", "url": "https://www.tripadvisor.com/ShowUserReviews-g60763-d9761545-r470346406-Courtyard_New_York_Downtown_Manhattan_World_Trade_Center_Area-New_York_City_New_Y.html", "country": "US", "domain_rank": 189, "title": "One of the worst stays.", "performance_score": 0, "site": "tripadvisor.com", "participants_count": 2, "title_full": "One of the worst stays. - Review of Courtyard New York Downtown Manhattan / World Trade Center Area, New York City, NY - TripAdvisor", "spam_score": 0.0, "site_type": "discussions", "published": "2017-03-26T03:00:00.000+03:00", "replies_count": 1, "uuid": "810e087b6b7140a0d6968d0caf0f2d861691d373"}, "author": "Jason S", "url": "https://www.tripadvisor.com/ShowUserReviews-g60763-d9761545-r470346406-Courtyard_New_York_Downtown_Manhattan_World_Trade_Center_Area-New_York_City_New_Y.html", "ord_in_thread": 0, "title": "One of the worst stays.", "locations": [], "entities": {"persons": [], "locations": [], "organizations": []}, "highlightText": "", "language": "english", "persons": [], "text": "I am a Marriott member and i was treated pretty bad. They need better customer service. Plus any request you do they always have an excuse. I also needed tissue paper and they took over an hour and i called the reception. Once i called i got it right away. They seem to \"forgotten\" i called. I would highly recommend you to look elsewhere.", "external_links": [], "published": "2017-03-26T03:00:00.000+03:00", "crawled": "2017-03-29T05:39:17.935+03:00", "highlightTitle": ""}