{"organizations": [], "uuid": "bfffc9743f7746f2349ae4c46ed146e1a8edcb35", "thread": {"social": {"gplus": {"shares": 0}, "pinterest": {"shares": 0}, "vk": {"shares": 0}, "linkedin": {"shares": 0}, "facebook": {"likes": 0, "shares": 0, "comments": 0}, "stumbledupon": {"shares": 0}}, "site_full": "www.tripadvisor.com", "main_image": "https://media-cdn.tripadvisor.com/media/photo-s/0d/03/16/4f/photo5jpg.jpg", "site_section": "https://www.tripadvisor.com/Hotel_Review-g187147-d498038-Reviews-Hotel_Louvre_Rivoli-Paris_Ile_de_France.html", "section_title": "Hotel Louvre Rivoli - UPDATED 2017 Reviews &amp; Price Comparison (Paris, France) - TripAdvisor", "url": "https://www.tripadvisor.com/ShowUserReviews-g187147-d498038-r464434661-Hotel_Louvre_Rivoli-Paris_Ile_de_France.html", "country": "US", "domain_rank": 189, "title": "Poor", "performance_score": 0, "site": "tripadvisor.com", "participants_count": 1, "title_full": "Poor - Review of Hotel Louvre Rivoli, Paris, France - TripAdvisor", "spam_score": 0.0, "site_type": "discussions", "published": "2017-03-03T02:00:00.000+02:00", "replies_count": 0, "uuid": "bfffc9743f7746f2349ae4c46ed146e1a8edcb35"}, "author": "Ludmila S", "url": "https://www.tripadvisor.com/ShowUserReviews-g187147-d498038-r464434661-Hotel_Louvre_Rivoli-Paris_Ile_de_France.html", "ord_in_thread": 0, "title": "Poor", "locations": [], "entities": {"persons": [], "locations": [], "organizations": []}, "highlightText": "", "language": "english", "persons": [], "text": "We had two TVs in the room and one control remote was missing and when we asked at the front desk a man named GUY shouted at us, told us he was not in charge and did not know where was the remote control, and at the end of his screams he said he did not spoke english", "external_links": [], "published": "2017-03-03T02:00:00.000+02:00", "crawled": "2017-03-27T06:23:06.064+03:00", "highlightTitle": ""}