{"organizations": [], "uuid": "7d3a97f063f803460c6becbf46f3d81d52f94e12", "thread": {"social": {"gplus": {"shares": 0}, "pinterest": {"shares": 0}, "vk": {"shares": 0}, "linkedin": {"shares": 0}, "facebook": {"likes": 0, "shares": 0, "comments": 0}, "stumbledupon": {"shares": 0}}, "site_full": "www.tripadvisor.com", "main_image": "https://media-cdn.tripadvisor.com/media/photo-s/09/57/2e/84/starhotels-metropole.jpg", "site_section": "https://www.tripadvisor.com/Hotel_Review-g187791-d203081-Reviews-Starhotels_Metropole-Rome_Lazio.html", "section_title": "Starhotels Metropole - UPDATED 2017 Hotel Reviews &amp; Price Comparison (Rome, Italy) - TripAdvisor", "url": "https://www.tripadvisor.com/ShowUserReviews-g187791-d203081-r470880239-Starhotels_Metropole-Rome_Lazio.html", "country": "US", "domain_rank": 189, "title": "Room charge still held", "performance_score": 0, "site": "tripadvisor.com", "participants_count": 1, "title_full": "Room charge still held - Review of Starhotels Metropole, Rome, Italy - TripAdvisor", "spam_score": 0.001, "site_type": "discussions", "published": "2017-03-28T03:00:00.000+03:00", "replies_count": 0, "uuid": "7d3a97f063f803460c6becbf46f3d81d52f94e12"}, "author": "finn2009", "url": "https://www.tripadvisor.com/ShowUserReviews-g187791-d203081-r470880239-Starhotels_Metropole-Rome_Lazio.html", "ord_in_thread": 0, "title": "Room charge still held", "locations": [], "entities": {"persons": [], "locations": [], "organizations": []}, "highlightText": "", "language": "english", "persons": [], "text": "I would love to be writing a more positive review as I actually had a lovely stay at this hotel. I travelled with a group of 26 colleagues and 4 rooms were held with my visa debit card but unfortunately it is 12 days since our stay and the hotel is still holding over €1000 charge on my card despite the fact that all rooms have been paid for. I have emailed the hotel twice and called them twice and both times they assured me that the matter would be sorted urgently but still the charge is held on my Visa debit card. This is totally unacceptable and very frustrating.", "external_links": [], "published": "2017-03-28T03:00:00.000+03:00", "crawled": "2017-03-29T14:29:01.468+03:00", "highlightTitle": ""}