{"organizations": [], "uuid": "6fc8d77e6c23128d57e040cb00cdc7f8fad5e784", "thread": {"social": {"gplus": {"shares": 0}, "pinterest": {"shares": 0}, "vk": {"shares": 0}, "linkedin": {"shares": 0}, "facebook": {"likes": 0, "shares": 0, "comments": 0}, "stumbledupon": {"shares": 0}}, "site_full": "www.tripadvisor.com", "main_image": "https://media-cdn.tripadvisor.com/media/photo-s/01/71/96/a8/outside.jpg", "site_section": "https://www.tripadvisor.com/Hotel_Review-g186338-d193058-Reviews-or10-Days_Hotel_London_Waterloo-London_England.html", "section_title": "Days Hotel London- Waterloo - UPDATED 2017 Reviews &amp; Price Comparison (England) - TripAdvisor", "url": "https://www.tripadvisor.com/ShowUserReviews-g186338-d193058-r467770290-Days_Hotel_London_Waterloo-London_England.html", "country": "US", "domain_rank": 189, "title": "Try and give this one a miss", "performance_score": 0, "site": "tripadvisor.com", "participants_count": 2, "title_full": "Try and give this one a miss - Review of Days Hotel London- Waterloo, London, England - TripAdvisor", "spam_score": 0.0, "site_type": "discussions", "published": "2017-03-16T02:00:00.000+02:00", "replies_count": 1, "uuid": "6fc8d77e6c23128d57e040cb00cdc7f8fad5e784"}, "author": "Tony G", "url": "https://www.tripadvisor.com/ShowUserReviews-g186338-d193058-r467770290-Days_Hotel_London_Waterloo-London_England.html", "ord_in_thread": 0, "title": "Try and give this one a miss", "locations": [], "entities": {"persons": [], "locations": [], "organizations": []}, "highlightText": "", "language": "english", "persons": [], "text": "We stayed here whilst attending an event at the Park Plaza at Westminster. The rooms were extremely small with very limited space in both the bedroom and the bathroom.\nThe breakfast that was served was very poor and I'd avoid this hotel if you have to. Quite a disappointment", "external_links": [], "published": "2017-03-16T02:00:00.000+02:00", "crawled": "2017-03-31T20:16:31.191+03:00", "highlightTitle": ""}