{"organizations": [], "uuid": "65c1481bcc831971d6787b28de4454d961159a94", "thread": {"social": {"gplus": {"shares": 0}, "pinterest": {"shares": 0}, "vk": {"shares": 0}, "linkedin": {"shares": 0}, "facebook": {"likes": 0, "shares": 0, "comments": 0}, "stumbledupon": {"shares": 0}}, "site_full": "www.tripadvisor.com", "main_image": "https://media-cdn.tripadvisor.com/media/photo-s/0a/6f/74/26/reception-area.jpg", "site_section": "https://www.tripadvisor.com/Hotel_Review-g60763-d3235844-Reviews-or20-Pod_39_Hotel-New_York_City_New_York.html", "section_title": "Pod 39 Hotel - UPDATED 2017 Reviews &amp; Price Comparison (New York City) - TripAdvisor", "url": "https://www.tripadvisor.com/ShowUserReviews-g60763-d3235844-r464291818-Pod_39_Hotel-New_York_City_New_York.html", "country": "US", "domain_rank": 189, "title": "Pod: a nightmare.", "performance_score": 0, "site": "tripadvisor.com", "participants_count": 2, "title_full": "Pod: a nightmare. - Review of Pod 39 Hotel, New York City, NY - TripAdvisor", "spam_score": 0.0, "site_type": "discussions", "published": "2017-03-03T02:00:00.000+02:00", "replies_count": 1, "uuid": "65c1481bcc831971d6787b28de4454d961159a94"}, "author": "Frank B", "url": "https://www.tripadvisor.com/ShowUserReviews-g60763-d3235844-r464291818-Pod_39_Hotel-New_York_City_New_York.html", "ord_in_thread": 0, "title": "Pod: a nightmare.", "locations": [], "entities": {"persons": [], "locations": [], "organizations": []}, "highlightText": "", "language": "english", "persons": [], "text": "Hotel website there's nothing to do with the reality. A ridiculous tiny room, unbereable for a couple and with tainted and unwashed towels. It's impossible to stay there. There is no privacy betweeen the room and the bathroom with a transparent glass that leave you exposed at your intimacy. Service is no good either, with a unefficient staff. The restaurant is dark, noisy and smells bad. And you don' t even get to choose your food to take the room. They give you a small menu to go with just a few dishes choice. If you want an adventure and the sensation of being camping or in a hostel, that's ok. If you prefer dignity and good sense, don't even get close of Pod Hotels", "external_links": ["https://static.tacdn.com/img2/x.gif"], "published": "2017-03-03T02:00:00.000+02:00", "crawled": "2017-03-31T21:49:46.458+03:00", "highlightTitle": ""}