{"organizations": [], "uuid": "4a76efa85314fa04b1685418d8edb6ec09df0b93", "thread": {"social": {"gplus": {"shares": 0}, "pinterest": {"shares": 0}, "vk": {"shares": 0}, "linkedin": {"shares": 0}, "facebook": {"likes": 0, "shares": 0, "comments": 0}, "stumbledupon": {"shares": 0}}, "site_full": "www.tripadvisor.com", "main_image": "https://media-cdn.tripadvisor.com/media/photo-s/0c/7d/34/1c/room2.jpg", "site_section": "https://www.tripadvisor.com/Hotel_Review-g187147-d228734-Reviews-Timhotel_Nation-Paris_Ile_de_France.html", "section_title": "Timhotel Nation - UPDATED 2017 Hotel Reviews &amp; Price Comparison (Paris, France) - TripAdvisor", "url": "https://www.tripadvisor.com/ShowUserReviews-g187147-d228734-r468497950-Timhotel_Nation-Paris_Ile_de_France.html", "country": "US", "domain_rank": 189, "title": "Handy location", "performance_score": 0, "site": "tripadvisor.com", "participants_count": 1, "title_full": "Handy location - Review of Timhotel Nation, Paris, France - TripAdvisor", "spam_score": 0.002, "site_type": "discussions", "published": "2017-03-19T02:00:00.000+02:00", "replies_count": 0, "uuid": "4a76efa85314fa04b1685418d8edb6ec09df0b93"}, "author": "nitherbrocher", "url": "https://www.tripadvisor.com/ShowUserReviews-g187147-d228734-r468497950-Timhotel_Nation-Paris_Ile_de_France.html", "ord_in_thread": 0, "title": "Handy location", "locations": [], "entities": {"persons": [], "locations": [], "organizations": []}, "highlightText": "", "language": "english", "persons": [], "text": "This hotel resembles a fairly shabby Travel Lodge but the beds are clean and comfortable and it is ideally located for sightseeing via the Metro. I was sure I would prove other reviewers' comments about the staff wrong, and I tried hard to be friendly and positive, speaking a little bit of French to be polite. However, the staff were just as described - they have no inclination to interact with their guests, do not make eye contact and behave in a manner that we would consider rather rude and certainly strange. One receptionist was a cross between Mr Bean and Basil Faulty, and one of the female receptionists resembled a member of the Adams Family . However this did not spoil our wonderful trip and we would consider using the hotel again as it was such good value.\nRoom Tip: We had room 113 which overlooked a courtyard. It was a quiet room and we were able to sleep with the... See more room tips", "external_links": [], "published": "2017-03-19T02:00:00.000+02:00", "crawled": "2017-03-28T13:55:02.736+03:00", "highlightTitle": ""}