{"organizations": [], "uuid": "07e9870c40dd95bc56a377f4e5402c4db3e038a2", "thread": {"social": {"gplus": {"shares": 0}, "pinterest": {"shares": 0}, "vk": {"shares": 0}, "linkedin": {"shares": 0}, "facebook": {"likes": 0, "shares": 0, "comments": 0}, "stumbledupon": {"shares": 0}}, "site_full": "www.tripadvisor.com", "main_image": "https://media-cdn.tripadvisor.com/media/photo-s/03/6e/77/96/the-grosvenor-lounge.jpg", "site_section": "https://www.tripadvisor.com/Hotel_Review-g186338-d218409-Reviews-or10-The_Grosvenor_Hotel-London_England.html", "section_title": "The Grosvenor Hotel - UPDATED 2017 Reviews &amp; Price Comparison (London, England) - TripAdvisor", "url": "https://www.tripadvisor.com/ShowUserReviews-g186338-d218409-r469483898-The_Grosvenor_Hotel-London_England.html", "country": "US", "domain_rank": 189, "title": "London trip", "performance_score": 0, "site": "tripadvisor.com", "participants_count": 2, "title_full": "London trip - Review of The Grosvenor Hotel, London, England - TripAdvisor", "spam_score": 0.004, "site_type": "discussions", "published": "2017-03-22T02:00:00.000+02:00", "replies_count": 1, "uuid": "07e9870c40dd95bc56a377f4e5402c4db3e038a2"}, "author": "KingaBrett", "url": "https://www.tripadvisor.com/ShowUserReviews-g186338-d218409-r469483898-The_Grosvenor_Hotel-London_England.html", "ord_in_thread": 0, "title": "London trip", "locations": [], "entities": {"persons": [], "locations": [], "organizations": []}, "highlightText": "", "language": "english", "persons": [], "text": "We travel from Ireland my husband booked the hotel for us as a birthday surprise .... the hotel suppose to be classy comfortable and friendly....\nNow I have to say I like my comfort and I don't mind to pay for it but this hotel was well overrateed and too pricey for nothing really\nthe room we stayed wasn't clean the beds were looked like they were just made few minutes before we check in not comfy at all pillows were smelly ...\nThere was little fridge in the room with just 2 bottles of water and wait for it we couldn't even open it milk for tea was old, and just 2 bags of tea in old drawers...\nWe were happy myself and my 8 year old daughter to visit London and go for show but after traveling for so many hours you just need a bit of a comfort a nice cup of tea a shower and strache on clean bed after the show we ask for something to eat and small drink we have been refused ....\nI think for that price they could do more for a customer they could be more welcome....\nI think beacouse we just stay for one night they didn't care but still customer is a customer doesn't matter how many nights you booking in for should be treated as a special guest I was looking forward to spend some bonding time with my girl the only bonus was a Wicked show our stay in the hotel was poor I will not recommended it\nKind regards\nRoom Tip: Not a nice view and dirty See more room tips", "external_links": [], "published": "2017-03-22T02:00:00.000+02:00", "crawled": "2017-03-31T18:37:33.239+03:00", "highlightTitle": ""}