{"organizations": [], "uuid": "5473aad13d40ff76a98458d7c41289cfd9ab5fb7", "thread": {"social": {"gplus": {"shares": 0}, "pinterest": {"shares": 0}, "vk": {"shares": 0}, "linkedin": {"shares": 0}, "facebook": {"likes": 0, "shares": 0, "comments": 0}, "stumbledupon": {"shares": 0}}, "site_full": "www.tripadvisor.com", "main_image": "https://media-cdn.tripadvisor.com/media/photo-s/0e/c0/83/7c/exterior.jpg", "site_section": "https://www.tripadvisor.com/Hotel_Review-g187147-d653824-Reviews-Mercure_Paris_Terminus_Nord-Paris_Ile_de_France.html", "section_title": "Mercure Paris Terminus Nord - UPDATED 2017 Hotel Reviews &amp; Price Comparison (France) - TripAdvisor", "url": "https://www.tripadvisor.com/ShowUserReviews-g187147-d653824-r469206403-Mercure_Paris_Terminus_Nord-Paris_Ile_de_France.html", "country": "US", "domain_rank": 189, "title": "Not somewhere to return to", "performance_score": 0, "site": "tripadvisor.com", "participants_count": 1, "title_full": "Not somewhere to return to - Review of Mercure Paris Terminus Nord, Paris, France - TripAdvisor", "spam_score": 0.001, "site_type": "discussions", "published": "2017-03-21T02:00:00.000+02:00", "replies_count": 0, "uuid": "5473aad13d40ff76a98458d7c41289cfd9ab5fb7"}, "author": "Ceinwen R", "url": "https://www.tripadvisor.com/ShowUserReviews-g187147-d653824-r469206403-Mercure_Paris_Terminus_Nord-Paris_Ile_de_France.html", "ord_in_thread": 0, "title": "Not somewhere to return to", "locations": [], "entities": {"persons": [], "locations": [], "organizations": []}, "highlightText": "", "language": "english", "persons": [], "text": "The bathroom needed a refurb - mould inexpertly covered with mastik, dirty grouting, enamel missing in bath, part of the toilet bowl surround broken, very dirty carpet, view of a brick wall.\nBreakfast was complete chaos with not enough room to seat all the guests; peopling milling everywhere with hot cups of coffee. No attempt made to open a second eating area or buffet.\nLocation is dodgy - not somewhere you want to be out in the dark\nOnly saving grace was the friendly and helpful staff", "external_links": [], "published": "2017-03-21T02:00:00.000+02:00", "crawled": "2017-03-27T05:15:44.407+03:00", "highlightTitle": ""}