{"organizations": [], "uuid": "3e8358766cbebe4155ca854e12f979f7c860301b", "thread": {"social": {"gplus": {"shares": 0}, "pinterest": {"shares": 0}, "vk": {"shares": 0}, "linkedin": {"shares": 0}, "facebook": {"likes": 0, "shares": 0, "comments": 0}, "stumbledupon": {"shares": 0}}, "site_full": "www.tripadvisor.com", "main_image": "https://media-cdn.tripadvisor.com/media/photo-s/05/73/39/4d/row-nyc-exterior.jpg", "site_section": "https://www.tripadvisor.com/Hotel_Review-g60763-d1938661-Reviews-Row_NYC_Hotel-New_York_City_New_York.html", "section_title": "Row NYC Hotel - UPDATED 2017 Reviews &amp; Price Comparison (New York City) - TripAdvisor", "url": "https://www.tripadvisor.com/ShowUserReviews-g60763-d1938661-r470765226-Row_NYC_Hotel-New_York_City_New_York.html", "country": "US", "domain_rank": 189, "title": "Perfect location but poor quality.", "performance_score": 0, "site": "tripadvisor.com", "participants_count": 1, "title_full": "Perfect location but poor quality. - Review of Row NYC Hotel, New York City, NY - TripAdvisor", "spam_score": 0.08, "site_type": "discussions", "published": "2017-03-28T03:00:00.000+03:00", "replies_count": 0, "uuid": "3e8358766cbebe4155ca854e12f979f7c860301b"}, "author": "26Lenka2", "url": "https://www.tripadvisor.com/ShowUserReviews-g60763-d1938661-r470765226-Row_NYC_Hotel-New_York_City_New_York.html", "ord_in_thread": 0, "title": "Perfect location but poor quality.", "locations": [], "entities": {"persons": [], "locations": [], "organizations": []}, "highlightText": "", "language": "english", "persons": [], "text": "The hotel is located very well. Rooms are small but arranged in a comfortable way. They are not sound proof so if you stay on a low floor you will not sleep at night because of the noise coming from the street.\nUnfortunately rooms are not clean. You will see dust in every corner. My shower was not clean and I found black long hair almost in every towel. There was also hair on my pillow.", "external_links": [], "published": "2017-03-28T03:00:00.000+03:00", "crawled": "2017-03-29T07:02:53.093+03:00", "highlightTitle": ""}