{"organizations": [], "uuid": "0bd34e2e4191682b8f32e6077e0a7caf48b7da94", "thread": {"social": {"gplus": {"shares": 0}, "pinterest": {"shares": 0}, "vk": {"shares": 0}, "linkedin": {"shares": 0}, "facebook": {"likes": 0, "shares": 0, "comments": 0}, "stumbledupon": {"shares": 0}}, "site_full": "www.tripadvisor.com", "main_image": "https://media-cdn.tripadvisor.com/media/photo-s/03/4c/6b/45/le-relais-du-louvre.jpg", "site_section": "https://www.tripadvisor.com/Hotel_Review-g187147-d222914-Reviews-Le_Relais_du_Louvre-Paris_Ile_de_France.html", "section_title": "Le Relais du Louvre - UPDATED 2017 Hotel Reviews &amp; Price Comparison (Paris, France) - TripAdvisor", "url": "https://www.tripadvisor.com/ShowUserReviews-g187147-d222914-r468710729-Le_Relais_du_Louvre-Paris_Ile_de_France.html", "country": "US", "domain_rank": 189, "title": "The worst experience at one of the best location/district in Paris", "performance_score": 0, "site": "tripadvisor.com", "participants_count": 1, "title_full": "The worst experience at one of the best location/district in Paris - Review of Le Relais du Louvre, Paris, France - TripAdvisor", "spam_score": 0.0, "site_type": "discussions", "published": "2017-03-19T02:00:00.000+02:00", "replies_count": 0, "uuid": "0bd34e2e4191682b8f32e6077e0a7caf48b7da94"}, "author": "saeedhasan", "url": "https://www.tripadvisor.com/ShowUserReviews-g187147-d222914-r468710729-Le_Relais_du_Louvre-Paris_Ile_de_France.html", "ord_in_thread": 0, "title": "The worst experience at one of the best location/district in Paris", "locations": [], "entities": {"persons": [], "locations": [], "organizations": []}, "highlightText": "", "language": "english", "persons": [], "text": "Not recommended at all to anyone in this World!!\nThe pictures of the hotel given are too deceiving, no relation with actual hotel\nstaff especially in night is zero professional, they don't have any paper to sign at the time of check in hence you can be charged twice as happened with me.\nIf by curse of anyone staying there, please get everything in writing at the time of check in", "external_links": [], "published": "2017-03-19T02:00:00.000+02:00", "crawled": "2017-03-27T07:34:55.363+03:00", "highlightTitle": ""}