{"organizations": [], "uuid": "e4feff9e051b2184e24d5488a90ca5c00c580015", "thread": {"social": {"gplus": {"shares": 0}, "pinterest": {"shares": 0}, "vk": {"shares": 0}, "linkedin": {"shares": 0}, "facebook": {"likes": 0, "shares": 0, "comments": 0}, "stumbledupon": {"shares": 0}}, "site_full": "www.tripadvisor.com", "main_image": "https://media-cdn.tripadvisor.com/media/photo-s/06/e3/bc/44/park-hyatt-new-york.jpg", "site_section": "https://www.tripadvisor.com/Hotel_Review-g60763-d6582176-Reviews-or30-Park_Hyatt_New_York-New_York_City_New_York.html", "section_title": "Park Hyatt New York - UPDATED 2017 Hotel Reviews &amp; Price Comparison (New York City) - TripAdvisor", "url": "https://www.tripadvisor.com/ShowUserReviews-g60763-d6582176-r464862563-Park_Hyatt_New_York-New_York_City_New_York.html", "country": "US", "domain_rank": 189, "title": "Park Hyatt New York - poor management.", "performance_score": 0, "site": "tripadvisor.com", "participants_count": 1, "title_full": "Park Hyatt New York - poor management. - Review of Park Hyatt New York, New York City, NY - TripAdvisor", "spam_score": 0.018, "site_type": "discussions", "published": "2017-03-05T02:00:00.000+02:00", "replies_count": 0, "uuid": "e4feff9e051b2184e24d5488a90ca5c00c580015"}, "author": "newyorkmom2017", "url": "https://www.tripadvisor.com/ShowUserReviews-g60763-d6582176-r464862563-Park_Hyatt_New_York-New_York_City_New_York.html", "ord_in_thread": 0, "title": "Park Hyatt New York - poor management.", "locations": [], "entities": {"persons": [], "locations": [], "organizations": []}, "highlightText": "", "language": "english", "persons": [], "text": "Poor management. They lent me a fridge but plugged it into a socket that required lights be on so my pumped milk was spoilt. Our requests were either ignored or required multiple reminders. Not very kid- friendly. Temperature in room hard to adjust becuase windows were drafty. Difficult to justify the high price tag with the poor management and service.", "external_links": [], "published": "2017-03-05T02:00:00.000+02:00", "crawled": "2017-03-29T14:23:57.133+03:00", "highlightTitle": ""}