{"organizations": [], "uuid": "41f2ba24447ec6fa3ceb52465fe182b44ffff036", "thread": {"social": {"gplus": {"shares": 0}, "pinterest": {"shares": 0}, "vk": {"shares": 0}, "linkedin": {"shares": 0}, "facebook": {"likes": 0, "shares": 0, "comments": 0}, "stumbledupon": {"shares": 0}}, "site_full": "www.tripadvisor.com", "main_image": "https://media-cdn.tripadvisor.com/media/photo-s/0d/4b/8b/07/captain-s-room-at-rare.jpg", "site_section": "https://www.tripadvisor.com/Hotel_Review-g60763-d1601249-Reviews-Hilton_New_York_Fashion_District-New_York_City_New_York.html", "section_title": "Hilton New York Fashion District - UPDATED 2017 Hotel Reviews &amp; Price Comparison (New York City) - TripAdvisor", "url": "https://www.tripadvisor.com/ShowUserReviews-g60763-d1601249-r469719138-Hilton_New_York_Fashion_District-New_York_City_New_York.html", "country": "US", "domain_rank": 189, "title": "used to be my goto hotel in midtown", "performance_score": 0, "site": "tripadvisor.com", "participants_count": 2, "title_full": "used to be my goto hotel in midtown - Review of Hilton New York Fashion District, New York City, NY - TripAdvisor", "spam_score": 0.0, "site_type": "discussions", "published": "2017-03-23T02:00:00.000+02:00", "replies_count": 1, "uuid": "41f2ba24447ec6fa3ceb52465fe182b44ffff036"}, "author": "tdr7755", "url": "https://www.tripadvisor.com/ShowUserReviews-g60763-d1601249-r469719138-Hilton_New_York_Fashion_District-New_York_City_New_York.html", "ord_in_thread": 0, "title": "used to be my goto hotel in midtown", "locations": [], "entities": {"persons": [], "locations": [], "organizations": []}, "highlightText": "", "language": "english", "persons": [], "text": "I visit Manhattan approx 5-6 times a year on business going back 7-8 years--and am a die hard hilton customer--this has been my goto hotel for awhile now...convienent location in Midtown..showed up on a cold day in March--boilers for heat/hot water out...got them going while I was trying to get a room card (had checked in online for check-in/digital key---digital key did not work--had to wade thru angry customers to get to front desk to get my room key--have a seat at the bar--ask to bill my tab to room--never an issue before--they want my drivers license to hold my tab--After verifying that I am staying--showed my room key as well--not acceptable--not leaving my DL with anyone--after that conversations--some of the worst service I have seen at the bat--left a full glass on the bar. i don't just post scathing reviews like this --but this is the most unwelcome I have felt at a Hilton location--ever. Will look elsewhere in NYC moving forward", "external_links": [], "published": "2017-03-23T02:00:00.000+02:00", "crawled": "2017-03-30T20:24:07.292+03:00", "highlightTitle": ""}