{"organizations": [], "uuid": "14a85619cd627999999ce82eaf7892a376fb4173", "thread": {"social": {"gplus": {"shares": 0}, "pinterest": {"shares": 0}, "vk": {"shares": 0}, "linkedin": {"shares": 0}, "facebook": {"likes": 0, "shares": 0, "comments": 0}, "stumbledupon": {"shares": 0}}, "site_full": "www.tripadvisor.com", "main_image": "https://media-cdn.tripadvisor.com/media/photo-s/07/07/de/35/hudson-hotel-new-york.jpg", "site_section": "https://www.tripadvisor.com/Hotel_Review-g60763-d223023-Reviews-or20-Hudson_Hotel_New_York-New_York_City_New_York.html", "section_title": "Hudson Hotel New York - UPDATED 2017 Reviews &amp; Price Comparison (New York City) - TripAdvisor", "url": "https://www.tripadvisor.com/ShowUserReviews-g60763-d223023-r469220369-Hudson_Hotel_New_York-New_York_City_New_York.html", "country": "US", "domain_rank": 189, "title": "Very disappointing", "performance_score": 0, "site": "tripadvisor.com", "participants_count": 2, "title_full": "Very disappointing - Review of Hudson Hotel New York, New York City, NY - TripAdvisor", "spam_score": 0.0, "site_type": "discussions", "published": "2017-03-21T02:00:00.000+02:00", "replies_count": 1, "uuid": "14a85619cd627999999ce82eaf7892a376fb4173"}, "author": "susanmik", "url": "https://www.tripadvisor.com/ShowUserReviews-g60763-d223023-r469220369-Hudson_Hotel_New_York-New_York_City_New_York.html", "ord_in_thread": 0, "title": "Very disappointing", "locations": [], "entities": {"persons": [], "locations": [], "organizations": []}, "highlightText": "", "language": "english", "persons": [], "text": "Rooms are in very bad repair and exceedingly small. Long hallways leading to rooms are dark and unappealing (scary in parts). Would suggest perhaps stopping by to check out the lobby bar scene but would NOT recommend staying at this very disappointing property!", "external_links": [], "published": "2017-03-21T02:00:00.000+02:00", "crawled": "2017-03-30T00:59:37.482+03:00", "highlightTitle": ""}