{"organizations": [], "uuid": "fedc75f2fcdbe3a99d2bf6d7966be8629b74def3", "thread": {"social": {"gplus": {"shares": 0}, "pinterest": {"shares": 0}, "vk": {"shares": 0}, "linkedin": {"shares": 0}, "facebook": {"likes": 0, "shares": 0, "comments": 0}, "stumbledupon": {"shares": 0}}, "site_full": "www.tripadvisor.com", "main_image": "https://media-cdn.tripadvisor.com/media/photo-s/0b/48/b0/f4/royal-park-hotel-room.jpg", "site_section": "https://www.tripadvisor.com/Hotel_Review-g60763-d1155229-Reviews-Royal_Park_Hotel-New_York_City_New_York.html", "section_title": "Royal Park Hotel - UPDATED 2017 Reviews &amp; Price Comparison (New York City) - TripAdvisor", "url": "https://www.tripadvisor.com/ShowUserReviews-g60763-d1155229-r459051027-Royal_Park_Hotel-New_York_City_New_York.html", "country": "US", "domain_rank": 189, "title": "It was a'ight.", "performance_score": 0, "site": "tripadvisor.com", "participants_count": 2, "title_full": "It was a'ight. - Review of Royal Park Hotel, New York City, NY - TripAdvisor", "spam_score": 0.001, "site_type": "discussions", "published": "2017-03-28T03:00:00.000+03:00", "replies_count": 1, "uuid": "fedc75f2fcdbe3a99d2bf6d7966be8629b74def3"}, "author": "WhirlDLeewise", "url": "https://www.tripadvisor.com/ShowUserReviews-g60763-d1155229-r459051027-Royal_Park_Hotel-New_York_City_New_York.html", "ord_in_thread": 0, "title": "It was a'ight.", "locations": [], "entities": {"persons": [], "locations": [], "organizations": []}, "highlightText": "", "language": "english", "persons": [], "text": "-Close to a main subway station, very nice.\n-Close to Walgreens, 7/11 and RELATIVELY close to Central Park.\n-Cheap as chips\n-Very comfy bed\n-Bathroom shared was clean\n-Room wasnt clean\n-Sheets were a bit dirty\n-Nothing of use in the room\nOverall, was okay. Not clean, but it was cheap and good enough for the stay. 5/10, would possibly stay again.", "external_links": [], "published": "2017-03-28T03:00:00.000+03:00", "crawled": "2017-03-29T06:11:06.466+03:00", "highlightTitle": ""}