{"organizations": [], "uuid": "28eb503ac65dae0cf4e455186b5ffebecb8894ab", "thread": {"social": {"gplus": {"shares": 0}, "pinterest": {"shares": 0}, "vk": {"shares": 0}, "linkedin": {"shares": 0}, "facebook": {"likes": 0, "shares": 0, "comments": 0}, "stumbledupon": {"shares": 0}}, "site_full": "www.tripadvisor.com", "main_image": "https://media-cdn.tripadvisor.com/media/photo-s/07/25/89/44/midtown-park-ave.jpg", "site_section": "https://www.tripadvisor.com/Hotel_Review-g60763-d6510520-Reviews-Hilton_Garden_Inn_New_York_Midtown_Park_Ave-New_York_City_New_York.html", "section_title": "Hilton Garden Inn New York/Midtown Park Ave - UPDATED 2017 Hotel Reviews &amp; Price Comparison (New York City) - TripAdvisor", "url": "https://www.tripadvisor.com/ShowUserReviews-g60763-d6510520-r469853097-Hilton_Garden_Inn_New_York_Midtown_Park_Ave-New_York_City_New_York.html", "country": "US", "domain_rank": 189, "title": "NOISY!", "performance_score": 0, "site": "tripadvisor.com", "participants_count": 2, "title_full": "NOISY! - Review of Hilton Garden Inn New York/Midtown Park Ave, New York City, NY - TripAdvisor", "spam_score": 0.004, "site_type": "discussions", "published": "2017-03-24T03:00:00.000+03:00", "replies_count": 1, "uuid": "28eb503ac65dae0cf4e455186b5ffebecb8894ab"}, "author": "Stefan10520", "url": "https://www.tripadvisor.com/ShowUserReviews-g60763-d6510520-r469853097-Hilton_Garden_Inn_New_York_Midtown_Park_Ave-New_York_City_New_York.html", "ord_in_thread": 0, "title": "NOISY!", "locations": [], "entities": {"persons": [], "locations": [], "organizations": []}, "highlightText": "", "language": "english", "persons": [], "text": "I stayed here for several days and while the hotel itself is wonderful, they have a truck that would come from the Clean Air Group in the late morning every day and sit out in front of the hotel making the most disruptive noise for 30-40 minutes at a time. I could barely hear myself think and my room was rattling from the noise. Very frustrating! I would not recommend this place.\nRoom Tip: Don't stay in a room at the front of the hotel near street level. You'll regret it. See more room tips", "external_links": [], "published": "2017-03-24T03:00:00.000+03:00", "crawled": "2017-03-29T04:54:14.967+03:00", "highlightTitle": ""}