{"organizations": [], "uuid": "e1e2bf0c8829e03b5161dada8147f9fdd6374a6b", "thread": {"social": {"gplus": {"shares": 0}, "pinterest": {"shares": 0}, "vk": {"shares": 0}, "linkedin": {"shares": 0}, "facebook": {"likes": 0, "shares": 0, "comments": 0}, "stumbledupon": {"shares": 0}}, "site_full": "www.tripadvisor.com", "main_image": "https://media-cdn.tripadvisor.com/media/photo-s/0a/06/95/18/chambre-classique.jpg", "site_section": "https://www.tripadvisor.com/Hotel_Review-g187147-d228758-Reviews-Emeraude_Hotel_Plaza_Etoile-Paris_Ile_de_France.html", "section_title": "Emeraude Hotel Plaza Etoile - UPDATED 2017 Reviews &amp; Price Comparison (Paris, France) - TripAdvisor", "url": "https://www.tripadvisor.com/ShowUserReviews-g187147-d228758-r458179364-Emeraude_Hotel_Plaza_Etoile-Paris_Ile_de_France.html", "country": "US", "domain_rank": 189, "title": "Really disappointing birthday trip", "performance_score": 0, "site": "tripadvisor.com", "participants_count": 2, "title_full": "Really disappointing birthday trip - Review of Emeraude Hotel Plaza Etoile, Paris, France - TripAdvisor", "spam_score": 0.0, "site_type": "discussions", "published": "2017-03-16T02:00:00.000+02:00", "replies_count": 1, "uuid": "e1e2bf0c8829e03b5161dada8147f9fdd6374a6b"}, "author": "DMYLiverpool", "url": "https://www.tripadvisor.com/ShowUserReviews-g187147-d228758-r458179364-Emeraude_Hotel_Plaza_Etoile-Paris_Ile_de_France.html", "ord_in_thread": 0, "title": "Really disappointing birthday trip", "locations": [], "entities": {"persons": [], "locations": [], "organizations": []}, "highlightText": "", "language": "english", "persons": [], "text": "I had booked this trip for my mothers Christmas present and it fell over my birthday.\nI experienced problems in advance as the hotel tried numerous times to preauthorise my card (which is fine but strange before the cancellation period).\nI had emailed the hotel in advance to enquire about a later check out (afternoon) and was Quote: d €120 which seemed disproportionate and ridiculous.\nUpon check in, I advised that we were staying for my birthday and asked if they could recommend a restaurant nearby for our first night as we were tired and didn't want to go too far. The man on reception suggested burger king. I explained we wanted more of a restaurant but he insisted it was \"very nice\".\nWe had requested a room on a high floor but we're allocated a room on 1st floor adjacent to the lift which was noisy and disruptive\nI plugged in my phone on arrival and it was apparent there was no power to the plug sockets. TV was also not working.\nI went to reception and the gentleman advised I hadn't put the key into the slot. I told him I had (all the lights were on) and he reluctantly followed me up. Upon visiting our room, he agreed there was an issue but advised someone had turned them off. He then went to rectify it and our electrics worked Soon after.\nWhen I got into the shower the next morning, I realised that there were no toiletries in there. I asked at reception later and was told they should be in there. I advised that they weren't and was given some soap / shampoo.\nBreakfast was very pleasant, probably the best thing about our stay. Location was fantastic but I wouldn't stay here again due to a real lack of concern for the guest experience. Front desk staff were ambivalent and uninterested, significantly less so with the French guests I noticed. That being said, we only saw three guests during our 3 day stay which made the room allocation /late check out issue even more strange.\nCould not recommend based on my experience I'm afraid", "external_links": ["https://static.tacdn.com/img2/x.gif"], "published": "2017-03-16T02:00:00.000+02:00", "crawled": "2017-03-29T13:00:01.483+03:00", "highlightTitle": ""}