{"organizations": [], "uuid": "69886c136abfd2800cffaaa8bd5d63a4e70d46ac", "thread": {"social": {"gplus": {"shares": 0}, "pinterest": {"shares": 0}, "vk": {"shares": 0}, "linkedin": {"shares": 0}, "facebook": {"likes": 0, "shares": 0, "comments": 0}, "stumbledupon": {"shares": 0}}, "site_full": "www.tripadvisor.com", "main_image": "https://media-cdn.tripadvisor.com/media/photo-s/05/b0/63/84/premier-inn-london-tower.jpg", "site_section": "https://www.tripadvisor.com/Hotel_Review-g186338-d215527-Reviews-or20-Premier_Inn_London_Tower_Bridge_Hotel-London_England.html", "section_title": "Premier Inn London Tower Bridge Hotel - UPDATED 2017 Reviews &amp; Price Comparison (England) - TripAdvisor", "url": "https://www.tripadvisor.com/ShowUserReviews-g186338-d215527-r464718637-Premier_Inn_London_Tower_Bridge_Hotel-London_England.html", "country": "US", "domain_rank": 189, "title": "Lack of hot water", "performance_score": 0, "site": "tripadvisor.com", "participants_count": 2, "title_full": "Lack of hot water - Review of Premier Inn London Tower Bridge Hotel, London, England - TripAdvisor", "spam_score": 0.0, "site_type": "discussions", "published": "2017-03-05T02:00:00.000+02:00", "replies_count": 1, "uuid": "69886c136abfd2800cffaaa8bd5d63a4e70d46ac"}, "author": "CameramanG", "url": "https://www.tripadvisor.com/ShowUserReviews-g186338-d215527-r464718637-Premier_Inn_London_Tower_Bridge_Hotel-London_England.html", "ord_in_thread": 0, "title": "Lack of hot water", "locations": [], "entities": {"persons": [], "locations": [], "organizations": []}, "highlightText": "", "language": "english", "persons": [], "text": "Stayed here briefly overnight - all I wanted was a hot shower and a bed to get 6 hours sleep.\nAt the best I got a low pressure luke warm shower both at 1am when I checked in and at 7am when I got up.\nVery expensive stay for poor amenities", "external_links": [], "published": "2017-03-05T02:00:00.000+02:00", "crawled": "2017-03-31T19:55:15.758+03:00", "highlightTitle": ""}