{"organizations": [], "uuid": "4ec48e76db89b08e3522ebe25652f805ac094b66", "thread": {"social": {"gplus": {"shares": 0}, "pinterest": {"shares": 0}, "vk": {"shares": 0}, "linkedin": {"shares": 0}, "facebook": {"likes": 0, "shares": 0, "comments": 0}, "stumbledupon": {"shares": 0}}, "site_full": "www.tripadvisor.com", "main_image": "https://media-cdn.tripadvisor.com/media/photo-s/07/11/72/2c/premium-single-room.jpg", "site_section": "https://www.tripadvisor.com/Hotel_Review-g60763-d208888-Reviews-Riff_Chelsea-New_York_City_New_York.html", "section_title": "Riff Chelsea - UPDATED 2017 Hotel Reviews &amp; Price Comparison (New York City) - TripAdvisor", "url": "https://www.tripadvisor.com/ShowUserReviews-g60763-d208888-r463548873-Riff_Chelsea-New_York_City_New_York.html", "country": "US", "domain_rank": 189, "title": "Do not Trust the good reviews", "performance_score": 0, "site": "tripadvisor.com", "participants_count": 2, "title_full": "Do not Trust the good reviews - Review of Riff Chelsea, New York City, NY - TripAdvisor", "spam_score": 0.02, "site_type": "discussions", "published": "2017-02-28T02:00:00.000+02:00", "replies_count": 1, "uuid": "4ec48e76db89b08e3522ebe25652f805ac094b66"}, "author": "Paul C", "url": "https://www.tripadvisor.com/ShowUserReviews-g60763-d208888-r463548873-Riff_Chelsea-New_York_City_New_York.html", "ord_in_thread": 0, "title": "Do not Trust the good reviews", "locations": [], "entities": {"persons": [], "locations": [], "organizations": []}, "highlightText": "", "language": "english", "persons": [], "text": "Dirty, loud, stained sheets,leaking ceiling and walls. Then charged additional fees for cleaning? $100?\nThen I found another $100 charge a few days later and had to deal with that\nPlease go elsewhere!!!! Location is perfect but don't get tricked the reviews cannot be real.\nRoom Tip: Don't stay here See more room tips", "external_links": [], "published": "2017-02-28T02:00:00.000+02:00", "crawled": "2017-03-29T06:13:18.384+03:00", "highlightTitle": ""}