{"organizations": [], "uuid": "886fd3dcfd654665aae93d0271d58490fb71413f", "thread": {"social": {"gplus": {"shares": 0}, "pinterest": {"shares": 0}, "vk": {"shares": 0}, "linkedin": {"shares": 0}, "facebook": {"likes": 0, "shares": 0, "comments": 0}, "stumbledupon": {"shares": 0}}, "site_full": "www.tripadvisor.com", "main_image": "https://media-cdn.tripadvisor.com/media/photo-s/07/77/79/83/novotel-roma-eur.jpg", "site_section": "https://www.tripadvisor.com/Hotel_Review-g187791-d5556662-Reviews-Novotel_Roma_Eur-Rome_Lazio.html", "section_title": "Novotel Roma Eur - UPDATED 2017 Hotel Reviews &amp; Price Comparison (Rome, Italy) - TripAdvisor", "url": "https://www.tripadvisor.com/ShowUserReviews-g187791-d5556662-r466485076-Novotel_Roma_Eur-Rome_Lazio.html", "country": "US", "domain_rank": 189, "title": "Absolutely no 4 stars!", "performance_score": 0, "site": "tripadvisor.com", "participants_count": 1, "title_full": "Absolutely no 4 stars! - Review of Novotel Roma Eur, Rome, Italy - TripAdvisor", "spam_score": 0.0, "site_type": "discussions", "published": "2017-03-12T02:00:00.000+02:00", "replies_count": 0, "uuid": "886fd3dcfd654665aae93d0271d58490fb71413f"}, "author": "Ted V", "url": "https://www.tripadvisor.com/ShowUserReviews-g187791-d5556662-r466485076-Novotel_Roma_Eur-Rome_Lazio.html", "ord_in_thread": 0, "title": "Absolutely no 4 stars!", "locations": [], "entities": {"persons": [], "locations": [], "organizations": []}, "highlightText": "", "language": "english", "persons": [], "text": "Don't know how they got 4, but facilities and service are closer to 2 stars, not 4, no way. Just stating on arrival that restaurants are closed on saturday afternoon and sunday does not do it when being there for the weekend. Room is outdated and not really clean. Marks of previous guests and actions on flooring, curtains, bathroom and more. Asking for a drink with three people doing nothing seems to much. Being far away from public transportation is a set back (although known upfront). Breakfast is simple but decent and ok. Only go there when the price is right.", "external_links": [], "published": "2017-03-12T02:00:00.000+02:00", "crawled": "2017-03-29T22:45:25.351+03:00", "highlightTitle": ""}