{"organizations": [], "uuid": "33487832b56d9e5feb6881730929496f193d9649", "thread": {"social": {"gplus": {"shares": 0}, "pinterest": {"shares": 0}, "vk": {"shares": 0}, "linkedin": {"shares": 0}, "facebook": {"likes": 0, "shares": 0, "comments": 0}, "stumbledupon": {"shares": 0}}, "site_full": "www.tripadvisor.com", "main_image": "https://media-cdn.tripadvisor.com/media/photo-s/02/c9/c2/7c/windsor-hotel.jpg", "site_section": "https://www.tripadvisor.com/Hotel_Review-g60763-d267182-Reviews-Windsor_Hotel-New_York_City_New_York.html", "section_title": "Windsor Hotel - UPDATED 2017 Reviews &amp; Price Comparison (New York City) - TripAdvisor", "url": "https://www.tripadvisor.com/ShowUserReviews-g60763-d267182-r469253363-Windsor_Hotel-New_York_City_New_York.html", "country": "US", "domain_rank": 189, "title": "Dirty rooms", "performance_score": 0, "site": "tripadvisor.com", "participants_count": 1, "title_full": "Dirty rooms - Review of Windsor Hotel, New York City, NY - TripAdvisor", "spam_score": 0.084, "site_type": "discussions", "published": "2017-03-21T02:00:00.000+02:00", "replies_count": 0, "uuid": "33487832b56d9e5feb6881730929496f193d9649"}, "author": "Thomas H", "url": "https://www.tripadvisor.com/ShowUserReviews-g60763-d267182-r469253363-Windsor_Hotel-New_York_City_New_York.html", "ord_in_thread": 0, "title": "Dirty rooms", "locations": [], "entities": {"persons": [], "locations": [], "organizations": []}, "highlightText": "", "language": "english", "persons": [], "text": "Good location but the place is filthy. Stained towels in the bathroom, got replacements but they were stained as well. Would not recommend. Wish I read the reviews first. On the plus side, the staff were sort of helpful.", "external_links": [], "published": "2017-03-21T02:00:00.000+02:00", "crawled": "2017-03-30T20:28:04.284+03:00", "highlightTitle": ""}