{"organizations": [], "uuid": "91827473063c2a4a0bfe640b36bb1a6a72742bfc", "thread": {"social": {"gplus": {"shares": 0}, "pinterest": {"shares": 0}, "vk": {"shares": 0}, "linkedin": {"shares": 0}, "facebook": {"likes": 0, "shares": 0, "comments": 0}, "stumbledupon": {"shares": 0}}, "site_full": "www.tripadvisor.com", "main_image": "https://media-cdn.tripadvisor.com/media/photo-s/0b/cd/8a/27/other.jpg", "site_section": "https://www.tripadvisor.com/Hotel_Review-g187147-d197573-Reviews-Ibis_Paris_Sacre_Coeur_18eme-Paris_Ile_de_France.html", "section_title": "Ibis Paris Sacre Coeur 18eme - UPDATED 2017 Hotel Reviews &amp; Price Comparison (France) - TripAdvisor", "url": "https://www.tripadvisor.com/ShowUserReviews-g187147-d197573-r465520198-Ibis_Paris_Sacre_Coeur_18eme-Paris_Ile_de_France.html", "country": "US", "domain_rank": 189, "title": "Looks more like a youth hostel than a hotel", "performance_score": 0, "site": "tripadvisor.com", "participants_count": 1, "title_full": "Looks more like a youth hostel than a hotel - Review of Ibis Paris Sacre Coeur 18eme, Paris, France - TripAdvisor", "spam_score": 0.417, "site_type": "discussions", "published": "2017-03-08T02:00:00.000+02:00", "replies_count": 0, "uuid": "91827473063c2a4a0bfe640b36bb1a6a72742bfc"}, "author": "Alex C", "url": "https://www.tripadvisor.com/ShowUserReviews-g187147-d197573-r465520198-Ibis_Paris_Sacre_Coeur_18eme-Paris_Ile_de_France.html", "ord_in_thread": 0, "title": "Looks more like a youth hostel than a hotel", "locations": [], "entities": {"persons": [], "locations": [], "organizations": []}, "highlightText": "", "language": "english", "persons": [], "text": "I would not recommend you stay here, I ended up paying to stay in another hotel as this place was so bad. The hotel is very cramped, rooms and public spaces are tiny and the whole place smelt slightly of vinegar. The hotel really needs refurbishing and is poor even by budget hotel standards. The rooms look tired and old. Just do yourself a favour and stay somewhere else.", "external_links": [], "published": "2017-03-08T02:00:00.000+02:00", "crawled": "2017-03-28T10:45:35.810+03:00", "highlightTitle": ""}