{"organizations": [], "uuid": "11cc714605602253585c6ade31578e8c8b9f35af", "thread": {"social": {"gplus": {"shares": 0}, "pinterest": {"shares": 0}, "vk": {"shares": 0}, "linkedin": {"shares": 0}, "facebook": {"likes": 0, "shares": 0, "comments": 0}, "stumbledupon": {"shares": 0}}, "site_full": "www.tripadvisor.com", "main_image": "https://media-cdn.tripadvisor.com/media/photo-s/05/2c/17/4d/hotel-baldi.jpg", "site_section": "https://www.tripadvisor.com/Hotel_Review-g187147-d269114-Reviews-Hotel_Baldi-Paris_Ile_de_France.html", "section_title": "Hotel Baldi - UPDATED 2017 Reviews &amp; Price Comparison (Paris, France) - TripAdvisor", "url": "https://www.tripadvisor.com/ShowUserReviews-g187147-d269114-r464121800-Hotel_Baldi-Paris_Ile_de_France.html", "country": "US", "domain_rank": 189, "title": "Gross, Dirty and Itchy", "performance_score": 0, "site": "tripadvisor.com", "participants_count": 1, "title_full": "Gross, Dirty and Itchy - Review of Hotel Baldi, Paris, France - TripAdvisor", "spam_score": 0.0, "site_type": "discussions", "published": "2017-03-02T02:00:00.000+02:00", "replies_count": 0, "uuid": "11cc714605602253585c6ade31578e8c8b9f35af"}, "author": "Pancakes247", "url": "https://www.tripadvisor.com/ShowUserReviews-g187147-d269114-r464121800-Hotel_Baldi-Paris_Ile_de_France.html", "ord_in_thread": 0, "title": "Gross, Dirty and Itchy", "locations": [], "entities": {"persons": [], "locations": [], "organizations": []}, "highlightText": "", "language": "english", "persons": [], "text": "Got eaten alive by bed bugs, don't go for you skins sake!!! The room was not clean, It is not acceptable to be bitten when paying for these prices. I stayed in room 601, avoid where possible as there were bedbugs!!!", "external_links": ["https://static.tacdn.com/img2/x.gif"], "published": "2017-03-02T02:00:00.000+02:00", "crawled": "2017-03-31T05:50:45.896+03:00", "highlightTitle": ""}