{"organizations": [], "uuid": "c1c68479ddef73719952d713e5b249d3940b2136", "thread": {"social": {"gplus": {"shares": 0}, "pinterest": {"shares": 0}, "vk": {"shares": 0}, "linkedin": {"shares": 0}, "facebook": {"likes": 0, "shares": 0, "comments": 0}, "stumbledupon": {"shares": 0}}, "site_full": "www.tripadvisor.com", "main_image": "https://media-cdn.tripadvisor.com/media/photo-s/0a/be/8a/ff/bianco-pizzeria.jpg", "site_section": "https://www.tripadvisor.com/Hotel_Review-g186338-d1477336-Reviews-or10-Club_Quarters_Hotel_Trafalgar_Square-London_England.html", "section_title": "Club Quarters Hotel, Trafalgar Square - UPDATED 2017 Reviews &amp; Price Comparison (London, England) - TripAdvisor", "url": "https://www.tripadvisor.com/ShowUserReviews-g186338-d1477336-r465692276-Club_Quarters_Hotel_Trafalgar_Square-London_England.html", "country": "US", "domain_rank": 189, "title": "simply and profoundly shameful", "performance_score": 0, "site": "tripadvisor.com", "participants_count": 2, "title_full": "simply and profoundly shameful - Review of Club Quarters Hotel, Trafalgar Square, London, England - TripAdvisor", "spam_score": 0.0, "site_type": "discussions", "published": "2017-03-08T02:00:00.000+02:00", "replies_count": 1, "uuid": "c1c68479ddef73719952d713e5b249d3940b2136"}, "author": "449marcella", "url": "https://www.tripadvisor.com/ShowUserReviews-g186338-d1477336-r465692276-Club_Quarters_Hotel_Trafalgar_Square-London_England.html", "ord_in_thread": 0, "title": "simply and profoundly shameful", "locations": [], "entities": {"persons": [], "locations": [], "organizations": []}, "highlightText": "", "language": "english", "persons": [], "text": "I am writing this at 2:50 in the morning as I lie awake in a bed in this place since more than 2 hour ago. Do not bother wasting your money coming here: you will have more silence (and, by the way, less smell) if you throw yourself on the floor in front of a sausage stall at Victoria Station. And to be clear: I am not talking about the occasional drunken who may have made us unlucky, but of major operations of dismounting the restaurant (or similar room) downstairs. Night manager offers to move us NOW to another room. Thanks so much. Maybe a better solution is to move day manager to a position better suited to whatever competence is detected under careful scrutiny.", "external_links": [], "published": "2017-03-08T02:00:00.000+02:00", "crawled": "2017-03-31T18:18:49.883+03:00", "highlightTitle": ""}