{"organizations": [], "uuid": "aa96a9dfd8729e306b3fb8c3f0941da11fcc1437", "thread": {"social": {"gplus": {"shares": 0}, "pinterest": {"shares": 0}, "vk": {"shares": 0}, "linkedin": {"shares": 0}, "facebook": {"likes": 0, "shares": 0, "comments": 0}, "stumbledupon": {"shares": 0}}, "site_full": "www.tripadvisor.com", "main_image": "https://media-cdn.tripadvisor.com/media/photo-s/09/b0/a3/68/the-nadler-victoria.jpg", "site_section": "https://www.tripadvisor.com/Hotel_Review-g186338-d8625676-Reviews-The_Nadler_Victoria-London_England.html", "section_title": "The Nadler Victoria - UPDATED 2017 Hotel Reviews &amp; Price Comparison (London, England) - TripAdvisor", "url": "https://www.tripadvisor.com/ShowUserReviews-g186338-d8625676-r469760256-The_Nadler_Victoria-London_England.html", "country": "US", "domain_rank": 189, "title": "Only stay here if you don't have a medical emergency", "performance_score": 0, "site": "tripadvisor.com", "participants_count": 1, "title_full": "Only stay here if you don't have a medical emergency - Review of The Nadler Victoria, London, England - TripAdvisor", "spam_score": 0.002, "site_type": "discussions", "published": "2017-03-23T02:00:00.000+02:00", "replies_count": 0, "uuid": "aa96a9dfd8729e306b3fb8c3f0941da11fcc1437"}, "author": "bethany2012", "url": "https://www.tripadvisor.com/ShowUserReviews-g186338-d8625676-r469760256-The_Nadler_Victoria-London_England.html", "ord_in_thread": 0, "title": "Only stay here if you don't have a medical emergency", "locations": [], "entities": {"persons": [], "locations": [], "organizations": []}, "highlightText": "", "language": "english", "persons": [], "text": "I chose this hotel based on the other reviews I read. However I found the room claustrophobically tiny and not to my liking. Grey dust rained down upon me when I reached up on to the top of a high shelf. It is a nice area to stay. But the hotel was not up to standard. But the worst part was, my travelling companion took ill at a nearby café. I asked the receptionist if I could get the details for a doctor in case I needed it. She assured me that although she didn't know, she would find out and call the room. That call never came. I was horrified that the welfare of an unwell guest meant nothing to this hotel. I complained to the manager about it via email but it was after the fact and nothing could change that experience. I do not recommend this hotel.", "external_links": [], "published": "2017-03-23T02:00:00.000+02:00", "crawled": "2017-03-30T02:01:18.144+03:00", "highlightTitle": ""}