{"organizations": [], "uuid": "eb6eb45e522189036b582673f34d3c9f4d4eab20", "thread": {"social": {"gplus": {"shares": 0}, "pinterest": {"shares": 0}, "vk": {"shares": 0}, "linkedin": {"shares": 0}, "facebook": {"likes": 0, "shares": 0, "comments": 0}, "stumbledupon": {"shares": 0}}, "site_full": "www.tripadvisor.com", "main_image": "https://media-cdn.tripadvisor.com/media/photo-s/04/a8/a7/7b/hotel-forte.jpg", "site_section": "https://www.tripadvisor.com/Hotel_Review-g187791-d456488-Reviews-Hotel_Forte-Rome_Lazio.html", "section_title": "Hotel Forte - UPDATED 2017 Reviews &amp; Price Comparison (Rome, Italy) - TripAdvisor", "url": "https://www.tripadvisor.com/ShowUserReviews-g187791-d456488-r463410471-Hotel_Forte-Rome_Lazio.html", "country": "US", "domain_rank": 189, "title": "A Fraud!!", "performance_score": 0, "site": "tripadvisor.com", "participants_count": 2, "title_full": "A Fraud!! - Review of Hotel Forte, Rome, Italy - TripAdvisor", "spam_score": 0.0, "site_type": "discussions", "published": "2017-02-28T02:00:00.000+02:00", "replies_count": 1, "uuid": "eb6eb45e522189036b582673f34d3c9f4d4eab20"}, "author": "IrKap334", "url": "https://www.tripadvisor.com/ShowUserReviews-g187791-d456488-r463410471-Hotel_Forte-Rome_Lazio.html", "ord_in_thread": 0, "title": "A Fraud!!", "locations": [], "entities": {"persons": [], "locations": [], "organizations": []}, "highlightText": "", "language": "english", "persons": [], "text": "Don't trust this hotel! I have been a Traveller since I am a child and I have never in my life had a problem that a hotel charges more than they write to you in an email confirmation! It is an outrageous situation - they send to you on purpose the \"official reconfirmation\", where it's stated in clear writing \"After the time above mentioned we charge the cost of the first night as No Show.\" However, turns out that they send another email before the official one, where they write in small font that they charge you half of the stay!\nAnd in addition to that, when I called to deal with the situation, a person named Claudio laughed at me and said that it is my problem.\nI am planning on making a reservation again next week, but I am not choosing a hotel that makes money in such a way.", "external_links": [], "published": "2017-02-28T02:00:00.000+02:00", "crawled": "2017-03-29T13:19:04.089+03:00", "highlightTitle": ""}