{"organizations": [], "uuid": "8311f5e4b3d78b1fac865b475713a93cb51c2b6f", "thread": {"social": {"gplus": {"shares": 0}, "pinterest": {"shares": 0}, "vk": {"shares": 0}, "linkedin": {"shares": 0}, "facebook": {"likes": 0, "shares": 0, "comments": 0}, "stumbledupon": {"shares": 0}}, "site_full": "www.tripadvisor.com", "main_image": "https://media-cdn.tripadvisor.com/media/photo-s/0c/7b/7c/31/hotel-exterior-at-dusk.jpg", "site_section": "https://www.tripadvisor.com/Hotel_Review-g60763-d5786212-Reviews-Hilton_Garden_Inn_New_York_Central_Park_South_Midtown_West-New_York_City_New_York.html", "section_title": "Hilton Garden Inn New York/Central Park South-Midtown West - UPDATED 2017 Hotel Reviews &amp; Price Comparison (New York City) - TripAdvisor", "url": "https://www.tripadvisor.com/ShowUserReviews-g60763-d5786212-r468965081-Hilton_Garden_Inn_New_York_Central_Park_South_Midtown_West-New_York_City_New_York.html", "country": "US", "domain_rank": 189, "title": "Bad follow up", "performance_score": 0, "site": "tripadvisor.com", "participants_count": 2, "title_full": "Bad follow up - Review of Hilton Garden Inn New York/Central Park South-Midtown West, New York City, NY - TripAdvisor", "spam_score": 0.001, "site_type": "discussions", "published": "2017-03-20T02:00:00.000+02:00", "replies_count": 1, "uuid": "8311f5e4b3d78b1fac865b475713a93cb51c2b6f"}, "author": "925darat", "url": "https://www.tripadvisor.com/ShowUserReviews-g60763-d5786212-r468965081-Hilton_Garden_Inn_New_York_Central_Park_South_Midtown_West-New_York_City_New_York.html", "ord_in_thread": 0, "title": "Bad follow up", "locations": [], "entities": {"persons": [], "locations": [], "organizations": []}, "highlightText": "", "language": "english", "persons": [], "text": "Bad follow up - elevators move really slow so if you are in need of getting somewhere quick- don't plan on it- also- I left an expensive cord in my room- called the day I realized it and was told to leave a message. I did- 3 days in row- finally demanded a manager who walked in and found my cord. I had to have it shipped and by then I had to overnight it for $123! Could have been spared the expense....", "external_links": [], "published": "2017-03-20T02:00:00.000+02:00", "crawled": "2017-03-30T01:16:09.836+03:00", "highlightTitle": ""}