{"organizations": [], "uuid": "ee86501dca0ac97910795ac459a21540c82eee36", "thread": {"social": {"gplus": {"shares": 0}, "pinterest": {"shares": 0}, "vk": {"shares": 0}, "linkedin": {"shares": 0}, "facebook": {"likes": 0, "shares": 0, "comments": 0}, "stumbledupon": {"shares": 0}}, "site_full": "www.tripadvisor.com", "main_image": "https://media-cdn.tripadvisor.com/media/photo-s/03/99/1f/ea/church-street-hotel.jpg", "site_section": "https://www.tripadvisor.com/Hotel_Review-g186338-d654054-Reviews-Church_Street_Hotel-London_England.html", "section_title": "Church Street Hotel - UPDATED 2017 Reviews &amp; Price Comparison (London, England) - TripAdvisor", "url": "https://www.tripadvisor.com/ShowUserReviews-g186338-d654054-r469754057-Church_Street_Hotel-London_England.html", "country": "US", "domain_rank": 189, "title": "The worst stay", "performance_score": 0, "site": "tripadvisor.com", "participants_count": 2, "title_full": "The worst stay - Review of Church Street Hotel, London, England - TripAdvisor", "spam_score": 0.0, "site_type": "discussions", "published": "2017-03-23T02:00:00.000+02:00", "replies_count": 1, "uuid": "ee86501dca0ac97910795ac459a21540c82eee36"}, "author": "inasahmed", "url": "https://www.tripadvisor.com/ShowUserReviews-g186338-d654054-r469754057-Church_Street_Hotel-London_England.html", "ord_in_thread": 0, "title": "The worst stay", "locations": [], "entities": {"persons": [], "locations": [], "organizations": []}, "highlightText": "", "language": "english", "persons": [], "text": "When I first checked in, the receptionist made a mistake and made me pay twice the whole price of the stay which I did not get the refund added to my balance yet because it is an international transaction, no breakfast, no kettle or tea in the room only in the communion room, the TV did not work properly. The toiletries were not replaced until I had to ask for it\nThe underground is not near.\nAt the check out I forgot the cash deposit of 20 pounds and nobody reminded me to take it.\nIn short the worst stay.", "external_links": [], "published": "2017-03-23T02:00:00.000+02:00", "crawled": "2017-03-31T20:42:11.538+03:00", "highlightTitle": ""}