{"organizations": [], "uuid": "d47eb9117d0a384f03c9a6c1883a5d6afa245c50", "thread": {"social": {"gplus": {"shares": 0}, "pinterest": {"shares": 0}, "vk": {"shares": 0}, "linkedin": {"shares": 0}, "facebook": {"likes": 0, "shares": 0, "comments": 0}, "stumbledupon": {"shares": 0}}, "site_full": "www.tripadvisor.com", "main_image": "https://media-cdn.tripadvisor.com/media/photo-s/0d/a3/ea/71/lobby.jpg", "site_section": "https://www.tripadvisor.com/Hotel_Review-g187147-d207751-Reviews-or10-BEST_WESTERN_Premier_Louvre_Saint_Honore-Paris_Ile_de_France.html", "section_title": "BEST WESTERN Premier Louvre Saint Honore - UPDATED 2017 Hotel Reviews &amp; Price Comparison (Paris, France) - TripAdvisor", "url": "https://www.tripadvisor.com/ShowUserReviews-g187147-d207751-r461369287-BEST_WESTERN_Premier_Louvre_Saint_Honore-Paris_Ile_de_France.html", "country": "US", "domain_rank": 189, "title": "Money stolen from room! Stained sheets!", "performance_score": 0, "site": "tripadvisor.com", "participants_count": 2, "title_full": "Money stolen from room! Stained sheets! - Review of BEST WESTERN Premier Louvre Saint Honore, Paris, France - TripAdvisor", "spam_score": 0.0, "site_type": "discussions", "published": "2017-03-05T02:00:00.000+02:00", "replies_count": 1, "uuid": "d47eb9117d0a384f03c9a6c1883a5d6afa245c50"}, "author": "naztraveler703", "url": "https://www.tripadvisor.com/ShowUserReviews-g187147-d207751-r461369287-BEST_WESTERN_Premier_Louvre_Saint_Honore-Paris_Ile_de_France.html", "ord_in_thread": 0, "title": "Money stolen from room! Stained sheets!", "locations": [], "entities": {"persons": [], "locations": [], "organizations": []}, "highlightText": "", "language": "english", "persons": [], "text": "Our first night there, they put us in a room where the we found red stains on the sheets. We called the front desk and they offered to put us in another room. They told us to go around and come back. Leave our luggage and so we move it for you..BIG mistake! we are now in Nice and there is money missing from my bags! Hotel was no help!! Never again!!", "external_links": [], "published": "2017-03-05T02:00:00.000+02:00", "crawled": "2017-03-31T19:37:07.340+03:00", "highlightTitle": ""}