{"organizations": [], "uuid": "2b5d37c8e5e08b86503060d22dfc6cd9e50dd929", "thread": {"social": {"gplus": {"shares": 0}, "pinterest": {"shares": 0}, "vk": {"shares": 0}, "linkedin": {"shares": 0}, "facebook": {"likes": 0, "shares": 0, "comments": 0}, "stumbledupon": {"shares": 0}}, "site_full": "www.tripadvisor.com", "main_image": "https://media-cdn.tripadvisor.com/media/photo-s/04/0e/b1/dc/ibis-paris-montmartre.jpg", "site_section": "https://www.tripadvisor.com/Hotel_Review-g187147-d197571-Reviews-Ibis_Paris_Montmartre_18eme-Paris_Ile_de_France.html", "section_title": "Ibis Paris Montmartre 18eme - UPDATED 2017 Hotel Reviews &amp; Price Comparison (France) - TripAdvisor", "url": "https://www.tripadvisor.com/ShowUserReviews-g187147-d197571-r467941405-Ibis_Paris_Montmartre_18eme-Paris_Ile_de_France.html", "country": "US", "domain_rank": 189, "title": "Got scammed", "performance_score": 0, "site": "tripadvisor.com", "participants_count": 1, "title_full": "Got scammed - Review of Ibis Paris Montmartre 18eme, Paris, France - TripAdvisor", "spam_score": 0.001, "site_type": "discussions", "published": "2017-03-16T02:00:00.000+02:00", "replies_count": 0, "uuid": "2b5d37c8e5e08b86503060d22dfc6cd9e50dd929"}, "author": "Jonas R", "url": "https://www.tripadvisor.com/ShowUserReviews-g187147-d197571-r467941405-Ibis_Paris_Montmartre_18eme-Paris_Ile_de_France.html", "ord_in_thread": 0, "title": "Got scammed", "locations": [], "entities": {"persons": [], "locations": [], "organizations": []}, "highlightText": "", "language": "english", "persons": [], "text": "Horrible experience, made us paid twice for the room we had booked and paid previously also they did the same for a lot of guests at the time, blocked our rooms and didn't let us in if we didn't pay for the room again, which ended in us paying the room twice... Still haven't got my money back.", "external_links": [], "published": "2017-03-16T02:00:00.000+02:00", "crawled": "2017-03-28T10:46:11.728+03:00", "highlightTitle": ""}