{"organizations": [], "uuid": "134069f1670df483ca38cec34116670b7ef7b217", "thread": {"social": {"gplus": {"shares": 0}, "pinterest": {"shares": 0}, "vk": {"shares": 0}, "linkedin": {"shares": 0}, "facebook": {"likes": 0, "shares": 0, "comments": 0}, "stumbledupon": {"shares": 0}}, "site_full": "www.tripadvisor.com", "main_image": "https://media-cdn.tripadvisor.com/media/photo-s/06/fd/df/74/guest-room.jpg", "site_section": "https://www.tripadvisor.com/Hotel_Review-g187147-d636112-Reviews-Hotel_de_Bellevue_Paris_Gare_du_Nord-Paris_Ile_de_France.html", "section_title": "Hotel de Bellevue Paris Gare du Nord - UPDATED 2017 Reviews &amp; Price Comparison (France) - TripAdvisor", "url": "https://www.tripadvisor.com/ShowUserReviews-g187147-d636112-r464715734-Hotel_de_Bellevue_Paris_Gare_du_Nord-Paris_Ile_de_France.html", "country": "US", "domain_rank": 189, "title": "Nice Hotel, Awful Location", "performance_score": 0, "site": "tripadvisor.com", "participants_count": 2, "title_full": "Nice Hotel, Awful Location - Review of Hotel de Bellevue Paris Gare du Nord, Paris, France - TripAdvisor", "spam_score": 0.001, "site_type": "discussions", "published": "2017-03-05T02:00:00.000+02:00", "replies_count": 1, "uuid": "134069f1670df483ca38cec34116670b7ef7b217"}, "author": "Zoe D", "url": "https://www.tripadvisor.com/ShowUserReviews-g187147-d636112-r464715734-Hotel_de_Bellevue_Paris_Gare_du_Nord-Paris_Ile_de_France.html", "ord_in_thread": 0, "title": "Nice Hotel, Awful Location", "locations": [], "entities": {"persons": [], "locations": [], "organizations": []}, "highlightText": "", "language": "english", "persons": [], "text": "Room was lovely, clean and comfy. Breakfast was somewhat lacking, even for a continental breakfast. Location... shocking! I felt like I was in downtown Beirut, not Paris! As a single woman I didn't feel safe to walk around in the evening so I was confined to the hotel from sun down. If you're looking to explore the city and enjoy the Parisian experience, it would be worth the little extra money for a more central area with a little less hostile environment.", "external_links": [], "published": "2017-03-05T02:00:00.000+02:00", "crawled": "2017-03-28T13:52:00.903+03:00", "highlightTitle": ""}