{"organizations": [], "uuid": "56b9d2ab2746e2469796149ff000d053aae84ea4", "thread": {"social": {"gplus": {"shares": 0}, "pinterest": {"shares": 0}, "vk": {"shares": 0}, "linkedin": {"shares": 0}, "facebook": {"likes": 0, "shares": 0, "comments": 0}, "stumbledupon": {"shares": 0}}, "site_full": "www.tripadvisor.com", "main_image": "https://media-cdn.tripadvisor.com/media/photo-s/05/8f/0e/8d/6-columbus-a-sixty-hotel.jpg", "site_section": "https://www.tripadvisor.com/Hotel_Review-g60763-d93383-Reviews-6_Columbus_A_SIXTY_Hotel-New_York_City_New_York.html", "section_title": "6 Columbus - A SIXTY Hotel - UPDATED 2017 Reviews &amp; Price Comparison (New York City) - TripAdvisor", "url": "https://www.tripadvisor.com/ShowUserReviews-g60763-d93383-r468015991-6_Columbus_A_SIXTY_Hotel-New_York_City_New_York.html", "country": "US", "domain_rank": 189, "title": "bad experience", "performance_score": 0, "site": "tripadvisor.com", "participants_count": 2, "title_full": "bad experience - Review of 6 Columbus - A SIXTY Hotel, New York City, NY - TripAdvisor", "spam_score": 0.001, "site_type": "discussions", "published": "2017-03-17T02:00:00.000+02:00", "replies_count": 1, "uuid": "56b9d2ab2746e2469796149ff000d053aae84ea4"}, "author": "msdbiz", "url": "https://www.tripadvisor.com/ShowUserReviews-g60763-d93383-r468015991-6_Columbus_A_SIXTY_Hotel-New_York_City_New_York.html", "ord_in_thread": 0, "title": "bad experience", "locations": [], "entities": {"persons": [], "locations": [], "organizations": []}, "highlightText": "", "language": "english", "persons": [], "text": "they didn't charge me when I did the booking and when they charged me (two weeks later) the acount was short of balance so they cancel my booking. They kept charging my credit card untill they got the payment and witgour allowing me to stay in the room. manager reaction to the incident was disappointing.", "external_links": [], "published": "2017-03-17T02:00:00.000+02:00", "crawled": "2017-03-30T01:00:35.383+03:00", "highlightTitle": ""}