{"organizations": [], "uuid": "73fd23aa18ce9306450c53bf1a934ef3f7666edb", "thread": {"social": {"gplus": {"shares": 0}, "pinterest": {"shares": 0}, "vk": {"shares": 0}, "linkedin": {"shares": 0}, "facebook": {"likes": 0, "shares": 0, "comments": 0}, "stumbledupon": {"shares": 0}}, "site_full": "www.tripadvisor.com", "main_image": "https://media-cdn.tripadvisor.com/media/photo-s/0d/e1/39/b0/hotel-exterior.jpg", "site_section": "https://www.tripadvisor.com/Hotel_Review-g60763-d611947-Reviews-New_York_Hilton_Midtown-New_York_City_New_York.html", "section_title": "New York Hilton Midtown - UPDATED 2017 Hotel Reviews &amp; Price Comparison (New York City) - TripAdvisor", "url": "https://www.tripadvisor.com/ShowUserReviews-g60763-d611947-r470568042-New_York_Hilton_Midtown-New_York_City_New_York.html", "country": "US", "domain_rank": 189, "title": "Jump Dance Event", "performance_score": 0, "site": "tripadvisor.com", "participants_count": 2, "title_full": "Jump Dance Event - Review of New York Hilton Midtown, New York City, NY - TripAdvisor", "spam_score": 0.001, "site_type": "discussions", "published": "2017-03-27T03:00:00.000+03:00", "replies_count": 1, "uuid": "73fd23aa18ce9306450c53bf1a934ef3f7666edb"}, "author": "jeremy t", "url": "https://www.tripadvisor.com/ShowUserReviews-g60763-d611947-r470568042-New_York_Hilton_Midtown-New_York_City_New_York.html", "ord_in_thread": 0, "title": "Jump Dance Event", "locations": [], "entities": {"persons": [], "locations": [], "organizations": []}, "highlightText": "", "language": "english", "persons": [], "text": "We were at the New York Hilton Midtown for 3 days, Friday, Saturday and Sunday for the Jump dance convention. The bathrooms were very poorly maintained during the event and garbage cans were overflowing in the workshop areas. No one ever seemed to replenish the toilet paper or empty the garbage cans. It was really a terrible mess. I never saw any janatorial stuff to tell the replenish the toilet paper. It is a great dance event but the hotel should be keeping the place clean.", "external_links": [], "published": "2017-03-27T03:00:00.000+03:00", "crawled": "2017-03-30T17:48:17.530+03:00", "highlightTitle": ""}