{"organizations": [], "uuid": "ad49fe5b1e60a1d2a7ba66a8526a855c4c22fe92", "thread": {"social": {"gplus": {"shares": 0}, "pinterest": {"shares": 0}, "vk": {"shares": 0}, "linkedin": {"shares": 0}, "facebook": {"likes": 0, "shares": 0, "comments": 0}, "stumbledupon": {"shares": 0}}, "site_full": "www.tripadvisor.com", "main_image": "https://media-cdn.tripadvisor.com/media/photo-s/0d/e5/bf/79/exterior.jpg", "site_section": "https://www.tripadvisor.com/Hotel_Review-g196563-d530493-Reviews-Adagio_Access_La_Defense_Place_Charras-Courbevoie_La_Defense_Hauts_de_Seine_Ile_de_Fran.html", "section_title": "Adagio Access La Defense Place Charras - UPDATED 2017 Hotel Reviews &amp; Price Comparison (Courbevoie, France) - TripAdvisor", "url": "https://www.tripadvisor.com/ShowUserReviews-g196563-d530493-r471063806-Adagio_Access_La_Defense_Place_Charras-Courbevoie_La_Defense_Hauts_de_Seine_Ile_d.html", "country": "US", "domain_rank": 189, "title": "Comfort level far below Adagio standard", "performance_score": 0, "site": "tripadvisor.com", "participants_count": 1, "title_full": "Comfort level far below Adagio standard - Review of Adagio Access La Defense Place Charras, Courbevoie, France - TripAdvisor", "spam_score": 0.01, "site_type": "discussions", "published": "2017-03-29T03:00:00.000+03:00", "replies_count": 0, "uuid": "ad49fe5b1e60a1d2a7ba66a8526a855c4c22fe92"}, "author": "SergioFEITOSA", "url": "https://www.tripadvisor.com/ShowUserReviews-g196563-d530493-r471063806-Adagio_Access_La_Defense_Place_Charras-Courbevoie_La_Defense_Hauts_de_Seine_Ile_d.html", "ord_in_thread": 0, "title": "Comfort level far below Adagio standard", "locations": [], "entities": {"persons": [], "locations": [], "organizations": []}, "highlightText": "", "language": "english", "persons": [], "text": "2 breakfasts not taken because we leave 30 mins earlier than restaurant opening time and it was charged on my cart anyway. Reception was informed, man told it will not be charged but it was. VERY ABUSIVE!", "external_links": [], "published": "2017-03-29T03:00:00.000+03:00", "crawled": "2017-03-30T20:45:24.245+03:00", "highlightTitle": ""}