{"organizations": [], "uuid": "d0c8418d6f5a1424742960157d844dafce32303a", "thread": {"social": {"gplus": {"shares": 0}, "pinterest": {"shares": 0}, "vk": {"shares": 0}, "linkedin": {"shares": 0}, "facebook": {"likes": 0, "shares": 0, "comments": 0}, "stumbledupon": {"shares": 0}}, "site_full": "www.tripadvisor.com", "main_image": "https://media-cdn.tripadvisor.com/media/photo-s/07/fa/dd/d4/lobby.jpg", "site_section": "https://www.tripadvisor.com/Hotel_Review-g60763-d99388-Reviews-Ramada_New_York_Eastside-New_York_City_New_York.html", "section_title": "Ramada New York/Eastside - UPDATED 2017 Hotel Reviews &amp; Price Comparison (New York City) - TripAdvisor", "url": "https://www.tripadvisor.com/ShowUserReviews-g60763-d99388-r467563256-Ramada_New_York_Eastside-New_York_City_New_York.html", "country": "US", "domain_rank": 189, "title": "Getaway", "performance_score": 0, "site": "tripadvisor.com", "participants_count": 2, "title_full": "Getaway - Review of Ramada New York/Eastside, New York City, NY - TripAdvisor", "spam_score": 0.004, "site_type": "discussions", "published": "2017-03-15T02:00:00.000+02:00", "replies_count": 1, "uuid": "d0c8418d6f5a1424742960157d844dafce32303a"}, "author": "Peter G", "url": "https://www.tripadvisor.com/ShowUserReviews-g60763-d99388-r467563256-Ramada_New_York_Eastside-New_York_City_New_York.html", "ord_in_thread": 0, "title": "Getaway", "locations": [], "entities": {"persons": [], "locations": [], "organizations": []}, "highlightText": "", "language": "english", "persons": [], "text": "Rented room in this motel for a few nights \"getaway\". Although lobby etc. were impressive and \"state of the art\" the room left much to be desired. The tv did not have all the advertised channels and the room was overlooking a terraced construction site. On the whole disillusioned by staff treatment who were rather cold at the concierge desk upon request for some routine information.\nRoom Tip: Please request in advance that utilities in room are OPERATIVE or that you can change rooms if neces... See more room tips", "external_links": [], "published": "2017-03-15T02:00:00.000+02:00", "crawled": "2017-03-30T19:35:58.995+03:00", "highlightTitle": ""}