{"organizations": [], "uuid": "cce1f8a7e2650e7e8647684ed0d07ef2085aacde", "thread": {"social": {"gplus": {"shares": 0}, "pinterest": {"shares": 0}, "vk": {"shares": 0}, "linkedin": {"shares": 0}, "facebook": {"likes": 0, "shares": 0, "comments": 0}, "stumbledupon": {"shares": 0}}, "site_full": "www.tripadvisor.com", "main_image": "https://media-cdn.tripadvisor.com/media/photo-s/09/06/af/92/sanctuary-hotel-lobby.jpg", "site_section": "https://www.tripadvisor.com/Hotel_Review-g60763-d93525-Reviews-Sanctuary_Hotel_New_York-New_York_City_New_York.html", "section_title": "Sanctuary Hotel New York - UPDATED 2017 Reviews &amp; Price Comparison (New York City) - TripAdvisor", "url": "https://www.tripadvisor.com/ShowUserReviews-g60763-d93525-r469384261-Sanctuary_Hotel_New_York-New_York_City_New_York.html", "country": "US", "domain_rank": 189, "title": "Location, location, nothing else", "performance_score": 0, "site": "tripadvisor.com", "participants_count": 1, "title_full": "Location, location, nothing else - Review of Sanctuary Hotel New York, New York City, NY - TripAdvisor", "spam_score": 0.0, "site_type": "discussions", "published": "2017-03-22T02:00:00.000+02:00", "replies_count": 0, "uuid": "cce1f8a7e2650e7e8647684ed0d07ef2085aacde"}, "author": "Billintec", "url": "https://www.tripadvisor.com/ShowUserReviews-g60763-d93525-r469384261-Sanctuary_Hotel_New_York-New_York_City_New_York.html", "ord_in_thread": 0, "title": "Location, location, nothing else", "locations": [], "entities": {"persons": [], "locations": [], "organizations": []}, "highlightText": "", "language": "english", "persons": [], "text": "Did not live up to expectations. Elevator sized room with no instructions for TV channels, no menus, no info at all. No USB ports to recharge, and staff couldn't or wouldn't provide an adapter. Never seen such disinterested front desk staff. Room was quiet, except for loud HVAC fan that cycled every 15 minutes all night. Food was good, though trendy roof bar/restaurant was too loud and cold to attempt dining.", "external_links": [], "published": "2017-03-22T02:00:00.000+02:00", "crawled": "2017-03-27T03:13:45.546+03:00", "highlightTitle": ""}