{"organizations": [], "uuid": "a1b174a0b9f70720e0627e4c8b528267c84a5651", "thread": {"social": {"gplus": {"shares": 0}, "pinterest": {"shares": 0}, "vk": {"shares": 0}, "linkedin": {"shares": 0}, "facebook": {"likes": 0, "shares": 0, "comments": 0}, "stumbledupon": {"shares": 0}}, "site_full": "www.tripadvisor.com", "main_image": "https://media-cdn.tripadvisor.com/media/photo-s/0d/39/42/f1/facade-rue-saint-lazare.jpg", "site_section": "https://www.tripadvisor.com/Hotel_Review-g187147-d207718-Reviews-or10-Hilton_Paris_Opera-Paris_Ile_de_France.html", "section_title": "Hilton Paris Opera - UPDATED 2017 Hotel Reviews &amp; Price Comparison (France) - TripAdvisor", "url": "https://www.tripadvisor.com/ShowUserReviews-g187147-d207718-r468575488-Hilton_Paris_Opera-Paris_Ile_de_France.html", "country": "US", "domain_rank": 189, "title": "Good location, tiny rooms", "performance_score": 0, "site": "tripadvisor.com", "participants_count": 2, "title_full": "Good location, tiny rooms - Review of Hilton Paris Opera, Paris, France - TripAdvisor", "spam_score": 0.0, "site_type": "discussions", "published": "2017-03-19T02:00:00.000+02:00", "replies_count": 1, "uuid": "a1b174a0b9f70720e0627e4c8b528267c84a5651"}, "author": "Guillermo D", "url": "https://www.tripadvisor.com/ShowUserReviews-g187147-d207718-r468575488-Hilton_Paris_Opera-Paris_Ile_de_France.html", "ord_in_thread": 0, "title": "Good location, tiny rooms", "locations": [], "entities": {"persons": [], "locations": [], "organizations": []}, "highlightText": "", "language": "english", "persons": [], "text": "The location is very convenient. Other than that not up to Hilton standards.\nRooms are tiny. Gold members have no privileges. Somewhat noisy. Got early an they wanted $60 for an early check-in.\nHilton La Defense is a much better value. I will not go back to the Opera location.", "external_links": [], "published": "2017-03-19T02:00:00.000+02:00", "crawled": "2017-03-28T11:17:47.132+03:00", "highlightTitle": ""}