{"organizations": [], "uuid": "c55634452256b29f047ee3752fa2a7bc3bb5950e", "thread": {"social": {"gplus": {"shares": 0}, "pinterest": {"shares": 0}, "vk": {"shares": 0}, "linkedin": {"shares": 0}, "facebook": {"likes": 0, "shares": 0, "comments": 0}, "stumbledupon": {"shares": 0}}, "site_full": "www.tripadvisor.com", "main_image": "https://media-cdn.tripadvisor.com/media/photo-s/0e/43/0e/82/night-exterior.jpg", "site_section": "https://www.tripadvisor.com/Hotel_Review-g60763-d866615-Reviews-or10-Hampton_Inn_Manhattan_SoHo-New_York_City_New_York.html", "section_title": "Hampton Inn Manhattan-SoHo - UPDATED 2017 Hotel Reviews &amp; Price Comparison (New York City) - TripAdvisor", "url": "https://www.tripadvisor.com/ShowUserReviews-g60763-d866615-r465497516-Hampton_Inn_Manhattan_SoHo-New_York_City_New_York.html", "country": "US", "domain_rank": 189, "title": "Claustrophobic, smelly, unfriendly", "performance_score": 0, "site": "tripadvisor.com", "participants_count": 2, "title_full": "Claustrophobic, smelly, unfriendly - Review of Hampton Inn Manhattan-SoHo, New York City, NY - TripAdvisor", "spam_score": 0.0, "site_type": "discussions", "published": "2017-03-08T02:00:00.000+02:00", "replies_count": 1, "uuid": "c55634452256b29f047ee3752fa2a7bc3bb5950e"}, "author": "ilovenyc2017", "url": "https://www.tripadvisor.com/ShowUserReviews-g60763-d866615-r465497516-Hampton_Inn_Manhattan_SoHo-New_York_City_New_York.html", "ord_in_thread": 0, "title": "Claustrophobic, smelly, unfriendly", "locations": [], "entities": {"persons": [], "locations": [], "organizations": []}, "highlightText": "", "language": "english", "persons": [], "text": "On arrival we were made wait while unfriendly receptionist tried to log into her computer. After keeping us waiting 7 mins she advised her colleague would have to do it and when to get her. Exiting the lift to our room, a strong smell of disinfectant greeted us. Our room carpets were thread bare and dirty. Bedding hung from the bed onto same carpet. Room size was tiny for 3 people. Hotel in the middle of building site. When we returned to reception with key and informed receptionist. She did not offer us alternative room, looked at me with blank expression. We left hotel and had to find alternative accommodation.\nRoom Tip: Be sure to read the reviews before you book See more room tips", "external_links": ["https://static.tacdn.com/img2/x.gif"], "published": "2017-03-08T02:00:00.000+02:00", "crawled": "2017-03-30T20:20:02.144+03:00", "highlightTitle": ""}