{"organizations": [], "uuid": "6b9f7316234f7c7ee1e1f8654af60cdb15149d29", "thread": {"social": {"gplus": {"shares": 0}, "pinterest": {"shares": 0}, "vk": {"shares": 0}, "linkedin": {"shares": 0}, "facebook": {"likes": 0, "shares": 0, "comments": 0}, "stumbledupon": {"shares": 0}}, "site_full": "www.tripadvisor.com", "main_image": "https://media-cdn.tripadvisor.com/media/photo-s/05/81/bb/84/premier-inn-london-hammersmith.jpg", "site_section": "https://www.tripadvisor.com/Hotel_Review-g186338-d193027-Reviews-or10-Premier_Inn_London_Hammersmith_Hotel-London_England.html", "section_title": "Premier Inn London Hammersmith Hotel - UPDATED 2017 Reviews &amp; Price Comparison (England) - TripAdvisor", "url": "https://www.tripadvisor.com/ShowUserReviews-g186338-d193027-r465481537-Premier_Inn_London_Hammersmith_Hotel-London_England.html", "country": "US", "domain_rank": 189, "title": "Cold showers, cold room, noisy hotel - Review", "performance_score": 0, "site": "tripadvisor.com", "participants_count": 2, "title_full": "Cold showers, cold room, noisy hotel - Review of Premier Inn London Hammersmith Hotel, London, England - TripAdvisor", "spam_score": 0.0, "site_type": "discussions", "published": "2017-03-07T02:00:00.000+02:00", "replies_count": 1, "uuid": "6b9f7316234f7c7ee1e1f8654af60cdb15149d29"}, "author": "Barry C", "url": "https://www.tripadvisor.com/ShowUserReviews-g186338-d193027-r465481537-Premier_Inn_London_Hammersmith_Hotel-London_England.html", "ord_in_thread": 0, "title": "Cold showers, cold room, noisy hotel - Review", "locations": [], "entities": {"persons": [], "locations": [], "organizations": []}, "highlightText": "", "language": "english", "persons": [], "text": "Really poor experience. Cold showers, no staff to deal with problem, either on the phone or at check out. Broken vending machines. Cold room, constant clattering during the night. A terrible experience overall.", "external_links": [], "published": "2017-03-07T02:00:00.000+02:00", "crawled": "2017-03-31T23:02:24.492+03:00", "highlightTitle": ""}