{"organizations": [], "uuid": "30d8990537d94d00f8f1a16eb40775c9c7fac51d", "thread": {"social": {"gplus": {"shares": 0}, "pinterest": {"shares": 0}, "vk": {"shares": 0}, "linkedin": {"shares": 0}, "facebook": {"likes": 0, "shares": 0, "comments": 0}, "stumbledupon": {"shares": 0}}, "site_full": "www.tripadvisor.com", "main_image": "https://media-cdn.tripadvisor.com/media/photo-s/0d/a0/71/ed/entree.jpg", "site_section": "https://www.tripadvisor.com/Hotel_Review-g187147-d535057-Reviews-Absolute_Hotel-Paris_Ile_de_France.html", "section_title": "Absolute Hotel - UPDATED 2017 Reviews &amp; Price Comparison (Paris, France) - TripAdvisor", "url": "https://www.tripadvisor.com/ShowUserReviews-g187147-d535057-r468715680-Absolute_Hotel-Paris_Ile_de_France.html", "country": "US", "domain_rank": 189, "title": "Elsofany", "performance_score": 0, "site": "tripadvisor.com", "participants_count": 1, "title_full": "Elsofany - Review of Absolute Hotel, Paris, France - TripAdvisor", "spam_score": 0.028, "site_type": "discussions", "published": "2017-03-19T02:00:00.000+02:00", "replies_count": 0, "uuid": "30d8990537d94d00f8f1a16eb40775c9c7fac51d"}, "author": "Elsofany", "url": "https://www.tripadvisor.com/ShowUserReviews-g187147-d535057-r468715680-Absolute_Hotel-Paris_Ile_de_France.html", "ord_in_thread": 0, "title": "Elsofany", "locations": [], "entities": {"persons": [], "locations": [], "organizations": []}, "highlightText": "", "language": "english", "persons": [], "text": "Basic very basic hotel give you clean room to sleep nothing extra but it's ok because that's all we looked for\nIt's in lively street near the city main streets and metro so it's really very well connected to where ever you need to go in Paris", "external_links": ["https://static.tacdn.com/img2/x.gif"], "published": "2017-03-19T02:00:00.000+02:00", "crawled": "2017-03-27T06:09:17.490+03:00", "highlightTitle": ""}