{"organizations": [], "uuid": "9f97af13b30ce1135d417506bc4528541dcc3a15", "thread": {"social": {"gplus": {"shares": 0}, "pinterest": {"shares": 0}, "vk": {"shares": 0}, "linkedin": {"shares": 0}, "facebook": {"likes": 0, "shares": 0, "comments": 0}, "stumbledupon": {"shares": 0}}, "site_full": "www.tripadvisor.com", "main_image": "https://media-cdn.tripadvisor.com/media/photo-s/0b/da/42/67/cristoforo-colombo-hotel.jpg", "site_section": "https://www.tripadvisor.com/Hotel_Review-g187791-d232878-Reviews-Cristoforo_Colombo_Hotel-Rome_Lazio.html", "section_title": "Cristoforo Colombo Hotel - UPDATED 2017 Reviews &amp; Price Comparison (Rome, Italy) - TripAdvisor", "url": "https://www.tripadvisor.com/ShowUserReviews-g187791-d232878-r464307610-Cristoforo_Colombo_Hotel-Rome_Lazio.html", "country": "US", "domain_rank": 189, "title": "Desgusting breakfest", "performance_score": 0, "site": "tripadvisor.com", "participants_count": 2, "title_full": "Desgusting breakfest - Review of Cristoforo Colombo Hotel, Rome, Italy - TripAdvisor", "spam_score": 0.0, "site_type": "discussions", "published": "2017-03-03T02:00:00.000+02:00", "replies_count": 1, "uuid": "9f97af13b30ce1135d417506bc4528541dcc3a15"}, "author": "eduardgabriellazar", "url": "https://www.tripadvisor.com/ShowUserReviews-g187791-d232878-r464307610-Cristoforo_Colombo_Hotel-Rome_Lazio.html", "ord_in_thread": 0, "title": "Desgusting breakfest", "locations": [], "entities": {"persons": [], "locations": [], "organizations": []}, "highlightText": "", "language": "english", "persons": [], "text": "Not a four star hotel, the room was ok, decent, but the staff was very unfriendly, food disgusting, very dirty at the breakfast, very ditry glaces,curtlery dirty, very cheap ingrediends, horible food, the eggs taste was very bad, nothing good to eat. What I hated the most is that in Rome, we had to pay a very big city tax for a hotel of 2 stars in reality not 4!", "external_links": [], "published": "2017-03-03T02:00:00.000+02:00", "crawled": "2017-03-29T22:26:24.343+03:00", "highlightTitle": ""}