{"organizations": [], "uuid": "6de510ce404571fc5860dbff6976a2358ea16776", "thread": {"social": {"gplus": {"shares": 0}, "pinterest": {"shares": 0}, "vk": {"shares": 0}, "linkedin": {"shares": 0}, "facebook": {"likes": 0, "shares": 0, "comments": 0}, "stumbledupon": {"shares": 0}}, "site_full": "www.tripadvisor.com", "main_image": "https://media-cdn.tripadvisor.com/media/photo-s/04/a8/a7/7b/hotel-forte.jpg", "site_section": "https://www.tripadvisor.com/Hotel_Review-g187791-d456488-Reviews-or10-Hotel_Forte-Rome_Lazio.html", "section_title": "Hotel Forte - UPDATED 2016 Reviews &amp; Price Comparison (Rome, Italy) - TripAdvisor", "url": "https://www.tripadvisor.com/ShowUserReviews-g187791-d456488-r408048638-Hotel_Forte-Rome_Lazio.html", "country": "US", "domain_rank": 189, "title": "Avoid this hotel", "performance_score": 0, "site": "tripadvisor.com", "participants_count": 2, "title_full": "Avoid this hotel - Review of Hotel Forte, Rome, Italy - TripAdvisor", "spam_score": 0.0, "site_type": "discussions", "published": "2017-03-07T02:00:00.000+02:00", "replies_count": 1, "uuid": "6de510ce404571fc5860dbff6976a2358ea16776"}, "author": "Charlana R", "url": "https://www.tripadvisor.com/ShowUserReviews-g187791-d456488-r408048638-Hotel_Forte-Rome_Lazio.html", "ord_in_thread": 0, "title": "Avoid this hotel", "locations": [], "entities": {"persons": [], "locations": [], "organizations": []}, "highlightText": "", "language": "english", "persons": [], "text": "The great thing about this hotel is the location, close to piazza spagna and several tourist places. Unfortunately the room is really small, the bathroom is unbelievable so tight.\nBreakfast is simple but ok.\nThe wi-fi didn't work well.\nThere better options in Rome. I don't recommend.", "external_links": [], "published": "2017-03-07T02:00:00.000+02:00", "crawled": "2017-03-29T13:24:49.730+03:00", "highlightTitle": ""}