{"organizations": [], "uuid": "499719fee0558910e03ca54438450486f82071da", "thread": {"social": {"gplus": {"shares": 0}, "pinterest": {"shares": 0}, "vk": {"shares": 0}, "linkedin": {"shares": 0}, "facebook": {"likes": 0, "shares": 0, "comments": 0}, "stumbledupon": {"shares": 0}}, "site_full": "www.tripadvisor.com", "main_image": "https://media-cdn.tripadvisor.com/media/photo-s/0e/c1/0e/04/exterior.jpg", "site_section": "https://www.tripadvisor.com/Hotel_Review-g196560-d259048-Reviews-Apparthotel_Mercure_Paris_Boulogne-Boulogne_Billancourt_Hauts_de_Seine_Ile_de_France.html", "section_title": "Apparthotel Mercure Paris Boulogne - UPDATED 2017 Hotel Reviews &amp; Price Comparison (Boulogne-Billancourt, France) - TripAdvisor", "url": "https://www.tripadvisor.com/ShowUserReviews-g196560-d259048-r465720554-Apparthotel_Mercure_Paris_Boulogne-Boulogne_Billancourt_Hauts_de_Seine_Ile_de_Fra.html", "country": "US", "domain_rank": 189, "title": "Triste - Review", "performance_score": 0, "site": "tripadvisor.com", "participants_count": 1, "title_full": "Triste - Review of Apparthotel Mercure Paris Boulogne, Boulogne-Billancourt, France - TripAdvisor", "spam_score": 0.004, "site_type": "discussions", "published": "2017-03-08T02:00:00.000+02:00", "replies_count": 0, "uuid": "499719fee0558910e03ca54438450486f82071da"}, "author": "Lionel D", "url": "https://www.tripadvisor.com/ShowUserReviews-g196560-d259048-r465720554-Apparthotel_Mercure_Paris_Boulogne-Boulogne_Billancourt_Hauts_de_Seine_Ile_de_Fra.html", "ord_in_thread": 0, "title": "Triste - Review", "locations": [], "entities": {"persons": [], "locations": [], "organizations": []}, "highlightText": "", "language": "english", "persons": [], "text": "Check in: This is the \"hotel\", you reserved at the \"apart-hotel\". OK where do we go? Ha, It is the same desk... Very sad lights in the room, decor 1960 orange, not in bad shape simply very sad as well. Clean but in one of our two rooms, the carpet had so many stains we had to check very closely to realize that it was not made on purpose.\nThe hotel is nicer -Mercure style-, if you do not absolutely need a kitchen (well equipped) avoid the apart-hotel.", "external_links": [], "published": "2017-03-08T02:00:00.000+02:00", "crawled": "2017-03-28T21:53:38.844+03:00", "highlightTitle": ""}