{"organizations": [], "uuid": "f9970bdeb65aa7d4a62467bf82be69f217f3676a", "thread": {"social": {"gplus": {"shares": 0}, "pinterest": {"shares": 0}, "vk": {"shares": 0}, "linkedin": {"shares": 0}, "facebook": {"likes": 0, "shares": 0, "comments": 0}, "stumbledupon": {"shares": 0}}, "site_full": "www.tripadvisor.com", "main_image": "https://media-cdn.tripadvisor.com/media/photo-s/0e/be/29/af/entrance.jpg", "site_section": "https://www.tripadvisor.com/Hotel_Review-g60763-d99368-Reviews-Courtyard_New_York_Manhattan_Times_Square-New_York_City_New_York.html", "section_title": "Courtyard New York Manhattan/Times Square - UPDATED 2017 Hotel Reviews &amp; Price Comparison (New York City) - TripAdvisor", "url": "https://www.tripadvisor.com/ShowUserReviews-g60763-d99368-r466029644-Courtyard_New_York_Manhattan_Times_Square-New_York_City_New_York.html", "country": "US", "domain_rank": 189, "title": "Good location but no freebies", "performance_score": 0, "site": "tripadvisor.com", "participants_count": 2, "title_full": "Good location but no freebies - Review of Courtyard New York Manhattan/Times Square, New York City, NY - TripAdvisor", "spam_score": 0.0, "site_type": "discussions", "published": "2017-03-10T02:00:00.000+02:00", "replies_count": 1, "uuid": "f9970bdeb65aa7d4a62467bf82be69f217f3676a"}, "author": "Trang T", "url": "https://www.tripadvisor.com/ShowUserReviews-g60763-d99368-r466029644-Courtyard_New_York_Manhattan_Times_Square-New_York_City_New_York.html", "ord_in_thread": 0, "title": "Good location but no freebies", "locations": [], "entities": {"persons": [], "locations": [], "organizations": []}, "highlightText": "", "language": "english", "persons": [], "text": "Being an elite Marriott member, this is the first Courtyard I stay that don't provide lobby coffee and free breakfast.\nGranted that they have great location and a little larger room comparing to similar hotels. They should be aware that there are many hotels within couple blocks.\nIt is the wrong hotel to stay for my birthday because it is pricey for the service they provide.", "external_links": [], "published": "2017-03-10T02:00:00.000+02:00", "crawled": "2017-03-29T13:55:29.619+03:00", "highlightTitle": ""}