{"organizations": [], "uuid": "1240384af6398a0faea97eb471a2cd961e734dfb", "thread": {"social": {"gplus": {"shares": 0}, "pinterest": {"shares": 0}, "vk": {"shares": 0}, "linkedin": {"shares": 0}, "facebook": {"likes": 0, "shares": 0, "comments": 0}, "stumbledupon": {"shares": 0}}, "site_full": "www.tripadvisor.com", "main_image": "https://media-cdn.tripadvisor.com/media/photo-s/0b/b9/43/97/the-gallivant-times-square.jpg", "site_section": "https://www.tripadvisor.com/Hotel_Review-g60763-d75711-Reviews-or10-The_Gallivant_Times_Square-New_York_City_New_York.html", "section_title": "The Gallivant Times Square - UPDATED 2017 Hotel Reviews &amp; Price Comparison (New York City) - TripAdvisor", "url": "https://www.tripadvisor.com/ShowUserReviews-g60763-d75711-r464470365-The_Gallivant_Times_Square-New_York_City_New_York.html", "country": "US", "domain_rank": 189, "title": "Don't bother contacting if you leave something there - they will not respond!", "performance_score": 0, "site": "tripadvisor.com", "participants_count": 1, "title_full": "Don't bother contacting if you leave something there - they will not respond! - Review of The Gallivant Times Square, New York City, NY - TripAdvisor", "spam_score": 0.0, "site_type": "discussions", "published": "2017-03-04T02:00:00.000+02:00", "replies_count": 0, "uuid": "1240384af6398a0faea97eb471a2cd961e734dfb"}, "author": "missdd2014", "url": "https://www.tripadvisor.com/ShowUserReviews-g60763-d75711-r464470365-The_Gallivant_Times_Square-New_York_City_New_York.html", "ord_in_thread": 0, "title": "Don't bother contacting if you leave something there - they will not respond!", "locations": [], "entities": {"persons": [], "locations": [], "organizations": []}, "highlightText": "", "language": "english", "persons": [], "text": "I'll start by saying it's a shame for the 1 star because I was prepared to give a detailed review and I even took some pics to share but after returning home and trying to contact them with regard to an item left behind and receiving nothing back, forget it.\nI'm not prepared to review a hotel when they don't have the decency to respond a simple yes or no to a question for an item of sentimental value left behind.\nI have emailed, telephoned (no answer), Twittered & Facebooked them but nothing!\nShocking to me that they can't even be bothered to reply?!\nSo, for crap customer service, you get 1. And that's only because I can't give a zero.", "external_links": [], "published": "2017-03-04T02:00:00.000+02:00", "crawled": "2017-03-30T19:09:29.838+03:00", "highlightTitle": ""}