{"organizations": [], "uuid": "311e70120a6c3eaadb33fe34c18d7e73c8fe3ef6", "thread": {"social": {"gplus": {"shares": 0}, "pinterest": {"shares": 0}, "vk": {"shares": 0}, "linkedin": {"shares": 0}, "facebook": {"likes": 0, "shares": 0, "comments": 0}, "stumbledupon": {"shares": 0}}, "site_full": "www.tripadvisor.com", "main_image": "https://media-cdn.tripadvisor.com/media/photo-s/06/08/1e/bf/hotel-hor.jpg", "site_section": "https://www.tripadvisor.com/Hotel_Review-g187147-d3315563-Reviews-Hotel_Hor-Paris_Ile_de_France.html", "section_title": "Hotel Hor - UPDATED 2017 Reviews &amp; Price Comparison (Paris, France) - TripAdvisor", "url": "https://www.tripadvisor.com/ShowUserReviews-g187147-d3315563-r465457761-Hotel_Hor-Paris_Ile_de_France.html", "country": "US", "domain_rank": 189, "title": "Worst holiday start!", "performance_score": 0, "site": "tripadvisor.com", "participants_count": 1, "title_full": "Worst holiday start! - Review of Hotel Hor, Paris, France - TripAdvisor", "spam_score": 0.015, "site_type": "discussions", "published": "2017-03-07T02:00:00.000+02:00", "replies_count": 0, "uuid": "311e70120a6c3eaadb33fe34c18d7e73c8fe3ef6"}, "author": "JTB_MIB", "url": "https://www.tripadvisor.com/ShowUserReviews-g187147-d3315563-r465457761-Hotel_Hor-Paris_Ile_de_France.html", "ord_in_thread": 0, "title": "Worst holiday start!", "locations": [], "entities": {"persons": [], "locations": [], "organizations": []}, "highlightText": "", "language": "english", "persons": [], "text": "Worst experience of my life. My suitcase got stolen from the lobby and the management was far from helpful. They had cameras but did not want me to know what happened. I am assuming it was an inside job!\nThe whole area near gare du nord is a high crime area. So I would not stay in that area.", "external_links": [], "published": "2017-03-07T02:00:00.000+02:00", "crawled": "2017-03-27T05:23:55.590+03:00", "highlightTitle": ""}